0 verbose cli /data/data/com.termux/files/usr/bin/node /data/data/com.termux/files/usr/bin/npm
1 info using npm@11.17.0
2 info using node@v24.17.0
3 silly config load:file:/data/data/com.termux/files/usr/lib/node_modules/npm/npmrc
4 silly config load:file:/data/data/com.termux/files/home/WhatsApp-nix-bot/.npmrc
5 silly config load:file:/data/data/com.termux/files/home/.npmrc
6 silly config load:file:/data/data/com.termux/files/usr/etc/npmrc
7 verbose title npm install
8 verbose argv "install"
9 verbose logfile logs-max:10 dir:/data/data/com.termux/files/home/.npm/_logs/2026-09-19T00_26_40_372Z-
10 verbose logfile /data/data/com.termux/files/home/.npm/_logs/2026-09-19T00_26_40_372Z-debug-0.log
11 warn Unknown project config "node-linker". This will stop working in the next major version of npm. See `npm help npmrc` for supported config options.
12 silly logfile done cleaning log files
13 silly packumentCache heap:1084227584 maxSize:271056896 maxEntrySize:135528448
14 silly idealTree buildDeps
15 silly fetch manifest @hapi/boom@^10.0.1
16 silly packumentCache full:https://registry.npmjs.org/@hapi%2fboom cache-miss
17 http fetch GET 200 https://registry.npmjs.org/@hapi%2fboom 7047ms (cache miss)
18 silly packumentCache full:https://registry.npmjs.org/@hapi%2fboom set size:undefined disposed:false
19 silly fetch manifest @whiskeysockets/baileys@^7.0.0-rc.9
20 silly packumentCache full:https://registry.npmjs.org/@whiskeysockets%2fbaileys cache-miss
21 http fetch GET 200 https://registry.npmjs.org/@whiskeysockets%2fbaileys 1058ms (cache miss)
22 silly packumentCache full:https://registry.npmjs.org/@whiskeysockets%2fbaileys set size:undefined disposed:false
23 silly fetch manifest audio-decode@^2.1.3
24 silly packumentCache full:https://registry.npmjs.org/audio-decode cache-miss
25 http fetch GET 200 https://registry.npmjs.org/audio-decode 560ms (cache miss)
26 silly packumentCache full:https://registry.npmjs.org/audio-decode set size:undefined disposed:false
27 silly fetch manifest jimp@^1.6.1
28 silly packumentCache full:https://registry.npmjs.org/jimp cache-miss
29 http fetch GET 200 https://registry.npmjs.org/jimp 653ms (cache miss)
30 silly packumentCache full:https://registry.npmjs.org/jimp set size:undefined disposed:false
31 silly fetch manifest link-preview-js@^3.0.0
32 silly packumentCache full:https://registry.npmjs.org/link-preview-js cache-miss
33 http fetch GET 200 https://registry.npmjs.org/link-preview-js 564ms (cache miss)
34 silly packumentCache full:https://registry.npmjs.org/link-preview-js set size:undefined disposed:false
35 silly fetch manifest sharp@*
36 silly packumentCache full:https://registry.npmjs.org/sharp cache-miss
37 http fetch GET 200 https://registry.npmjs.org/sharp 577ms (cache miss)
38 silly packumentCache full:https://registry.npmjs.org/sharp set size:undefined disposed:false
39 silly fetch manifest axios@^1.8.4
40 silly packumentCache full:https://registry.npmjs.org/axios cache-miss
41 http fetch GET 200 https://registry.npmjs.org/axios 673ms (cache miss)
42 silly packumentCache full:https://registry.npmjs.org/axios set size:undefined disposed:false
43 silly fetch manifest better-sqlite3@^11.10.0
44 silly packumentCache full:https://registry.npmjs.org/better-sqlite3 cache-miss
45 http fetch GET 200 https://registry.npmjs.org/better-sqlite3 233ms (cache miss)
46 silly packumentCache full:https://registry.npmjs.org/better-sqlite3 set size:undefined disposed:false
47 silly fetch manifest canvas@^3.1.0
48 silly packumentCache full:https://registry.npmjs.org/canvas cache-miss
49 http fetch GET 200 https://registry.npmjs.org/canvas 198ms (cache miss)
50 silly packumentCache full:https://registry.npmjs.org/canvas set size:undefined disposed:false
51 silly fetch manifest dotenv@^16.4.5
52 silly packumentCache full:https://registry.npmjs.org/dotenv cache-miss
53 http fetch GET 200 https://registry.npmjs.org/dotenv 312ms (cache miss)
54 silly packumentCache full:https://registry.npmjs.org/dotenv set size:undefined disposed:false
55 silly fetch manifest form-data@^4.0.1
56 silly packumentCache full:https://registry.npmjs.org/form-data cache-miss
57 http fetch GET 200 https://registry.npmjs.org/form-data 214ms (cache miss)
58 silly packumentCache full:https://registry.npmjs.org/form-data set size:undefined disposed:false
59 silly fetch manifest fs-extra@^11.2.0
60 silly packumentCache full:https://registry.npmjs.org/fs-extra cache-miss
61 http fetch GET 200 https://registry.npmjs.org/fs-extra 188ms (cache miss)
62 silly packumentCache full:https://registry.npmjs.org/fs-extra set size:undefined disposed:false
63 silly fetch manifest moment-timezone@^0.5.43
64 silly packumentCache full:https://registry.npmjs.org/moment-timezone cache-miss
65 http fetch GET 200 https://registry.npmjs.org/moment-timezone 563ms (cache miss)
66 silly packumentCache full:https://registry.npmjs.org/moment-timezone set size:undefined disposed:false
67 silly fetch manifest pg@^8.16.3
68 silly packumentCache full:https://registry.npmjs.org/pg cache-miss
69 http fetch GET 200 https://registry.npmjs.org/pg 290ms (cache miss)
70 silly packumentCache full:https://registry.npmjs.org/pg set size:undefined disposed:false
71 silly fetch manifest pg-native@>=3.0.1
72 silly packumentCache full:https://registry.npmjs.org/pg-native cache-miss
73 http fetch GET 200 https://registry.npmjs.org/pg-native 192ms (cache miss)
74 silly packumentCache full:https://registry.npmjs.org/pg-native set size:undefined disposed:false
75 silly fetch manifest pino@^8.21.0
76 silly packumentCache full:https://registry.npmjs.org/pino cache-miss
77 http fetch GET 200 https://registry.npmjs.org/pino 598ms (cache miss)
78 silly packumentCache full:https://registry.npmjs.org/pino set size:undefined disposed:false
79 silly fetch manifest qrcode-terminal@^0.12.0
80 silly packumentCache full:https://registry.npmjs.org/qrcode-terminal cache-miss
81 http fetch GET 200 https://registry.npmjs.org/qrcode-terminal 595ms (cache miss)
82 silly packumentCache full:https://registry.npmjs.org/qrcode-terminal set size:undefined disposed:false
83 silly fetch manifest ws@^8.17.1
84 silly packumentCache full:https://registry.npmjs.org/ws cache-miss
85 http fetch GET 200 https://registry.npmjs.org/ws 232ms (cache miss)
86 silly packumentCache full:https://registry.npmjs.org/ws set size:undefined disposed:false
87 silly fetch manifest bufferutil@^4.0.1
88 silly packumentCache full:https://registry.npmjs.org/bufferutil cache-miss
89 http fetch GET 200 https://registry.npmjs.org/bufferutil 153ms (cache miss)
90 silly packumentCache full:https://registry.npmjs.org/bufferutil set size:undefined disposed:false
91 silly fetch manifest utf-8-validate@>=5.0.2
92 silly packumentCache full:https://registry.npmjs.org/utf-8-validate cache-miss
93 http fetch GET 200 https://registry.npmjs.org/utf-8-validate 158ms (cache miss)
94 silly packumentCache full:https://registry.npmjs.org/utf-8-validate set size:undefined disposed:false
95 silly fetch manifest yt-search@^2.12.1
96 silly packumentCache full:https://registry.npmjs.org/yt-search cache-miss
97 http fetch GET 200 https://registry.npmjs.org/yt-search 638ms (cache miss)
98 silly packumentCache full:https://registry.npmjs.org/yt-search set size:undefined disposed:false
99 silly placeDep ROOT @hapi/boom@10.0.1 OK for: Nix-Bot@0.0.1 want: ^10.0.1
100 silly placeDep ROOT @whiskeysockets/baileys@7.0.0-rc14 OK for: Nix-Bot@0.0.1 want: ^7.0.0-rc.9
101 silly placeDep ROOT sharp@0.35.4 OK for: @whiskeysockets/baileys@7.0.0-rc14 want: *
102 silly placeDep ROOT axios@1.20.0 OK for: Nix-Bot@0.0.1 want: ^1.8.4
103 silly placeDep ROOT better-sqlite3@11.10.0 OK for: Nix-Bot@0.0.1 want: ^11.10.0
104 silly placeDep ROOT canvas@3.2.3 OK for: Nix-Bot@0.0.1 want: ^3.1.0
105 silly placeDep ROOT dotenv@16.6.1 OK for: Nix-Bot@0.0.1 want: ^16.4.5
106 silly placeDep ROOT form-data@4.0.6 OK for: Nix-Bot@0.0.1 want: ^4.0.1
107 silly placeDep ROOT fs-extra@11.4.0 OK for: Nix-Bot@0.0.1 want: ^11.2.0
108 silly placeDep ROOT moment-timezone@0.5.48 OK for: Nix-Bot@0.0.1 want: ^0.5.43
109 silly placeDep ROOT pg@8.23.0 OK for: Nix-Bot@0.0.1 want: ^8.16.3
110 silly placeDep ROOT pino@8.21.0 OK for: Nix-Bot@0.0.1 want: ^8.21.0
111 silly placeDep ROOT qrcode-terminal@0.12.0 OK for: Nix-Bot@0.0.1 want: ^0.12.0
112 silly placeDep ROOT ws@8.21.3 OK for: Nix-Bot@0.0.1 want: ^8.17.1
113 silly placeDep ROOT yt-search@2.13.1 OK for: Nix-Bot@0.0.1 want: ^2.12.1
114 silly fetch manifest @hapi/hoek@^11.0.2
115 silly packumentCache full:https://registry.npmjs.org/@hapi%2fhoek cache-miss
116 silly fetch manifest ws@^8.13.0
117 silly packumentCache full:https://registry.npmjs.org/ws cache-miss
118 silly fetch manifest pino@^9.6
119 silly packumentCache full:https://registry.npmjs.org/pino cache-miss
120 silly fetch manifest p-queue@^9.0.0
121 silly packumentCache full:https://registry.npmjs.org/p-queue cache-miss
122 silly fetch manifest libsignal@^6.0.0
123 silly packumentCache full:https://registry.npmjs.org/libsignal cache-miss
124 silly fetch manifest lru-cache@^11.1.0
125 silly packumentCache full:https://registry.npmjs.org/lru-cache cache-miss
126 silly fetch manifest @hapi/boom@^9.1.3
127 silly packumentCache full:https://registry.npmjs.org/@hapi%2fboom cache-miss
128 http cache https://registry.npmjs.org/ws 80ms (cache hit)
129 silly packumentCache full:https://registry.npmjs.org/ws set size:447661 disposed:false
130 silly fetch manifest protobufjs@^7.5.6
131 silly packumentCache full:https://registry.npmjs.org/protobufjs cache-miss
132 http cache https://registry.npmjs.org/@hapi%2fboom 107ms (cache hit)
133 silly packumentCache full:https://registry.npmjs.org/@hapi%2fboom set size:56775 disposed:false
134 silly fetch manifest async-mutex@^0.5.0
135 silly packumentCache full:https://registry.npmjs.org/async-mutex cache-miss
136 http cache https://registry.npmjs.org/pino 131ms (cache hit)
137 silly packumentCache full:https://registry.npmjs.org/pino set size:1274398 disposed:false
138 silly fetch manifest music-metadata@^11.12.3
139 silly packumentCache full:https://registry.npmjs.org/music-metadata cache-miss
140 http fetch GET 200 https://registry.npmjs.org/protobufjs 701ms (cache miss)
141 silly packumentCache full:https://registry.npmjs.org/protobufjs set size:undefined disposed:false
142 silly fetch manifest whatsapp-rust-bridge@0.5.4
143 silly packumentCache full:https://registry.npmjs.org/whatsapp-rust-bridge cache-miss
144 http fetch GET 200 https://registry.npmjs.org/libsignal 991ms (cache miss)
145 silly packumentCache full:https://registry.npmjs.org/libsignal set size:undefined disposed:false
146 silly fetch manifest @cacheable/node-cache@^1.4.0
147 silly packumentCache full:https://registry.npmjs.org/@cacheable%2fnode-cache cache-miss
148 http fetch GET 200 https://registry.npmjs.org/@hapi%2fhoek 1005ms (cache miss)
149 silly packumentCache full:https://registry.npmjs.org/@hapi%2fhoek set size:undefined disposed:false
150 silly fetch manifest semver@^7.8.5
151 silly packumentCache full:https://registry.npmjs.org/semver cache-miss
152 http fetch GET 200 https://registry.npmjs.org/p-queue 1056ms (cache miss)
153 silly packumentCache full:https://registry.npmjs.org/p-queue set size:undefined disposed:false
154 silly fetch manifest @img/colour@^1.1.0
155 silly packumentCache full:https://registry.npmjs.org/@img%2fcolour cache-miss
156 http fetch GET 200 https://registry.npmjs.org/async-mutex 967ms (cache miss)
157 silly packumentCache full:https://registry.npmjs.org/async-mutex set size:undefined disposed:false
158 silly fetch manifest detect-libc@^2.1.2
159 silly packumentCache full:https://registry.npmjs.org/detect-libc cache-miss
160 http fetch GET 200 https://registry.npmjs.org/lru-cache 1120ms (cache miss)
161 silly packumentCache full:https://registry.npmjs.org/lru-cache set size:undefined disposed:false
162 silly fetch manifest @img/sharp-linux-arm@0.35.4
163 silly packumentCache full:https://registry.npmjs.org/@img%2fsharp-linux-arm cache-miss
164 http fetch GET 200 https://registry.npmjs.org/semver 189ms (cache miss)
165 silly packumentCache full:https://registry.npmjs.org/semver set size:undefined disposed:false
166 silly fetch manifest @img/sharp-linux-x64@0.35.4
167 silly packumentCache full:https://registry.npmjs.org/@img%2fsharp-linux-x64 cache-miss
168 http fetch GET 200 https://registry.npmjs.org/detect-libc 158ms (cache miss)
169 silly packumentCache full:https://registry.npmjs.org/detect-libc set size:undefined disposed:false
170 silly fetch manifest @img/sharp-win32-x64@0.35.4
171 silly packumentCache full:https://registry.npmjs.org/@img%2fsharp-win32-x64 cache-miss
172 http fetch GET 200 https://registry.npmjs.org/whatsapp-rust-bridge 471ms (cache miss)
173 silly packumentCache full:https://registry.npmjs.org/whatsapp-rust-bridge set size:undefined disposed:false
174 silly fetch manifest @img/sharp-darwin-x64@0.35.4
175 silly packumentCache full:https://registry.npmjs.org/@img%2fsharp-darwin-x64 cache-miss
176 http fetch GET 200 https://registry.npmjs.org/music-metadata 1166ms (cache miss)
177 silly packumentCache full:https://registry.npmjs.org/music-metadata set size:undefined disposed:false
178 silly fetch manifest @img/sharp-win32-ia32@0.35.4
179 silly packumentCache full:https://registry.npmjs.org/@img%2fsharp-win32-ia32 cache-miss
180 http fetch GET 200 https://registry.npmjs.org/@img%2fsharp-win32-x64 643ms (cache miss)
181 silly packumentCache full:https://registry.npmjs.org/@img%2fsharp-win32-x64 set size:undefined disposed:false
182 silly fetch manifest @img/sharp-linux-arm64@0.35.4
183 silly packumentCache full:https://registry.npmjs.org/@img%2fsharp-linux-arm64 cache-miss
184 http fetch GET 200 https://registry.npmjs.org/@cacheable%2fnode-cache 938ms (cache miss)
185 silly packumentCache full:https://registry.npmjs.org/@cacheable%2fnode-cache set size:undefined disposed:false
186 silly fetch manifest @img/sharp-linux-ppc64@0.35.4
187 silly packumentCache full:https://registry.npmjs.org/@img%2fsharp-linux-ppc64 cache-miss
188 http fetch GET 200 https://registry.npmjs.org/@img%2fcolour 896ms (cache miss)
189 silly packumentCache full:https://registry.npmjs.org/@img%2fcolour set size:undefined disposed:false
190 silly fetch manifest @img/sharp-linux-s390x@0.35.4
191 silly packumentCache full:https://registry.npmjs.org/@img%2fsharp-linux-s390x cache-miss
192 http fetch GET 200 https://registry.npmjs.org/@img%2fsharp-win32-ia32 655ms (cache miss)
193 silly packumentCache full:https://registry.npmjs.org/@img%2fsharp-win32-ia32 set size:undefined disposed:false
194 silly fetch manifest @img/sharp-win32-arm64@0.35.4
195 silly packumentCache full:https://registry.npmjs.org/@img%2fsharp-win32-arm64 cache-miss
196 http fetch GET 200 https://registry.npmjs.org/@img%2fsharp-linux-arm 950ms (cache miss)
197 silly packumentCache full:https://registry.npmjs.org/@img%2fsharp-linux-arm set size:undefined disposed:false
198 silly fetch manifest @img/sharp-darwin-arm64@0.35.4
199 silly packumentCache full:https://registry.npmjs.org/@img%2fsharp-darwin-arm64 cache-miss
200 http fetch GET 200 https://registry.npmjs.org/@img%2fsharp-linux-x64 957ms (cache miss)
201 silly packumentCache full:https://registry.npmjs.org/@img%2fsharp-linux-x64 set size:undefined disposed:false
202 silly fetch manifest @img/sharp-linux-riscv64@0.35.4
203 silly packumentCache full:https://registry.npmjs.org/@img%2fsharp-linux-riscv64 cache-miss
204 http fetch GET 200 https://registry.npmjs.org/@img%2fsharp-darwin-x64 1110ms (cache miss)
205 silly packumentCache full:https://registry.npmjs.org/@img%2fsharp-darwin-x64 set size:undefined disposed:false
206 silly fetch manifest @img/sharp-linuxmusl-x64@0.35.4
207 silly packumentCache full:https://registry.npmjs.org/@img%2fsharp-linuxmusl-x64 cache-miss
208 http fetch GET 200 https://registry.npmjs.org/@img%2fsharp-linux-arm64 661ms (cache miss)
209 silly packumentCache full:https://registry.npmjs.org/@img%2fsharp-linux-arm64 set size:undefined disposed:false
210 silly fetch manifest @img/sharp-freebsd-wasm32@0.35.4
211 silly packumentCache full:https://registry.npmjs.org/@img%2fsharp-freebsd-wasm32 cache-miss
212 http fetch GET 200 https://registry.npmjs.org/@img%2fsharp-linux-ppc64 712ms (cache miss)
213 silly packumentCache full:https://registry.npmjs.org/@img%2fsharp-linux-ppc64 set size:undefined disposed:false
214 silly fetch manifest @img/sharp-linuxmusl-arm64@0.35.4
215 silly packumentCache full:https://registry.npmjs.org/@img%2fsharp-linuxmusl-arm64 cache-miss
216 http fetch GET 200 https://registry.npmjs.org/@img%2fsharp-darwin-arm64 621ms (cache miss)
217 silly packumentCache full:https://registry.npmjs.org/@img%2fsharp-darwin-arm64 set size:undefined disposed:false
218 silly fetch manifest @img/sharp-libvips-linux-arm@1.3.3
219 silly packumentCache full:https://registry.npmjs.org/@img%2fsharp-libvips-linux-arm cache-miss
220 http fetch GET 200 https://registry.npmjs.org/@img%2fsharp-linux-s390x 975ms (cache miss)
221 silly packumentCache full:https://registry.npmjs.org/@img%2fsharp-linux-s390x set size:undefined disposed:false
222 silly fetch manifest @img/sharp-libvips-linux-x64@1.3.3
223 silly packumentCache full:https://registry.npmjs.org/@img%2fsharp-libvips-linux-x64 cache-miss
224 http fetch GET 200 https://registry.npmjs.org/@img%2fsharp-linux-riscv64 890ms (cache miss)
225 silly packumentCache full:https://registry.npmjs.org/@img%2fsharp-linux-riscv64 set size:undefined disposed:false
226 silly fetch manifest @img/sharp-libvips-darwin-x64@1.3.3
227 silly packumentCache full:https://registry.npmjs.org/@img%2fsharp-libvips-darwin-x64 cache-miss
228 http fetch GET 200 https://registry.npmjs.org/@img%2fsharp-win32-arm64 1077ms (cache miss)
229 silly packumentCache full:https://registry.npmjs.org/@img%2fsharp-win32-arm64 set size:undefined disposed:false
230 silly fetch manifest @img/sharp-libvips-linux-arm64@1.3.3
231 silly packumentCache full:https://registry.npmjs.org/@img%2fsharp-libvips-linux-arm64 cache-miss
232 http fetch GET 200 https://registry.npmjs.org/@img%2fsharp-libvips-linux-arm 683ms (cache miss)
233 silly packumentCache full:https://registry.npmjs.org/@img%2fsharp-libvips-linux-arm set size:undefined disposed:false
234 silly fetch manifest @img/sharp-libvips-linux-ppc64@1.3.3
235 silly packumentCache full:https://registry.npmjs.org/@img%2fsharp-libvips-linux-ppc64 cache-miss
236 http fetch GET 200 https://registry.npmjs.org/@img%2fsharp-linuxmusl-x64 980ms (cache miss)
237 silly packumentCache full:https://registry.npmjs.org/@img%2fsharp-linuxmusl-x64 set size:undefined disposed:false
238 silly fetch manifest @img/sharp-libvips-linux-s390x@1.3.3
239 silly packumentCache full:https://registry.npmjs.org/@img%2fsharp-libvips-linux-s390x cache-miss
240 http fetch GET 200 https://registry.npmjs.org/@img%2fsharp-linuxmusl-arm64 774ms (cache miss)
241 silly packumentCache full:https://registry.npmjs.org/@img%2fsharp-linuxmusl-arm64 set size:undefined disposed:false
242 silly fetch manifest @img/sharp-libvips-darwin-arm64@1.3.3
243 silly packumentCache full:https://registry.npmjs.org/@img%2fsharp-libvips-darwin-arm64 cache-miss
244 http fetch GET 200 https://registry.npmjs.org/@img%2fsharp-freebsd-wasm32 1029ms (cache miss)
245 silly packumentCache full:https://registry.npmjs.org/@img%2fsharp-freebsd-wasm32 set size:undefined disposed:false
246 silly fetch manifest @img/sharp-webcontainers-wasm32@0.35.4
247 silly packumentCache full:https://registry.npmjs.org/@img%2fsharp-webcontainers-wasm32 cache-miss
248 http fetch GET 200 https://registry.npmjs.org/@img%2fsharp-libvips-darwin-x64 637ms (cache miss)
249 silly packumentCache full:https://registry.npmjs.org/@img%2fsharp-libvips-darwin-x64 set size:undefined disposed:false
250 silly fetch manifest @img/sharp-libvips-linux-riscv64@1.3.3
251 silly packumentCache full:https://registry.npmjs.org/@img%2fsharp-libvips-linux-riscv64 cache-miss
252 http fetch GET 200 https://registry.npmjs.org/@img%2fsharp-libvips-linux-arm64 631ms (cache miss)
253 silly packumentCache full:https://registry.npmjs.org/@img%2fsharp-libvips-linux-arm64 set size:undefined disposed:false
254 silly fetch manifest @img/sharp-libvips-linuxmusl-x64@1.3.3
255 silly packumentCache full:https://registry.npmjs.org/@img%2fsharp-libvips-linuxmusl-x64 cache-miss
256 http fetch GET 200 https://registry.npmjs.org/@img%2fsharp-libvips-linux-x64 931ms (cache miss)
257 silly packumentCache full:https://registry.npmjs.org/@img%2fsharp-libvips-linux-x64 set size:undefined disposed:false
258 silly fetch manifest @img/sharp-libvips-linuxmusl-arm64@1.3.3
259 silly packumentCache full:https://registry.npmjs.org/@img%2fsharp-libvips-linuxmusl-arm64 cache-miss
260 http fetch GET 200 https://registry.npmjs.org/@img%2fsharp-libvips-darwin-arm64 633ms (cache miss)
261 silly packumentCache full:https://registry.npmjs.org/@img%2fsharp-libvips-darwin-arm64 set size:undefined disposed:false
262 silly fetch manifest form-data@^4.0.6
263 silly packumentCache full:https://registry.npmjs.org/form-data cache-miss
264 http fetch GET 200 https://registry.npmjs.org/@img%2fsharp-libvips-linux-ppc64 668ms (cache miss)
265 silly packumentCache full:https://registry.npmjs.org/@img%2fsharp-libvips-linux-ppc64 set size:undefined disposed:false
266 silly fetch manifest proxy-from-env@^2.1.0
267 silly packumentCache full:https://registry.npmjs.org/proxy-from-env cache-miss
268 http fetch GET 200 https://registry.npmjs.org/@img%2fsharp-libvips-linuxmusl-arm64 202ms (cache miss)
269 silly packumentCache full:https://registry.npmjs.org/@img%2fsharp-libvips-linuxmusl-arm64 set size:undefined disposed:false
270 silly fetch manifest follow-redirects@^1.16.0
271 silly packumentCache full:https://registry.npmjs.org/follow-redirects cache-miss
272 http cache https://registry.npmjs.org/form-data 54ms (cache hit)
273 silly packumentCache full:https://registry.npmjs.org/form-data set size:153174 disposed:false
274 silly fetch manifest https-proxy-agent@^5.0.1
275 silly packumentCache full:https://registry.npmjs.org/https-proxy-agent cache-miss
276 http fetch GET 200 https://registry.npmjs.org/follow-redirects 196ms (cache miss)
277 silly packumentCache full:https://registry.npmjs.org/follow-redirects set size:undefined disposed:false
278 silly fetch manifest bindings@^1.5.0
279 silly packumentCache full:https://registry.npmjs.org/bindings cache-miss
280 http fetch GET 200 https://registry.npmjs.org/@img%2fsharp-libvips-linux-s390x 966ms (cache miss)
281 silly packumentCache full:https://registry.npmjs.org/@img%2fsharp-libvips-linux-s390x set size:undefined disposed:false
282 silly fetch manifest prebuild-install@^7.1.1
283 silly packumentCache full:https://registry.npmjs.org/prebuild-install cache-miss
284 http fetch GET 200 https://registry.npmjs.org/@img%2fsharp-libvips-linux-riscv64 680ms (cache miss)
285 silly packumentCache full:https://registry.npmjs.org/@img%2fsharp-libvips-linux-riscv64 set size:undefined disposed:false
286 silly fetch manifest node-addon-api@^7.0.0
287 silly packumentCache full:https://registry.npmjs.org/node-addon-api cache-miss
288 http fetch GET 200 https://registry.npmjs.org/https-proxy-agent 283ms (cache miss)
289 silly packumentCache full:https://registry.npmjs.org/https-proxy-agent set size:undefined disposed:false
290 silly fetch manifest prebuild-install@^7.1.3
291 silly packumentCache full:https://registry.npmjs.org/prebuild-install cache-miss
292 http fetch GET 200 https://registry.npmjs.org/proxy-from-env 457ms (cache miss)
293 silly packumentCache full:https://registry.npmjs.org/proxy-from-env set size:undefined disposed:false
294 silly fetch manifest hasown@^2.0.4
295 silly packumentCache full:https://registry.npmjs.org/hasown cache-miss
296 http fetch GET 200 https://registry.npmjs.org/bindings 224ms (cache miss)
297 silly packumentCache full:https://registry.npmjs.org/bindings set size:undefined disposed:false
298 silly fetch manifest asynckit@^0.4.0
299 silly packumentCache full:https://registry.npmjs.org/asynckit cache-miss
300 http fetch GET 200 https://registry.npmjs.org/@img%2fsharp-libvips-linuxmusl-x64 933ms (cache miss)
301 silly packumentCache full:https://registry.npmjs.org/@img%2fsharp-libvips-linuxmusl-x64 set size:undefined disposed:false
302 silly fetch manifest mime-types@^2.1.35
303 silly packumentCache full:https://registry.npmjs.org/mime-types cache-miss
304 http fetch GET 200 https://registry.npmjs.org/hasown 150ms (cache miss)
305 silly packumentCache full:https://registry.npmjs.org/hasown set size:undefined disposed:false
306 silly fetch manifest combined-stream@^1.0.8
307 silly packumentCache full:https://registry.npmjs.org/combined-stream cache-miss
308 http fetch GET 200 https://registry.npmjs.org/node-addon-api 335ms (cache miss)
309 silly packumentCache full:https://registry.npmjs.org/node-addon-api set size:undefined disposed:false
310 silly fetch manifest es-set-tostringtag@^2.1.0
311 silly packumentCache full:https://registry.npmjs.org/es-set-tostringtag cache-miss
312 http fetch GET 200 https://registry.npmjs.org/@img%2fsharp-webcontainers-wasm32 1220ms (cache miss)
313 silly packumentCache full:https://registry.npmjs.org/@img%2fsharp-webcontainers-wasm32 set size:undefined disposed:false
314 silly fetch manifest graceful-fs@^4.2.0
315 silly packumentCache full:https://registry.npmjs.org/graceful-fs cache-miss
316 http fetch GET 200 https://registry.npmjs.org/es-set-tostringtag 143ms (cache miss)
317 silly packumentCache full:https://registry.npmjs.org/es-set-tostringtag set size:undefined disposed:false
318 silly fetch manifest jsonfile@^6.0.1
319 silly packumentCache full:https://registry.npmjs.org/jsonfile cache-miss
320 http fetch GET 200 https://registry.npmjs.org/prebuild-install 521ms (cache miss)
321 silly packumentCache full:https://registry.npmjs.org/prebuild-install set size:undefined disposed:false
322 silly fetch manifest universalify@^2.0.0
323 silly packumentCache full:https://registry.npmjs.org/universalify cache-miss
324 http fetch GET 200 https://registry.npmjs.org/prebuild-install 489ms (cache miss)
325 silly packumentCache full:https://registry.npmjs.org/prebuild-install set size:undefined disposed:false
326 silly fetch manifest moment@^2.29.4
327 silly packumentCache full:https://registry.npmjs.org/moment cache-miss
328 http fetch GET 200 https://registry.npmjs.org/asynckit 455ms (cache miss)
329 silly packumentCache full:https://registry.npmjs.org/asynckit set size:undefined disposed:false
330 silly fetch manifest pgpass@1.0.5
331 silly packumentCache full:https://registry.npmjs.org/pgpass cache-miss
332 http fetch GET 200 https://registry.npmjs.org/graceful-fs 186ms (cache miss)
333 silly packumentCache full:https://registry.npmjs.org/graceful-fs set size:undefined disposed:false
334 silly fetch manifest pg-pool@^3.14.0
335 silly packumentCache full:https://registry.npmjs.org/pg-pool cache-miss
336 http fetch GET 200 https://registry.npmjs.org/jsonfile 165ms (cache miss)
337 silly packumentCache full:https://registry.npmjs.org/jsonfile set size:undefined disposed:false
338 silly fetch manifest pg-types@2.2.0
339 silly packumentCache full:https://registry.npmjs.org/pg-types cache-miss
340 http fetch GET 200 https://registry.npmjs.org/universalify 159ms (cache miss)
341 silly packumentCache full:https://registry.npmjs.org/universalify set size:undefined disposed:false
342 silly fetch manifest pg-protocol@^1.16.0
343 silly packumentCache full:https://registry.npmjs.org/pg-protocol cache-miss
344 http fetch GET 200 https://registry.npmjs.org/pgpass 257ms (cache miss)
345 silly packumentCache full:https://registry.npmjs.org/pgpass set size:undefined disposed:false
346 silly fetch manifest pg-connection-string@^2.14.0
347 silly packumentCache full:https://registry.npmjs.org/pg-connection-string cache-miss
348 http fetch GET 200 https://registry.npmjs.org/combined-stream 585ms (cache miss)
349 silly packumentCache full:https://registry.npmjs.org/combined-stream set size:undefined disposed:false
350 silly fetch manifest pg-cloudflare@^1.4.0
351 silly packumentCache full:https://registry.npmjs.org/pg-cloudflare cache-miss
352 http fetch GET 200 https://registry.npmjs.org/pg-types 220ms (cache miss)
353 silly packumentCache full:https://registry.npmjs.org/pg-types set size:undefined disposed:false
354 silly fetch manifest sonic-boom@^3.7.0
355 silly packumentCache full:https://registry.npmjs.org/sonic-boom cache-miss
356 http fetch GET 200 https://registry.npmjs.org/mime-types 614ms (cache miss)
357 silly packumentCache full:https://registry.npmjs.org/mime-types set size:undefined disposed:false
358 silly fetch manifest fast-redact@^3.1.1
359 silly packumentCache full:https://registry.npmjs.org/fast-redact cache-miss
360 http fetch GET 200 https://registry.npmjs.org/pg-protocol 234ms (cache miss)
361 silly packumentCache full:https://registry.npmjs.org/pg-protocol set size:undefined disposed:false
362 silly fetch manifest atomic-sleep@^1.0.0
363 silly packumentCache full:https://registry.npmjs.org/atomic-sleep cache-miss
364 http fetch GET 200 https://registry.npmjs.org/pg-pool 289ms (cache miss)
365 silly packumentCache full:https://registry.npmjs.org/pg-pool set size:undefined disposed:false
366 silly fetch manifest real-require@^0.2.0
367 silly packumentCache full:https://registry.npmjs.org/real-require cache-miss
368 http fetch GET 200 https://registry.npmjs.org/pg-connection-string 234ms (cache miss)
369 silly packumentCache full:https://registry.npmjs.org/pg-connection-string set size:undefined disposed:false
370 silly fetch manifest thread-stream@^2.6.0
371 silly packumentCache full:https://registry.npmjs.org/thread-stream cache-miss
372 http fetch GET 200 https://registry.npmjs.org/moment 608ms (cache miss)
373 silly packumentCache full:https://registry.npmjs.org/moment set size:undefined disposed:false
374 silly fetch manifest process-warning@^3.0.0
375 silly packumentCache full:https://registry.npmjs.org/process-warning cache-miss
376 http fetch GET 200 https://registry.npmjs.org/process-warning 149ms (cache miss)
377 silly packumentCache full:https://registry.npmjs.org/process-warning set size:undefined disposed:false
378 silly fetch manifest on-exit-leak-free@^2.1.0
379 silly packumentCache full:https://registry.npmjs.org/on-exit-leak-free cache-miss
380 http fetch GET 200 https://registry.npmjs.org/pg-cloudflare 480ms (cache miss)
381 silly packumentCache full:https://registry.npmjs.org/pg-cloudflare set size:undefined disposed:false
382 silly fetch manifest pino-std-serializers@^6.0.0
383 silly packumentCache full:https://registry.npmjs.org/pino-std-serializers cache-miss
384 http fetch GET 200 https://registry.npmjs.org/atomic-sleep 457ms (cache miss)
385 silly packumentCache full:https://registry.npmjs.org/atomic-sleep set size:undefined disposed:false
386 silly fetch manifest safe-stable-stringify@^2.3.1
387 silly packumentCache full:https://registry.npmjs.org/safe-stable-stringify cache-miss
388 http fetch GET 200 https://registry.npmjs.org/fast-redact 479ms (cache miss)
389 silly packumentCache full:https://registry.npmjs.org/fast-redact set size:undefined disposed:false
390 silly fetch manifest quick-format-unescaped@^4.0.3
391 silly packumentCache full:https://registry.npmjs.org/quick-format-unescaped cache-miss
392 http fetch GET 200 https://registry.npmjs.org/sonic-boom 509ms (cache miss)
393 silly packumentCache full:https://registry.npmjs.org/sonic-boom set size:undefined disposed:false
394 silly fetch manifest pino-abstract-transport@^1.2.0
395 silly packumentCache full:https://registry.npmjs.org/pino-abstract-transport cache-miss
396 http fetch GET 200 https://registry.npmjs.org/real-require 481ms (cache miss)
397 silly packumentCache full:https://registry.npmjs.org/real-require set size:undefined disposed:false
398 silly fetch manifest async.parallellimit@~0.5.2
399 silly packumentCache full:https://registry.npmjs.org/async.parallellimit cache-miss
400 http fetch GET 200 https://registry.npmjs.org/on-exit-leak-free 180ms (cache miss)
401 silly packumentCache full:https://registry.npmjs.org/on-exit-leak-free set size:undefined disposed:false
402 silly fetch manifest cheerio@^1.0.0-rc.10
403 silly packumentCache full:https://registry.npmjs.org/cheerio cache-miss
404 http fetch GET 200 https://registry.npmjs.org/thread-stream 452ms (cache miss)
405 silly packumentCache full:https://registry.npmjs.org/thread-stream set size:undefined disposed:false
406 silly fetch manifest dasu@~0.4.3
407 silly packumentCache full:https://registry.npmjs.org/dasu cache-miss
408 http fetch GET 200 https://registry.npmjs.org/safe-stable-stringify 505ms (cache miss)
409 silly packumentCache full:https://registry.npmjs.org/safe-stable-stringify set size:undefined disposed:false
410 silly fetch manifest boolstring@~2.0.1
411 silly packumentCache full:https://registry.npmjs.org/boolstring cache-miss
412 http fetch GET 200 https://registry.npmjs.org/async.parallellimit 496ms (cache miss)
413 silly packumentCache full:https://registry.npmjs.org/async.parallellimit set size:undefined disposed:false
414 silly fetch manifest human-time@0.0.2
415 silly packumentCache full:https://registry.npmjs.org/human-time cache-miss
416 http fetch GET 200 https://registry.npmjs.org/pino-abstract-transport 508ms (cache miss)
417 silly packumentCache full:https://registry.npmjs.org/pino-abstract-transport set size:undefined disposed:false
418 silly fetch manifest jsonpath-plus@~10.3.0
419 silly packumentCache full:https://registry.npmjs.org/jsonpath-plus cache-miss
420 http fetch GET 200 https://registry.npmjs.org/pino-std-serializers 562ms (cache miss)
421 silly packumentCache full:https://registry.npmjs.org/pino-std-serializers set size:undefined disposed:false
422 silly fetch manifest minimist@~1.2.5
423 silly packumentCache full:https://registry.npmjs.org/minimist cache-miss
424 http fetch GET 200 https://registry.npmjs.org/quick-format-unescaped 549ms (cache miss)
425 silly packumentCache full:https://registry.npmjs.org/quick-format-unescaped set size:undefined disposed:false
426 silly fetch manifest node-fzf@~0.14.0
427 silly packumentCache full:https://registry.npmjs.org/node-fzf cache-miss
428 http fetch GET 200 https://registry.npmjs.org/dasu 482ms (cache miss)
429 silly packumentCache full:https://registry.npmjs.org/dasu set size:undefined disposed:false
430 http fetch GET 200 https://registry.npmjs.org/cheerio 580ms (cache miss)
431 silly packumentCache full:https://registry.npmjs.org/cheerio set size:undefined disposed:false
432 http fetch GET 200 https://registry.npmjs.org/minimist 370ms (cache miss)
433 silly packumentCache full:https://registry.npmjs.org/minimist set size:undefined disposed:false
434 http fetch GET 200 https://registry.npmjs.org/boolstring 553ms (cache miss)
435 silly packumentCache full:https://registry.npmjs.org/boolstring set size:undefined disposed:false
436 http fetch GET 200 https://registry.npmjs.org/human-time 557ms (cache miss)
437 silly packumentCache full:https://registry.npmjs.org/human-time set size:undefined disposed:false
438 http fetch GET 200 https://registry.npmjs.org/node-fzf 555ms (cache miss)
439 silly packumentCache full:https://registry.npmjs.org/node-fzf set size:undefined disposed:false
440 http fetch GET 200 https://registry.npmjs.org/jsonpath-plus 591ms (cache miss)
441 silly packumentCache full:https://registry.npmjs.org/jsonpath-plus set size:undefined disposed:false
442 silly placeDep ROOT @hapi/hoek@11.0.7 OK for: @hapi/boom@10.0.1 want: ^11.0.2
443 silly placeDep ROOT @cacheable/node-cache@1.7.6 OK for: @whiskeysockets/baileys@7.0.0-rc14 want: ^1.4.0
444 silly placeDep node_modules/@whiskeysockets/baileys @hapi/boom@9.1.4 OK for: @whiskeysockets/baileys@7.0.0-rc14 want: ^9.1.3
445 silly placeDep ROOT async-mutex@0.5.0 OK for: @whiskeysockets/baileys@7.0.0-rc14 want: ^0.5.0
446 silly placeDep ROOT libsignal@6.0.0 OK for: @whiskeysockets/baileys@7.0.0-rc14 want: ^6.0.0
447 silly placeDep ROOT lru-cache@11.5.3 OK for: @whiskeysockets/baileys@7.0.0-rc14 want: ^11.1.0
448 silly placeDep ROOT music-metadata@11.15.0 OK for: @whiskeysockets/baileys@7.0.0-rc14 want: ^11.12.3
449 silly placeDep ROOT p-queue@9.3.3 OK for: @whiskeysockets/baileys@7.0.0-rc14 want: ^9.0.0
450 silly placeDep node_modules/@whiskeysockets/baileys pino@9.14.0 OK for: @whiskeysockets/baileys@7.0.0-rc14 want: ^9.6
451 silly placeDep ROOT protobufjs@7.6.6 OK for: @whiskeysockets/baileys@7.0.0-rc14 want: ^7.5.6
452 silly placeDep ROOT whatsapp-rust-bridge@0.5.4 OK for: @whiskeysockets/baileys@7.0.0-rc14 want: 0.5.4
453 silly fetch manifest keyv@^5.5.5
454 silly packumentCache full:https://registry.npmjs.org/keyv cache-miss
455 silly fetch manifest cacheable@^2.3.1
456 silly packumentCache full:https://registry.npmjs.org/cacheable cache-miss
457 silly fetch manifest hookified@^1.14.0
458 silly packumentCache full:https://registry.npmjs.org/hookified cache-miss
459 silly fetch manifest @hapi/hoek@9.x.x
460 silly packumentCache full:https://registry.npmjs.org/@hapi%2fhoek cache-miss
461 silly fetch manifest tslib@^2.4.0
462 silly packumentCache full:https://registry.npmjs.org/tslib cache-miss
463 silly fetch manifest protobufjs@^7.5.5
464 silly packumentCache full:https://registry.npmjs.org/protobufjs cache-miss
465 silly fetch manifest curve25519-js@^0.0.4
466 silly packumentCache full:https://registry.npmjs.org/curve25519-js cache-miss
467 http cache https://registry.npmjs.org/@hapi%2fhoek 41ms (cache hit)
468 silly packumentCache full:https://registry.npmjs.org/@hapi%2fhoek set size:122440 disposed:false
469 silly fetch manifest debug@^4.4.3
470 silly packumentCache full:https://registry.npmjs.org/debug cache-miss
471 http cache https://registry.npmjs.org/protobufjs 52ms (cache hit)
472 silly packumentCache full:https://registry.npmjs.org/protobufjs set size:760935 disposed:false
473 silly fetch manifest strtok3@^10.3.5
474 silly packumentCache full:https://registry.npmjs.org/strtok3 cache-miss
475 http fetch GET 200 https://registry.npmjs.org/tslib 435ms (cache miss)
476 silly packumentCache full:https://registry.npmjs.org/tslib set size:undefined disposed:false
477 silly fetch manifest win-guid@^0.2.1
478 silly packumentCache full:https://registry.npmjs.org/win-guid cache-miss
479 http fetch GET 200 https://registry.npmjs.org/debug 401ms (cache miss)
480 silly packumentCache full:https://registry.npmjs.org/debug set size:undefined disposed:false
481 silly fetch manifest file-type@^21.3.4
482 silly packumentCache full:https://registry.npmjs.org/file-type cache-miss
483 http fetch GET 200 https://registry.npmjs.org/hookified 471ms (cache miss)
484 silly packumentCache full:https://registry.npmjs.org/hookified set size:undefined disposed:false
485 silly fetch manifest media-typer@^2.0.0
486 silly packumentCache full:https://registry.npmjs.org/media-typer cache-miss
487 http fetch GET 200 https://registry.npmjs.org/keyv 489ms (cache miss)
488 silly packumentCache full:https://registry.npmjs.org/keyv set size:undefined disposed:false
489 silly fetch manifest token-types@^6.1.2
490 silly packumentCache full:https://registry.npmjs.org/token-types cache-miss
491 http fetch GET 200 https://registry.npmjs.org/curve25519-js 723ms (cache miss)
492 silly packumentCache full:https://registry.npmjs.org/curve25519-js set size:undefined disposed:false
493 silly fetch manifest content-type@^2.1.0
494 silly packumentCache full:https://registry.npmjs.org/content-type cache-miss
495 http fetch GET 200 https://registry.npmjs.org/cacheable 751ms (cache miss)
496 silly packumentCache full:https://registry.npmjs.org/cacheable set size:undefined disposed:false
497 silly fetch manifest @tokenizer/token@^0.3.0
498 silly packumentCache full:https://registry.npmjs.org/@tokenizer%2ftoken cache-miss
499 http fetch GET 200 https://registry.npmjs.org/strtok3 695ms (cache miss)
500 silly packumentCache full:https://registry.npmjs.org/strtok3 set size:undefined disposed:false
501 silly fetch manifest uint8array-extras@^1.5.0
502 silly packumentCache full:https://registry.npmjs.org/uint8array-extras cache-miss
503 http fetch GET 200 https://registry.npmjs.org/file-type 347ms (cache miss)
504 silly packumentCache full:https://registry.npmjs.org/file-type set size:undefined disposed:false
505 silly fetch manifest @borewit/text-codec@^0.2.2
506 silly packumentCache full:https://registry.npmjs.org/@borewit%2ftext-codec cache-miss
507 http fetch GET 200 https://registry.npmjs.org/win-guid 428ms (cache miss)
508 silly packumentCache full:https://registry.npmjs.org/win-guid set size:undefined disposed:false
509 silly fetch manifest eventemitter3@^5.0.4
510 silly packumentCache full:https://registry.npmjs.org/eventemitter3 cache-miss
511 http fetch GET 200 https://registry.npmjs.org/content-type 148ms (cache miss)
512 silly packumentCache full:https://registry.npmjs.org/content-type set size:undefined disposed:false
513 silly fetch manifest p-timeout@^7.0.0
514 silly packumentCache full:https://registry.npmjs.org/p-timeout cache-miss
515 http fetch GET 200 https://registry.npmjs.org/eventemitter3 341ms (cache miss)
516 silly packumentCache full:https://registry.npmjs.org/eventemitter3 set size:undefined disposed:false
517 silly fetch manifest sonic-boom@^4.0.1
518 silly packumentCache full:https://registry.npmjs.org/sonic-boom cache-miss
519 http cache https://registry.npmjs.org/sonic-boom 24ms (cache hit)
520 silly packumentCache full:https://registry.npmjs.org/sonic-boom set size:173460 disposed:false
521 silly fetch manifest thread-stream@^3.0.0
522 silly packumentCache full:https://registry.npmjs.org/thread-stream cache-miss
523 http cache https://registry.npmjs.org/thread-stream 14ms (cache hit)
524 silly packumentCache full:https://registry.npmjs.org/thread-stream set size:131270 disposed:false
525 silly fetch manifest @pinojs/redact@^0.4.0
526 silly packumentCache full:https://registry.npmjs.org/@pinojs%2fredact cache-miss
527 http fetch GET 200 https://registry.npmjs.org/uint8array-extras 525ms (cache miss)
528 silly packumentCache full:https://registry.npmjs.org/uint8array-extras set size:undefined disposed:false
529 silly fetch manifest process-warning@^5.0.0
530 silly packumentCache full:https://registry.npmjs.org/process-warning cache-miss
531 http cache https://registry.npmjs.org/process-warning 21ms (cache hit)
532 silly packumentCache full:https://registry.npmjs.org/process-warning set size:36826 disposed:false
533 silly fetch manifest pino-std-serializers@^7.0.0
534 silly packumentCache full:https://registry.npmjs.org/pino-std-serializers cache-miss
535 http cache https://registry.npmjs.org/pino-std-serializers 16ms (cache hit)
536 silly packumentCache full:https://registry.npmjs.org/pino-std-serializers set size:96138 disposed:false
537 silly fetch manifest pino-abstract-transport@^2.0.0
538 silly packumentCache full:https://registry.npmjs.org/pino-abstract-transport cache-miss
539 http fetch GET 200 https://registry.npmjs.org/p-timeout 522ms (cache miss)
540 silly packumentCache full:https://registry.npmjs.org/p-timeout set size:undefined disposed:false
541 silly fetch manifest long@^5.3.2
542 silly packumentCache full:https://registry.npmjs.org/long cache-miss
543 http cache https://registry.npmjs.org/pino-abstract-transport 44ms (cache hit)
544 silly packumentCache full:https://registry.npmjs.org/pino-abstract-transport set size:28649 disposed:false
545 silly fetch manifest @types/node@>=13.7.0
546 silly packumentCache full:https://registry.npmjs.org/@types%2fnode cache-miss
547 http fetch GET 200 https://registry.npmjs.org/@tokenizer%2ftoken 1015ms (cache miss)
548 silly packumentCache full:https://registry.npmjs.org/@tokenizer%2ftoken set size:undefined disposed:false
549 silly fetch manifest @protobufjs/path@^1.1.2
550 silly packumentCache full:https://registry.npmjs.org/@protobufjs%2fpath cache-miss
551 http fetch GET 200 https://registry.npmjs.org/@borewit%2ftext-codec 933ms (cache miss)
552 silly packumentCache full:https://registry.npmjs.org/@borewit%2ftext-codec set size:undefined disposed:false
553 silly fetch manifest @protobufjs/pool@^1.1.0
554 silly packumentCache full:https://registry.npmjs.org/@protobufjs%2fpool cache-miss
555 http fetch GET 200 https://registry.npmjs.org/long 371ms (cache miss)
556 silly packumentCache full:https://registry.npmjs.org/long set size:undefined disposed:false
557 silly fetch manifest @protobufjs/utf8@^1.1.1
558 silly packumentCache full:https://registry.npmjs.org/@protobufjs%2futf8 cache-miss
559 http fetch GET 200 https://registry.npmjs.org/@pinojs%2fredact 535ms (cache miss)
560 silly packumentCache full:https://registry.npmjs.org/@pinojs%2fredact set size:undefined disposed:false
561 silly fetch manifest @protobufjs/fetch@^1.1.1
562 silly packumentCache full:https://registry.npmjs.org/@protobufjs%2ffetch cache-miss
563 http fetch GET 200 https://registry.npmjs.org/@protobufjs%2ffetch 463ms (cache miss)
564 silly packumentCache full:https://registry.npmjs.org/@protobufjs%2ffetch set size:undefined disposed:false
565 silly fetch manifest @protobufjs/float@^1.0.2
566 silly packumentCache full:https://registry.npmjs.org/@protobufjs%2ffloat cache-miss
567 http fetch GET 200 https://registry.npmjs.org/@protobufjs%2futf8 518ms (cache miss)
568 silly packumentCache full:https://registry.npmjs.org/@protobufjs%2futf8 set size:undefined disposed:false
569 silly fetch manifest @protobufjs/base64@^1.1.2
570 silly packumentCache full:https://registry.npmjs.org/@protobufjs%2fbase64 cache-miss
571 http fetch GET 200 https://registry.npmjs.org/@protobufjs%2fpath 542ms (cache miss)
572 silly packumentCache full:https://registry.npmjs.org/@protobufjs%2fpath set size:undefined disposed:false
573 silly fetch manifest @protobufjs/codegen@^2.0.5
574 silly packumentCache full:https://registry.npmjs.org/@protobufjs%2fcodegen cache-miss
575 http fetch GET 200 https://registry.npmjs.org/media-typer 1890ms (cache miss)
576 silly packumentCache full:https://registry.npmjs.org/media-typer set size:undefined disposed:false
577 silly fetch manifest @protobufjs/aspromise@^1.1.2
578 silly packumentCache full:https://registry.npmjs.org/@protobufjs%2faspromise cache-miss
579 http fetch GET 200 https://registry.npmjs.org/@protobufjs%2fpool 747ms (cache miss)
580 silly packumentCache full:https://registry.npmjs.org/@protobufjs%2fpool set size:undefined disposed:false
581 silly fetch manifest @protobufjs/eventemitter@^1.1.1
582 silly packumentCache full:https://registry.npmjs.org/@protobufjs%2feventemitter cache-miss
583 http fetch GET 200 https://registry.npmjs.org/@protobufjs%2ffloat 309ms (cache miss)
584 silly packumentCache full:https://registry.npmjs.org/@protobufjs%2ffloat set size:undefined disposed:false
585 http fetch GET 200 https://registry.npmjs.org/@protobufjs%2fcodegen 723ms (cache miss)
586 silly packumentCache full:https://registry.npmjs.org/@protobufjs%2fcodegen set size:undefined disposed:false
587 http fetch GET 200 https://registry.npmjs.org/@protobufjs%2faspromise 681ms (cache miss)
588 silly packumentCache full:https://registry.npmjs.org/@protobufjs%2faspromise set size:undefined disposed:false
589 http fetch GET 200 https://registry.npmjs.org/@types%2fnode 1682ms (cache miss)
590 silly packumentCache full:https://registry.npmjs.org/@types%2fnode set size:undefined disposed:false
591 http fetch GET 200 https://registry.npmjs.org/@protobufjs%2fbase64 1137ms (cache miss)
592 silly packumentCache full:https://registry.npmjs.org/@protobufjs%2fbase64 set size:undefined disposed:false
593 http fetch GET 200 https://registry.npmjs.org/@protobufjs%2feventemitter 926ms (cache miss)
594 silly packumentCache full:https://registry.npmjs.org/@protobufjs%2feventemitter set size:undefined disposed:false
595 http fetch GET 200 https://registry.npmjs.org/token-types 2971ms (cache miss)
596 silly packumentCache full:https://registry.npmjs.org/token-types set size:undefined disposed:false
597 silly placeDep ROOT cacheable@2.5.0 OK for: @cacheable/node-cache@1.7.6 want: ^2.3.1
598 silly placeDep ROOT hookified@1.15.1 OK for: @cacheable/node-cache@1.7.6 want: ^1.14.0
599 silly placeDep ROOT keyv@5.6.0 OK for: @cacheable/node-cache@1.7.6 want: ^5.5.5
600 silly fetch manifest keyv@^5.6.0
601 silly packumentCache full:https://registry.npmjs.org/keyv cache-miss
602 silly fetch manifest qified@^0.10.1
603 silly packumentCache full:https://registry.npmjs.org/qified cache-miss
604 silly fetch manifest hookified@^1.15.0
605 silly packumentCache full:https://registry.npmjs.org/hookified cache-miss
606 silly fetch manifest @cacheable/utils@^2.5.0
607 silly packumentCache full:https://registry.npmjs.org/@cacheable%2futils cache-miss
608 silly fetch manifest @cacheable/memory@^2.2.0
609 silly packumentCache full:https://registry.npmjs.org/@cacheable%2fmemory cache-miss
610 silly fetch manifest @keyv/serialize@^1.1.1
611 silly packumentCache full:https://registry.npmjs.org/@keyv%2fserialize cache-miss
612 http cache https://registry.npmjs.org/hookified 28ms (cache hit)
613 silly packumentCache full:https://registry.npmjs.org/hookified set size:164181 disposed:false
614 http cache https://registry.npmjs.org/keyv 40ms (cache hit)
615 silly packumentCache full:https://registry.npmjs.org/keyv set size:227033 disposed:false
616 http fetch GET 200 https://registry.npmjs.org/qified 147ms (cache miss)
617 silly packumentCache full:https://registry.npmjs.org/qified set size:undefined disposed:false
618 http fetch GET 200 https://registry.npmjs.org/@cacheable%2futils 409ms (cache miss)
619 silly packumentCache full:https://registry.npmjs.org/@cacheable%2futils set size:undefined disposed:false
620 http fetch GET 200 https://registry.npmjs.org/@keyv%2fserialize 410ms (cache miss)
621 silly packumentCache full:https://registry.npmjs.org/@keyv%2fserialize set size:undefined disposed:false
622 http fetch GET 200 https://registry.npmjs.org/@cacheable%2fmemory 706ms (cache miss)
623 silly packumentCache full:https://registry.npmjs.org/@cacheable%2fmemory set size:undefined disposed:false
624 silly placeDep ROOT tslib@2.8.1 OK for: async-mutex@0.5.0 want: ^2.4.0
625 silly placeDep ROOT follow-redirects@1.16.0 OK for: axios@1.20.0 want: ^1.16.0
626 silly placeDep ROOT https-proxy-agent@5.0.1 OK for: axios@1.20.0 want: ^5.0.1
627 silly placeDep ROOT proxy-from-env@2.1.0 OK for: axios@1.20.0 want: ^2.1.0
628 silly fetch manifest debug@4
629 silly packumentCache full:https://registry.npmjs.org/debug cache-miss
630 silly fetch manifest agent-base@6
631 silly packumentCache full:https://registry.npmjs.org/agent-base cache-miss
632 http cache https://registry.npmjs.org/debug 23ms (cache hit)
633 silly packumentCache full:https://registry.npmjs.org/debug set size:195840 disposed:false
634 http fetch GET 200 https://registry.npmjs.org/agent-base 164ms (cache miss)
635 silly packumentCache full:https://registry.npmjs.org/agent-base set size:undefined disposed:false
636 silly placeDep ROOT bindings@1.5.0 OK for: better-sqlite3@11.10.0 want: ^1.5.0
637 silly placeDep ROOT prebuild-install@7.1.3 OK for: better-sqlite3@11.10.0 want: ^7.1.1
638 silly fetch manifest file-uri-to-path@1.0.0
639 silly packumentCache full:https://registry.npmjs.org/file-uri-to-path cache-miss
640 silly fetch manifest rc@^1.2.7
641 silly packumentCache full:https://registry.npmjs.org/rc cache-miss
642 silly fetch manifest pump@^3.0.0
643 silly packumentCache full:https://registry.npmjs.org/pump cache-miss
644 silly fetch manifest tar-fs@^2.0.0
645 silly packumentCache full:https://registry.npmjs.org/tar-fs cache-miss
646 silly fetch manifest minimist@^1.2.3
647 silly packumentCache full:https://registry.npmjs.org/minimist cache-miss
648 silly fetch manifest node-abi@^3.3.0
649 silly packumentCache full:https://registry.npmjs.org/node-abi cache-miss
650 silly fetch manifest simple-get@^4.0.0
651 silly packumentCache full:https://registry.npmjs.org/simple-get cache-miss
652 http cache https://registry.npmjs.org/minimist 37ms (cache hit)
653 silly packumentCache full:https://registry.npmjs.org/minimist set size:77063 disposed:false
654 silly fetch manifest detect-libc@^2.0.0
655 silly packumentCache full:https://registry.npmjs.org/detect-libc cache-miss
656 http cache https://registry.npmjs.org/detect-libc 14ms (cache hit)
657 silly packumentCache full:https://registry.npmjs.org/detect-libc set size:47861 disposed:false
658 silly fetch manifest tunnel-agent@^0.6.0
659 silly packumentCache full:https://registry.npmjs.org/tunnel-agent cache-miss
660 http fetch GET 200 https://registry.npmjs.org/file-uri-to-path 133ms (cache miss)
661 silly packumentCache full:https://registry.npmjs.org/file-uri-to-path set size:undefined disposed:false
662 silly fetch manifest mkdirp-classic@^0.5.3
663 silly packumentCache full:https://registry.npmjs.org/mkdirp-classic cache-miss
664 http fetch GET 200 https://registry.npmjs.org/pump 198ms (cache miss)
665 silly packumentCache full:https://registry.npmjs.org/pump set size:undefined disposed:false
666 silly fetch manifest expand-template@^2.0.3
667 silly packumentCache full:https://registry.npmjs.org/expand-template cache-miss
668 http fetch GET 200 https://registry.npmjs.org/simple-get 205ms (cache miss)
669 silly packumentCache full:https://registry.npmjs.org/simple-get set size:undefined disposed:false
670 silly fetch manifest napi-build-utils@^2.0.0
671 silly packumentCache full:https://registry.npmjs.org/napi-build-utils cache-miss
672 http fetch GET 200 https://registry.npmjs.org/tar-fs 224ms (cache miss)
673 silly packumentCache full:https://registry.npmjs.org/tar-fs set size:undefined disposed:false
674 silly fetch manifest github-from-package@0.0.0
675 silly packumentCache full:https://registry.npmjs.org/github-from-package cache-miss
676 http fetch GET 200 https://registry.npmjs.org/tunnel-agent 171ms (cache miss)
677 silly packumentCache full:https://registry.npmjs.org/tunnel-agent set size:undefined disposed:false
678 http fetch GET 200 https://registry.npmjs.org/node-abi 249ms (cache miss)
679 silly packumentCache full:https://registry.npmjs.org/node-abi set size:undefined disposed:false
680 http fetch GET 200 https://registry.npmjs.org/expand-template 241ms (cache miss)
681 silly packumentCache full:https://registry.npmjs.org/expand-template set size:undefined disposed:false
682 http fetch GET 200 https://registry.npmjs.org/github-from-package 213ms (cache miss)
683 silly packumentCache full:https://registry.npmjs.org/github-from-package set size:undefined disposed:false
684 http fetch GET 200 https://registry.npmjs.org/rc 460ms (cache miss)
685 silly packumentCache full:https://registry.npmjs.org/rc set size:undefined disposed:false
686 http fetch GET 200 https://registry.npmjs.org/mkdirp-classic 452ms (cache miss)
687 silly packumentCache full:https://registry.npmjs.org/mkdirp-classic set size:undefined disposed:false
688 http fetch GET 200 https://registry.npmjs.org/napi-build-utils 498ms (cache miss)
689 silly packumentCache full:https://registry.npmjs.org/napi-build-utils set size:undefined disposed:false
690 silly placeDep ROOT file-uri-to-path@1.0.0 OK for: bindings@1.5.0 want: 1.0.0
691 silly placeDep ROOT @cacheable/memory@2.2.0 OK for: cacheable@2.5.0 want: ^2.2.0
692 silly placeDep ROOT @cacheable/utils@2.5.0 OK for: cacheable@2.5.0 want: ^2.5.0
693 silly placeDep ROOT qified@0.10.1 OK for: cacheable@2.5.0 want: ^0.10.1
694 silly fetch manifest @keyv/bigmap@^1.3.1
695 silly packumentCache full:https://registry.npmjs.org/@keyv%2fbigmap cache-miss
696 silly fetch manifest hashery@^1.5.1
697 silly packumentCache full:https://registry.npmjs.org/hashery cache-miss
698 silly fetch manifest hookified@^2.1.1
699 silly packumentCache full:https://registry.npmjs.org/hookified cache-hit
700 http fetch GET 200 https://registry.npmjs.org/hashery 162ms (cache miss)
701 silly packumentCache full:https://registry.npmjs.org/hashery set size:undefined disposed:false
702 http fetch GET 200 https://registry.npmjs.org/@keyv%2fbigmap 329ms (cache miss)
703 silly packumentCache full:https://registry.npmjs.org/@keyv%2fbigmap set size:undefined disposed:false
704 silly placeDep ROOT @keyv/bigmap@1.3.1 OK for: @cacheable/memory@2.2.0 want: ^1.3.1
705 silly fetch manifest hashery@^1.4.0
706 silly packumentCache full:https://registry.npmjs.org/hashery cache-miss
707 http cache https://registry.npmjs.org/hashery 19ms (cache hit)
708 silly packumentCache full:https://registry.npmjs.org/hashery set size:32683 disposed:false
709 silly placeDep ROOT hashery@1.5.1 OK for: @cacheable/utils@2.5.0 want: ^1.5.1
710 silly placeDep ROOT node-addon-api@7.1.1 OK for: canvas@3.2.3 want: ^7.0.0
711 silly placeDep ROOT asynckit@0.4.0 OK for: form-data@4.0.6 want: ^0.4.0
712 silly placeDep ROOT combined-stream@1.0.8 OK for: form-data@4.0.6 want: ^1.0.8
713 silly placeDep ROOT es-set-tostringtag@2.1.0 OK for: form-data@4.0.6 want: ^2.1.0
714 silly placeDep ROOT hasown@2.0.4 OK for: form-data@4.0.6 want: ^2.0.4
715 silly placeDep ROOT mime-types@2.1.35 OK for: form-data@4.0.6 want: ^2.1.35
716 silly fetch manifest delayed-stream@~1.0.0
717 silly packumentCache full:https://registry.npmjs.org/delayed-stream cache-miss
718 silly fetch manifest es-errors@^1.3.0
719 silly packumentCache full:https://registry.npmjs.org/es-errors cache-miss
720 silly fetch manifest get-intrinsic@^1.2.6
721 silly packumentCache full:https://registry.npmjs.org/get-intrinsic cache-miss
722 silly fetch manifest has-tostringtag@^1.0.2
723 silly packumentCache full:https://registry.npmjs.org/has-tostringtag cache-miss
724 silly fetch manifest hasown@^2.0.2
725 silly packumentCache full:https://registry.npmjs.org/hasown cache-miss
726 silly fetch manifest function-bind@^1.1.2
727 silly packumentCache full:https://registry.npmjs.org/function-bind cache-miss
728 silly fetch manifest mime-db@1.52.0
729 silly packumentCache full:https://registry.npmjs.org/mime-db cache-miss
730 http cache https://registry.npmjs.org/hasown 36ms (cache hit)
731 silly packumentCache full:https://registry.npmjs.org/hasown set size:18361 disposed:false
732 http fetch GET 200 https://registry.npmjs.org/delayed-stream 220ms (cache miss)
733 silly packumentCache full:https://registry.npmjs.org/delayed-stream set size:undefined disposed:false
734 http fetch GET 200 https://registry.npmjs.org/function-bind 216ms (cache miss)
735 silly packumentCache full:https://registry.npmjs.org/function-bind set size:undefined disposed:false
736 http fetch GET 200 https://registry.npmjs.org/has-tostringtag 225ms (cache miss)
737 silly packumentCache full:https://registry.npmjs.org/has-tostringtag set size:undefined disposed:false
738 http fetch GET 200 https://registry.npmjs.org/es-errors 233ms (cache miss)
739 silly packumentCache full:https://registry.npmjs.org/es-errors set size:undefined disposed:false
740 http fetch GET 200 https://registry.npmjs.org/get-intrinsic 235ms (cache miss)
741 silly packumentCache full:https://registry.npmjs.org/get-intrinsic set size:undefined disposed:false
742 http fetch GET 200 https://registry.npmjs.org/mime-db 237ms (cache miss)
743 silly packumentCache full:https://registry.npmjs.org/mime-db set size:undefined disposed:false
744 silly placeDep ROOT delayed-stream@1.0.0 OK for: combined-stream@1.0.8 want: ~1.0.0
745 silly placeDep ROOT es-errors@1.3.0 OK for: es-set-tostringtag@2.1.0 want: ^1.3.0
746 silly placeDep ROOT get-intrinsic@1.3.0 OK for: es-set-tostringtag@2.1.0 want: ^1.2.6
747 silly placeDep ROOT has-tostringtag@1.0.2 OK for: es-set-tostringtag@2.1.0 want: ^1.0.2
748 silly fetch manifest gopd@^1.2.0
749 silly packumentCache full:https://registry.npmjs.org/gopd cache-miss
750 silly fetch manifest get-proto@^1.0.1
751 silly packumentCache full:https://registry.npmjs.org/get-proto cache-miss
752 silly fetch manifest has-symbols@^1.1.0
753 silly packumentCache full:https://registry.npmjs.org/has-symbols cache-miss
754 silly fetch manifest es-object-atoms@^1.1.1
755 silly packumentCache full:https://registry.npmjs.org/es-object-atoms cache-miss
756 silly fetch manifest math-intrinsics@^1.1.0
757 silly packumentCache full:https://registry.npmjs.org/math-intrinsics cache-miss
758 silly fetch manifest es-define-property@^1.0.1
759 silly packumentCache full:https://registry.npmjs.org/es-define-property cache-miss
760 silly fetch manifest call-bind-apply-helpers@^1.0.2
761 silly packumentCache full:https://registry.npmjs.org/call-bind-apply-helpers cache-miss
762 http fetch GET 200 https://registry.npmjs.org/gopd 200ms (cache miss)
763 silly packumentCache full:https://registry.npmjs.org/gopd set size:undefined disposed:false
764 silly fetch manifest has-symbols@^1.0.3
765 silly packumentCache full:https://registry.npmjs.org/has-symbols cache-miss
766 http fetch GET 200 https://registry.npmjs.org/math-intrinsics 203ms (cache miss)
767 silly packumentCache full:https://registry.npmjs.org/math-intrinsics set size:undefined disposed:false
768 http fetch GET 200 https://registry.npmjs.org/es-object-atoms 210ms (cache miss)
769 silly packumentCache full:https://registry.npmjs.org/es-object-atoms set size:undefined disposed:false
770 http fetch GET 200 https://registry.npmjs.org/has-symbols 215ms (cache miss)
771 silly packumentCache full:https://registry.npmjs.org/has-symbols set size:undefined disposed:false
772 http fetch GET 200 https://registry.npmjs.org/get-proto 220ms (cache miss)
773 silly packumentCache full:https://registry.npmjs.org/get-proto set size:undefined disposed:false
774 http fetch GET 200 https://registry.npmjs.org/call-bind-apply-helpers 264ms (cache miss)
775 silly packumentCache full:https://registry.npmjs.org/call-bind-apply-helpers set size:undefined disposed:false
776 http fetch GET 200 https://registry.npmjs.org/es-define-property 276ms (cache miss)
777 silly packumentCache full:https://registry.npmjs.org/es-define-property set size:undefined disposed:false
778 http fetch GET 200 https://registry.npmjs.org/has-symbols 125ms (cache miss)
779 silly packumentCache full:https://registry.npmjs.org/has-symbols set size:undefined disposed:false
780 silly placeDep ROOT graceful-fs@4.2.11 OK for: fs-extra@11.4.0 want: ^4.2.0
781 silly placeDep ROOT jsonfile@6.2.1 OK for: fs-extra@11.4.0 want: ^6.0.1
782 silly placeDep ROOT universalify@2.0.1 OK for: fs-extra@11.4.0 want: ^2.0.0
783 silly placeDep ROOT call-bind-apply-helpers@1.0.2 OK for: get-intrinsic@1.3.0 want: ^1.0.2
784 silly placeDep ROOT es-define-property@1.0.1 OK for: get-intrinsic@1.3.0 want: ^1.0.1
785 silly placeDep ROOT es-object-atoms@1.1.2 OK for: get-intrinsic@1.3.0 want: ^1.1.1
786 silly placeDep ROOT function-bind@1.1.2 OK for: get-intrinsic@1.3.0 want: ^1.1.2
787 silly placeDep ROOT get-proto@1.0.1 OK for: get-intrinsic@1.3.0 want: ^1.0.1
788 silly placeDep ROOT gopd@1.2.0 OK for: get-intrinsic@1.3.0 want: ^1.2.0
789 silly placeDep ROOT has-symbols@1.1.0 OK for: get-intrinsic@1.3.0 want: ^1.1.0
790 silly placeDep ROOT math-intrinsics@1.1.0 OK for: get-intrinsic@1.3.0 want: ^1.1.0
791 silly fetch manifest dunder-proto@^1.0.1
792 silly packumentCache full:https://registry.npmjs.org/dunder-proto cache-miss
793 http fetch GET 200 https://registry.npmjs.org/dunder-proto 152ms (cache miss)
794 silly packumentCache full:https://registry.npmjs.org/dunder-proto set size:undefined disposed:false
795 silly placeDep ROOT dunder-proto@1.0.1 OK for: get-proto@1.0.1 want: ^1.0.1
796 silly placeDep ROOT agent-base@6.0.2 OK for: https-proxy-agent@5.0.1 want: 6
797 silly placeDep ROOT debug@4.4.3 OK for: https-proxy-agent@5.0.1 want: 4
798 silly fetch manifest ms@^2.1.3
799 silly packumentCache full:https://registry.npmjs.org/ms cache-miss
800 http fetch GET 200 https://registry.npmjs.org/ms 147ms (cache miss)
801 silly packumentCache full:https://registry.npmjs.org/ms set size:undefined disposed:false
802 silly placeDep ROOT ms@2.1.3 OK for: debug@4.4.3 want: ^2.1.3
803 silly placeDep ROOT @keyv/serialize@1.1.1 OK for: keyv@5.6.0 want: ^1.1.1
804 silly placeDep ROOT curve25519-js@0.0.4 OK for: libsignal@6.0.0 want: ^0.0.4
805 silly placeDep ROOT mime-db@1.52.0 OK for: mime-types@2.1.35 want: 1.52.0
806 silly placeDep ROOT moment@2.31.0 OK for: moment-timezone@0.5.48 want: ^2.29.4
807 silly placeDep ROOT @borewit/text-codec@0.2.2 OK for: music-metadata@11.15.0 want: ^0.2.2
808 silly placeDep ROOT @tokenizer/token@0.3.0 OK for: music-metadata@11.15.0 want: ^0.3.0
809 silly placeDep ROOT content-type@2.1.0 OK for: music-metadata@11.15.0 want: ^2.1.0
810 silly placeDep ROOT file-type@21.3.4 OK for: music-metadata@11.15.0 want: ^21.3.4
811 silly placeDep ROOT media-typer@2.0.0 OK for: music-metadata@11.15.0 want: ^2.0.0
812 silly placeDep ROOT strtok3@10.3.5 OK for: music-metadata@11.15.0 want: ^10.3.5
813 silly placeDep ROOT token-types@6.1.2 OK for: music-metadata@11.15.0 want: ^6.1.2
814 silly placeDep ROOT uint8array-extras@1.5.0 OK for: music-metadata@11.15.0 want: ^1.5.0
815 silly placeDep ROOT win-guid@0.2.1 OK for: music-metadata@11.15.0 want: ^0.2.1
816 silly fetch manifest strtok3@^10.3.4
817 silly packumentCache full:https://registry.npmjs.org/strtok3 cache-miss
818 silly fetch manifest token-types@^6.1.1
819 silly packumentCache full:https://registry.npmjs.org/token-types cache-miss
820 silly fetch manifest uint8array-extras@^1.4.0
821 silly packumentCache full:https://registry.npmjs.org/uint8array-extras cache-miss
822 silly fetch manifest @tokenizer/inflate@^0.4.1
823 silly packumentCache full:https://registry.npmjs.org/@tokenizer%2finflate cache-miss
824 silly fetch manifest ieee754@^1.2.1
825 silly packumentCache full:https://registry.npmjs.org/ieee754 cache-miss
826 http cache https://registry.npmjs.org/uint8array-extras 29ms (cache hit)
827 silly packumentCache full:https://registry.npmjs.org/uint8array-extras set size:36606 disposed:false
828 http cache https://registry.npmjs.org/token-types 35ms (cache hit)
829 silly packumentCache full:https://registry.npmjs.org/token-types set size:155133 disposed:false
830 http cache https://registry.npmjs.org/strtok3 49ms (cache hit)
831 silly packumentCache full:https://registry.npmjs.org/strtok3 set size:412240 disposed:false
832 http fetch GET 200 https://registry.npmjs.org/ieee754 152ms (cache miss)
833 silly packumentCache full:https://registry.npmjs.org/ieee754 set size:undefined disposed:false
834 http fetch GET 200 https://registry.npmjs.org/@tokenizer%2finflate 794ms (cache miss)
835 silly packumentCache full:https://registry.npmjs.org/@tokenizer%2finflate set size:undefined disposed:false
836 silly placeDep ROOT @tokenizer/inflate@0.4.1 OK for: file-type@21.3.4 want: ^0.4.1
837 silly placeDep ROOT eventemitter3@5.0.4 OK for: p-queue@9.3.3 want: ^5.0.4
838 silly placeDep ROOT p-timeout@7.0.2 OK for: p-queue@9.3.3 want: ^7.0.0
839 silly fetch manifest pg@>=8.0
840 silly packumentCache full:https://registry.npmjs.org/pg cache-miss
841 http cache https://registry.npmjs.org/pg 27ms (cache hit)
842 silly packumentCache full:https://registry.npmjs.org/pg set size:482398 disposed:false
843 silly placeDep ROOT pg-cloudflare@1.4.0 OK for: pg@8.23.0 want: ^1.4.0
844 silly placeDep ROOT pg-connection-string@2.14.0 OK for: pg@8.23.0 want: ^2.14.0
845 silly placeDep ROOT pg-pool@3.14.0 OK for: pg@8.23.0 want: ^3.14.0
846 silly placeDep ROOT pg-protocol@1.16.0 OK for: pg@8.23.0 want: ^1.16.0
847 silly placeDep ROOT pg-types@2.2.0 OK for: pg@8.23.0 want: 2.2.0
848 silly placeDep ROOT pgpass@1.0.5 OK for: pg@8.23.0 want: 1.0.5
849 silly fetch manifest pg-int8@1.0.1
850 silly packumentCache full:https://registry.npmjs.org/pg-int8 cache-miss
851 silly fetch manifest postgres-date@~1.0.4
852 silly packumentCache full:https://registry.npmjs.org/postgres-date cache-miss
853 silly fetch manifest postgres-array@~2.0.0
854 silly packumentCache full:https://registry.npmjs.org/postgres-array cache-miss
855 silly fetch manifest postgres-bytea@~1.0.0
856 silly packumentCache full:https://registry.npmjs.org/postgres-bytea cache-miss
857 silly fetch manifest postgres-interval@^1.1.0
858 silly packumentCache full:https://registry.npmjs.org/postgres-interval cache-miss
859 silly fetch manifest split2@^4.1.0
860 silly packumentCache full:https://registry.npmjs.org/split2 cache-miss
861 http fetch GET 200 https://registry.npmjs.org/postgres-date 214ms (cache miss)
862 silly packumentCache full:https://registry.npmjs.org/postgres-date set size:undefined disposed:false
863 http fetch GET 200 https://registry.npmjs.org/split2 214ms (cache miss)
864 silly packumentCache full:https://registry.npmjs.org/split2 set size:undefined disposed:false
865 http fetch GET 200 https://registry.npmjs.org/postgres-array 225ms (cache miss)
866 silly packumentCache full:https://registry.npmjs.org/postgres-array set size:undefined disposed:false
867 http fetch GET 200 https://registry.npmjs.org/pg-int8 593ms (cache miss)
868 silly packumentCache full:https://registry.npmjs.org/pg-int8 set size:undefined disposed:false
869 http fetch GET 200 https://registry.npmjs.org/postgres-interval 591ms (cache miss)
870 silly packumentCache full:https://registry.npmjs.org/postgres-interval set size:undefined disposed:false
871 http fetch GET 200 https://registry.npmjs.org/postgres-bytea 599ms (cache miss)
872 silly packumentCache full:https://registry.npmjs.org/postgres-bytea set size:undefined disposed:false
873 silly placeDep ROOT pg-int8@1.0.1 OK for: pg-types@2.2.0 want: 1.0.1
874 silly placeDep ROOT postgres-array@2.0.0 OK for: pg-types@2.2.0 want: ~2.0.0
875 silly placeDep ROOT postgres-bytea@1.0.1 OK for: pg-types@2.2.0 want: ~1.0.0
876 silly placeDep ROOT postgres-date@1.0.7 OK for: pg-types@2.2.0 want: ~1.0.4
877 silly placeDep ROOT postgres-interval@1.2.0 OK for: pg-types@2.2.0 want: ^1.1.0
878 silly fetch manifest xtend@^4.0.0
879 silly packumentCache full:https://registry.npmjs.org/xtend cache-miss
880 http fetch GET 200 https://registry.npmjs.org/xtend 553ms (cache miss)
881 silly packumentCache full:https://registry.npmjs.org/xtend set size:undefined disposed:false
882 silly placeDep ROOT split2@4.2.0 OK for: pgpass@1.0.5 want: ^4.1.0
883 silly placeDep ROOT atomic-sleep@1.0.0 OK for: pino@8.21.0 want: ^1.0.0
884 silly placeDep ROOT fast-redact@3.5.0 OK for: pino@8.21.0 want: ^3.1.1
885 silly placeDep ROOT on-exit-leak-free@2.1.2 OK for: pino@8.21.0 want: ^2.1.0
886 silly placeDep ROOT pino-abstract-transport@1.2.0 OK for: pino@8.21.0 want: ^1.2.0
887 silly placeDep ROOT pino-std-serializers@6.2.2 OK for: pino@8.21.0 want: ^6.0.0
888 silly placeDep ROOT process-warning@3.0.0 OK for: pino@8.21.0 want: ^3.0.0
889 silly placeDep ROOT quick-format-unescaped@4.0.4 OK for: pino@8.21.0 want: ^4.0.3
890 silly placeDep ROOT real-require@0.2.0 OK for: pino@8.21.0 want: ^0.2.0
891 silly placeDep ROOT safe-stable-stringify@2.5.0 OK for: pino@8.21.0 want: ^2.3.1
892 silly placeDep ROOT sonic-boom@3.8.1 OK for: pino@8.21.0 want: ^3.7.0
893 silly placeDep ROOT thread-stream@2.7.0 OK for: pino@8.21.0 want: ^2.6.0
894 silly fetch manifest readable-stream@^4.0.0
895 silly packumentCache full:https://registry.npmjs.org/readable-stream cache-miss
896 http fetch GET 200 https://registry.npmjs.org/readable-stream 169ms (cache miss)
897 silly packumentCache full:https://registry.npmjs.org/readable-stream set size:undefined disposed:false
898 silly placeDep ROOT readable-stream@4.7.0 OK for: pino-abstract-transport@1.2.0 want: ^4.0.0
899 silly fetch manifest abort-controller@^3.0.0
900 silly packumentCache full:https://registry.npmjs.org/abort-controller cache-miss
901 silly fetch manifest buffer@^6.0.3
902 silly packumentCache full:https://registry.npmjs.org/buffer cache-miss
903 silly fetch manifest events@^3.3.0
904 silly packumentCache full:https://registry.npmjs.org/events cache-miss
905 silly fetch manifest process@^0.11.10
906 silly packumentCache full:https://registry.npmjs.org/process cache-miss
907 silly fetch manifest string_decoder@^1.3.0
908 silly packumentCache full:https://registry.npmjs.org/string_decoder cache-miss
909 http fetch GET 200 https://registry.npmjs.org/abort-controller 180ms (cache miss)
910 silly packumentCache full:https://registry.npmjs.org/abort-controller set size:undefined disposed:false
911 http fetch GET 200 https://registry.npmjs.org/events 183ms (cache miss)
912 silly packumentCache full:https://registry.npmjs.org/events set size:undefined disposed:false
913 http fetch GET 200 https://registry.npmjs.org/buffer 196ms (cache miss)
914 silly packumentCache full:https://registry.npmjs.org/buffer set size:undefined disposed:false
915 http fetch GET 200 https://registry.npmjs.org/process 528ms (cache miss)
916 silly packumentCache full:https://registry.npmjs.org/process set size:undefined disposed:false
917 http fetch GET 200 https://registry.npmjs.org/string_decoder 533ms (cache miss)
918 silly packumentCache full:https://registry.npmjs.org/string_decoder set size:undefined disposed:false
919 silly placeDep ROOT xtend@4.0.2 OK for: postgres-interval@1.2.0 want: ^4.0.0
920 silly placeDep ROOT detect-libc@2.1.2 OK for: prebuild-install@7.1.3 want: ^2.0.0
921 silly placeDep ROOT expand-template@2.0.3 OK for: prebuild-install@7.1.3 want: ^2.0.3
922 silly placeDep ROOT github-from-package@0.0.0 OK for: prebuild-install@7.1.3 want: 0.0.0
923 silly placeDep ROOT minimist@1.2.8 OK for: prebuild-install@7.1.3 want: ^1.2.3
924 silly placeDep ROOT mkdirp-classic@0.5.3 OK for: prebuild-install@7.1.3 want: ^0.5.3
925 silly placeDep ROOT napi-build-utils@2.0.0 OK for: prebuild-install@7.1.3 want: ^2.0.0
926 silly placeDep ROOT node-abi@3.96.0 OK for: prebuild-install@7.1.3 want: ^3.3.0
927 silly placeDep ROOT pump@3.0.4 OK for: prebuild-install@7.1.3 want: ^3.0.0
928 silly placeDep ROOT rc@1.2.8 OK for: prebuild-install@7.1.3 want: ^1.2.7
929 silly placeDep ROOT simple-get@4.0.1 OK for: prebuild-install@7.1.3 want: ^4.0.0
930 silly placeDep ROOT tar-fs@2.1.5 OK for: prebuild-install@7.1.3 want: ^2.0.0
931 silly placeDep ROOT tunnel-agent@0.6.0 OK for: prebuild-install@7.1.3 want: ^0.6.0
932 silly fetch manifest semver@^7.3.5
933 silly packumentCache full:https://registry.npmjs.org/semver cache-miss
934 silly fetch manifest end-of-stream@^1.1.0
935 silly packumentCache full:https://registry.npmjs.org/end-of-stream cache-miss
936 silly fetch manifest once@^1.3.1
937 silly packumentCache full:https://registry.npmjs.org/once cache-miss
938 silly fetch manifest ini@~1.3.0
939 silly packumentCache full:https://registry.npmjs.org/ini cache-miss
940 silly fetch manifest deep-extend@^0.6.0
941 silly packumentCache full:https://registry.npmjs.org/deep-extend cache-miss
942 silly fetch manifest strip-json-comments@~2.0.1
943 silly packumentCache full:https://registry.npmjs.org/strip-json-comments cache-miss
944 silly fetch manifest decompress-response@^6.0.0
945 silly packumentCache full:https://registry.npmjs.org/decompress-response cache-miss
946 http cache https://registry.npmjs.org/semver 36ms (cache hit)
947 silly packumentCache full:https://registry.npmjs.org/semver set size:246128 disposed:false
948 silly fetch manifest once@^1.3.1
949 silly packumentCache full:https://registry.npmjs.org/once cache-miss
950 http fetch GET 200 https://registry.npmjs.org/deep-extend 168ms (cache miss)
951 silly packumentCache full:https://registry.npmjs.org/deep-extend set size:undefined disposed:false
952 silly fetch manifest simple-concat@^1.0.0
953 silly packumentCache full:https://registry.npmjs.org/simple-concat cache-miss
954 http fetch GET 200 https://registry.npmjs.org/once 176ms (cache miss)
955 silly packumentCache full:https://registry.npmjs.org/once set size:undefined disposed:false
956 silly fetch manifest chownr@^1.1.1
957 silly packumentCache full:https://registry.npmjs.org/chownr cache-miss
958 http fetch GET 200 https://registry.npmjs.org/decompress-response 177ms (cache miss)
959 silly packumentCache full:https://registry.npmjs.org/decompress-response set size:undefined disposed:false
960 silly fetch manifest tar-stream@^2.1.4
961 silly packumentCache full:https://registry.npmjs.org/tar-stream cache-miss
962 http fetch GET 200 https://registry.npmjs.org/end-of-stream 190ms (cache miss)
963 silly packumentCache full:https://registry.npmjs.org/end-of-stream set size:undefined disposed:false
964 silly fetch manifest safe-buffer@^5.0.1
965 silly packumentCache full:https://registry.npmjs.org/safe-buffer cache-miss
966 http fetch GET 200 https://registry.npmjs.org/ini 206ms (cache miss)
967 silly packumentCache full:https://registry.npmjs.org/ini set size:undefined disposed:false
968 http fetch GET 200 https://registry.npmjs.org/once 225ms (cache miss)
969 silly packumentCache full:https://registry.npmjs.org/once set size:undefined disposed:false
970 http fetch GET 200 https://registry.npmjs.org/simple-concat 161ms (cache miss)
971 silly packumentCache full:https://registry.npmjs.org/simple-concat set size:undefined disposed:false
972 http fetch GET 200 https://registry.npmjs.org/chownr 159ms (cache miss)
973 silly packumentCache full:https://registry.npmjs.org/chownr set size:undefined disposed:false
974 http fetch GET 200 https://registry.npmjs.org/safe-buffer 154ms (cache miss)
975 silly packumentCache full:https://registry.npmjs.org/safe-buffer set size:undefined disposed:false
976 http fetch GET 200 https://registry.npmjs.org/strip-json-comments 472ms (cache miss)
977 silly packumentCache full:https://registry.npmjs.org/strip-json-comments set size:undefined disposed:false
978 http fetch GET 200 https://registry.npmjs.org/tar-stream 492ms (cache miss)
979 silly packumentCache full:https://registry.npmjs.org/tar-stream set size:undefined disposed:false
980 silly placeDep ROOT semver@7.8.5 OK for: node-abi@3.96.0 want: ^7.3.5
981 silly placeDep ROOT @protobufjs/aspromise@1.1.2 OK for: protobufjs@7.6.6 want: ^1.1.2
982 silly placeDep ROOT @protobufjs/base64@1.1.2 OK for: protobufjs@7.6.6 want: ^1.1.2
983 silly placeDep ROOT @protobufjs/codegen@2.0.5 OK for: protobufjs@7.6.6 want: ^2.0.5
984 silly placeDep ROOT @protobufjs/eventemitter@1.1.1 OK for: protobufjs@7.6.6 want: ^1.1.1
985 silly placeDep ROOT @protobufjs/fetch@1.1.1 OK for: protobufjs@7.6.6 want: ^1.1.1
986 silly placeDep ROOT @protobufjs/float@1.0.2 OK for: protobufjs@7.6.6 want: ^1.0.2
987 silly placeDep ROOT @protobufjs/path@1.1.2 OK for: protobufjs@7.6.6 want: ^1.1.2
988 silly placeDep ROOT @protobufjs/pool@1.1.0 OK for: protobufjs@7.6.6 want: ^1.1.0
989 silly placeDep ROOT @protobufjs/utf8@1.1.2 OK for: protobufjs@7.6.6 want: ^1.1.1
990 silly placeDep ROOT @types/node@26.6.2 OK for: protobufjs@7.6.6 want: >=13.7.0
991 silly placeDep ROOT long@5.3.2 OK for: protobufjs@7.6.6 want: ^5.3.2
992 silly fetch manifest undici-types@~8.9.0
993 silly packumentCache full:https://registry.npmjs.org/undici-types cache-miss
994 http fetch GET 200 https://registry.npmjs.org/undici-types 396ms (cache miss)
995 silly packumentCache full:https://registry.npmjs.org/undici-types set size:undefined disposed:false
996 silly placeDep ROOT undici-types@8.9.0 OK for: @types/node@26.6.2 want: ~8.9.0
997 silly placeDep ROOT end-of-stream@1.4.5 OK for: pump@3.0.4 want: ^1.1.0
998 silly placeDep ROOT once@1.4.0 OK for: pump@3.0.4 want: ^1.3.1
999 silly fetch manifest once@^1.4.0
1000 silly packumentCache full:https://registry.npmjs.org/once cache-miss
1001 silly fetch manifest wrappy@1
1002 silly packumentCache full:https://registry.npmjs.org/wrappy cache-miss
1003 http cache https://registry.npmjs.org/once 24ms (cache hit)
1004 silly packumentCache full:https://registry.npmjs.org/once set size:11752 disposed:false
1005 http fetch GET 200 https://registry.npmjs.org/wrappy 132ms (cache miss)
1006 silly packumentCache full:https://registry.npmjs.org/wrappy set size:undefined disposed:false
1007 silly placeDep ROOT wrappy@1.0.2 OK for: once@1.4.0 want: 1
1008 silly placeDep node_modules/qified hookified@2.2.0 OK for: qified@0.10.1 want: ^2.1.1
1009 silly placeDep ROOT deep-extend@0.6.0 OK for: rc@1.2.8 want: ^0.6.0
1010 silly placeDep ROOT ini@1.3.8 OK for: rc@1.2.8 want: ~1.3.0
1011 silly placeDep ROOT strip-json-comments@2.0.1 OK for: rc@1.2.8 want: ~2.0.1
1012 silly placeDep ROOT abort-controller@3.0.0 OK for: readable-stream@4.7.0 want: ^3.0.0
1013 silly placeDep ROOT buffer@6.0.3 OK for: readable-stream@4.7.0 want: ^6.0.3
1014 silly placeDep ROOT events@3.3.0 OK for: readable-stream@4.7.0 want: ^3.3.0
1015 silly placeDep ROOT process@0.11.10 OK for: readable-stream@4.7.0 want: ^0.11.10
1016 silly placeDep ROOT string_decoder@1.3.0 OK for: readable-stream@4.7.0 want: ^1.3.0
1017 silly fetch manifest event-target-shim@^5.0.0
1018 silly packumentCache full:https://registry.npmjs.org/event-target-shim cache-miss
1019 silly fetch manifest base64-js@^1.3.1
1020 silly packumentCache full:https://registry.npmjs.org/base64-js cache-miss
1021 silly fetch manifest safe-buffer@~5.2.0
1022 silly packumentCache full:https://registry.npmjs.org/safe-buffer cache-miss
1023 http cache https://registry.npmjs.org/safe-buffer 33ms (cache hit)
1024 silly packumentCache full:https://registry.npmjs.org/safe-buffer set size:41183 disposed:false
1025 http fetch GET 200 https://registry.npmjs.org/base64-js 175ms (cache miss)
1026 silly packumentCache full:https://registry.npmjs.org/base64-js set size:undefined disposed:false
1027 http fetch GET 200 https://registry.npmjs.org/event-target-shim 490ms (cache miss)
1028 silly packumentCache full:https://registry.npmjs.org/event-target-shim set size:undefined disposed:false
1029 silly placeDep ROOT event-target-shim@5.0.1 OK for: abort-controller@3.0.0 want: ^5.0.0
1030 silly placeDep ROOT base64-js@1.5.1 OK for: buffer@6.0.3 want: ^1.3.1
1031 silly placeDep ROOT ieee754@1.2.1 OK for: buffer@6.0.3 want: ^1.2.1
1032 silly placeDep ROOT @img/colour@1.1.0 OK for: sharp@0.35.4 want: ^1.1.0
1033 silly placeDep ROOT @img/sharp-darwin-arm64@0.35.4 OK for: sharp@0.35.4 want: 0.35.4
1034 silly placeDep ROOT @img/sharp-darwin-x64@0.35.4 OK for: sharp@0.35.4 want: 0.35.4
1035 silly placeDep ROOT @img/sharp-freebsd-wasm32@0.35.4 OK for: sharp@0.35.4 want: 0.35.4
1036 silly placeDep ROOT @img/sharp-libvips-darwin-arm64@1.3.3 OK for: sharp@0.35.4 want: 1.3.3
1037 silly placeDep ROOT @img/sharp-libvips-darwin-x64@1.3.3 OK for: sharp@0.35.4 want: 1.3.3
1038 silly placeDep ROOT @img/sharp-libvips-linux-arm@1.3.3 OK for: sharp@0.35.4 want: 1.3.3
1039 silly placeDep ROOT @img/sharp-libvips-linux-arm64@1.3.3 OK for: sharp@0.35.4 want: 1.3.3
1040 silly placeDep ROOT @img/sharp-libvips-linux-ppc64@1.3.3 OK for: sharp@0.35.4 want: 1.3.3
1041 silly placeDep ROOT @img/sharp-libvips-linux-riscv64@1.3.3 OK for: sharp@0.35.4 want: 1.3.3
1042 silly placeDep ROOT @img/sharp-libvips-linux-s390x@1.3.3 OK for: sharp@0.35.4 want: 1.3.3
1043 silly placeDep ROOT @img/sharp-libvips-linux-x64@1.3.3 OK for: sharp@0.35.4 want: 1.3.3
1044 silly placeDep ROOT @img/sharp-libvips-linuxmusl-arm64@1.3.3 OK for: sharp@0.35.4 want: 1.3.3
1045 silly placeDep ROOT @img/sharp-libvips-linuxmusl-x64@1.3.3 OK for: sharp@0.35.4 want: 1.3.3
1046 silly placeDep ROOT @img/sharp-linux-arm@0.35.4 OK for: sharp@0.35.4 want: 0.35.4
1047 silly placeDep ROOT @img/sharp-linux-arm64@0.35.4 OK for: sharp@0.35.4 want: 0.35.4
1048 silly placeDep ROOT @img/sharp-linux-ppc64@0.35.4 OK for: sharp@0.35.4 want: 0.35.4
1049 silly placeDep ROOT @img/sharp-linux-riscv64@0.35.4 OK for: sharp@0.35.4 want: 0.35.4
1050 silly placeDep ROOT @img/sharp-linux-s390x@0.35.4 OK for: sharp@0.35.4 want: 0.35.4
1051 silly placeDep ROOT @img/sharp-linux-x64@0.35.4 OK for: sharp@0.35.4 want: 0.35.4
1052 silly placeDep ROOT @img/sharp-linuxmusl-arm64@0.35.4 OK for: sharp@0.35.4 want: 0.35.4
1053 silly placeDep ROOT @img/sharp-linuxmusl-x64@0.35.4 OK for: sharp@0.35.4 want: 0.35.4
1054 silly placeDep ROOT @img/sharp-webcontainers-wasm32@0.35.4 OK for: sharp@0.35.4 want: 0.35.4
1055 silly placeDep ROOT @img/sharp-win32-arm64@0.35.4 OK for: sharp@0.35.4 want: 0.35.4
1056 silly placeDep ROOT @img/sharp-win32-ia32@0.35.4 OK for: sharp@0.35.4 want: 0.35.4
1057 silly placeDep ROOT @img/sharp-win32-x64@0.35.4 OK for: sharp@0.35.4 want: 0.35.4
1058 silly fetch manifest @img/sharp-wasm32@0.35.4
1059 silly packumentCache full:https://registry.npmjs.org/@img%2fsharp-wasm32 cache-miss
1060 silly fetch manifest @img/sharp-wasm32@0.35.4
1061 silly packumentCache full:https://registry.npmjs.org/@img%2fsharp-wasm32 cache-miss
1062 http fetch GET 200 https://registry.npmjs.org/@img%2fsharp-wasm32 684ms (cache miss)
1063 silly packumentCache full:https://registry.npmjs.org/@img%2fsharp-wasm32 set size:undefined disposed:false
1064 http fetch GET 200 https://registry.npmjs.org/@img%2fsharp-wasm32 692ms (cache miss)
1065 silly packumentCache full:https://registry.npmjs.org/@img%2fsharp-wasm32 set size:undefined disposed:false
1066 silly placeDep ROOT @img/sharp-wasm32@0.35.4 OK for: @img/sharp-freebsd-wasm32@0.35.4 want: 0.35.4
1067 silly fetch manifest @emnapi/runtime@^1.11.3
1068 silly packumentCache full:https://registry.npmjs.org/@emnapi%2fruntime cache-miss
1069 http fetch GET 200 https://registry.npmjs.org/@emnapi%2fruntime 684ms (cache miss)
1070 silly packumentCache full:https://registry.npmjs.org/@emnapi%2fruntime set size:undefined disposed:false
1071 silly placeDep ROOT @emnapi/runtime@1.11.3 OK for: @img/sharp-wasm32@0.35.4 want: ^1.11.3
1072 silly placeDep ROOT decompress-response@6.0.0 OK for: simple-get@4.0.1 want: ^6.0.0
1073 silly placeDep ROOT simple-concat@1.0.1 OK for: simple-get@4.0.1 want: ^1.0.0
1074 silly fetch manifest mimic-response@^3.1.0
1075 silly packumentCache full:https://registry.npmjs.org/mimic-response cache-miss
1076 http fetch GET 200 https://registry.npmjs.org/mimic-response 188ms (cache miss)
1077 silly packumentCache full:https://registry.npmjs.org/mimic-response set size:undefined disposed:false
1078 silly placeDep ROOT mimic-response@3.1.0 OK for: decompress-response@6.0.0 want: ^3.1.0
1079 silly placeDep ROOT safe-buffer@5.2.1 OK for: string_decoder@1.3.0 want: ~5.2.0
1080 silly placeDep ROOT chownr@1.1.4 OK for: tar-fs@2.1.5 want: ^1.1.1
1081 silly placeDep ROOT tar-stream@2.2.0 OK for: tar-fs@2.1.5 want: ^2.1.4
1082 silly fetch manifest bl@^4.0.3
1083 silly packumentCache full:https://registry.npmjs.org/bl cache-miss
1084 silly fetch manifest inherits@^2.0.3
1085 silly packumentCache full:https://registry.npmjs.org/inherits cache-miss
1086 silly fetch manifest fs-constants@^1.0.0
1087 silly packumentCache full:https://registry.npmjs.org/fs-constants cache-miss
1088 silly fetch manifest readable-stream@^3.1.1
1089 silly packumentCache full:https://registry.npmjs.org/readable-stream cache-miss
1090 http cache https://registry.npmjs.org/readable-stream 34ms (cache hit)
1091 silly packumentCache full:https://registry.npmjs.org/readable-stream set size:261096 disposed:false
1092 http fetch GET 200 https://registry.npmjs.org/inherits 249ms (cache miss)
1093 silly packumentCache full:https://registry.npmjs.org/inherits set size:undefined disposed:false
1094 http fetch GET 200 https://registry.npmjs.org/bl 268ms (cache miss)
1095 silly packumentCache full:https://registry.npmjs.org/bl set size:undefined disposed:false
1096 http fetch GET 200 https://registry.npmjs.org/fs-constants 476ms (cache miss)
1097 silly packumentCache full:https://registry.npmjs.org/fs-constants set size:undefined disposed:false
1098 silly placeDep ROOT bl@4.1.0 OK for: tar-stream@2.2.0 want: ^4.0.3
1099 silly placeDep ROOT fs-constants@1.0.0 OK for: tar-stream@2.2.0 want: ^1.0.0
1100 silly placeDep ROOT inherits@2.0.4 OK for: tar-stream@2.2.0 want: ^2.0.3
1101 silly placeDep node_modules/tar-stream readable-stream@3.6.2 OK for: tar-stream@2.2.0 want: ^3.1.1
1102 silly fetch manifest buffer@^5.5.0
1103 silly packumentCache full:https://registry.npmjs.org/buffer cache-miss
1104 silly fetch manifest inherits@^2.0.4
1105 silly packumentCache full:https://registry.npmjs.org/inherits cache-miss
1106 silly fetch manifest readable-stream@^3.4.0
1107 silly packumentCache full:https://registry.npmjs.org/readable-stream cache-hit
1108 silly fetch manifest util-deprecate@^1.0.1
1109 silly packumentCache full:https://registry.npmjs.org/util-deprecate cache-miss
1110 http cache https://registry.npmjs.org/inherits 28ms (cache hit)
1111 silly packumentCache full:https://registry.npmjs.org/inherits set size:12925 disposed:false
1112 http cache https://registry.npmjs.org/buffer 36ms (cache hit)
1113 silly packumentCache full:https://registry.npmjs.org/buffer set size:280480 disposed:false
1114 http fetch GET 200 https://registry.npmjs.org/util-deprecate 150ms (cache miss)
1115 silly packumentCache full:https://registry.npmjs.org/util-deprecate set size:undefined disposed:false
1116 silly placeDep node_modules/bl buffer@5.7.1 OK for: bl@4.1.0 want: ^5.5.0
1117 silly placeDep node_modules/bl readable-stream@3.6.2 OK for: bl@4.1.0 want: ^3.4.0
1118 silly placeDep ROOT async.parallellimit@0.5.2 OK for: yt-search@2.13.1 want: ~0.5.2
1119 silly placeDep ROOT boolstring@2.0.1 OK for: yt-search@2.13.1 want: ~2.0.1
1120 silly placeDep ROOT cheerio@1.2.0 OK for: yt-search@2.13.1 want: ^1.0.0-rc.10
1121 silly placeDep ROOT dasu@0.4.3 OK for: yt-search@2.13.1 want: ~0.4.3
1122 silly placeDep ROOT human-time@0.0.2 OK for: yt-search@2.13.1 want: 0.0.2
1123 silly placeDep ROOT jsonpath-plus@10.3.0 OK for: yt-search@2.13.1 want: ~10.3.0
1124 silly placeDep ROOT node-fzf@0.14.0 OK for: yt-search@2.13.1 want: ~0.14.0
1125 silly fetch manifest async.util.eachoflimit@0.5.2
1126 silly packumentCache full:https://registry.npmjs.org/async.util.eachoflimit cache-miss
1127 silly fetch manifest async.util.parallel@0.5.2
1128 silly packumentCache full:https://registry.npmjs.org/async.util.parallel cache-miss
1129 silly fetch manifest parse5@^7.3.0
1130 silly packumentCache full:https://registry.npmjs.org/parse5 cache-miss
1131 silly fetch manifest undici@^7.19.0
1132 silly packumentCache full:https://registry.npmjs.org/undici cache-miss
1133 silly fetch manifest domutils@^3.2.2
1134 silly packumentCache full:https://registry.npmjs.org/domutils cache-miss
1135 silly fetch manifest domhandler@^5.0.3
1136 silly packumentCache full:https://registry.npmjs.org/domhandler cache-miss
1137 silly fetch manifest htmlparser2@^10.1.0
1138 silly packumentCache full:https://registry.npmjs.org/htmlparser2 cache-miss
1139 http fetch GET 200 https://registry.npmjs.org/domhandler 187ms (cache miss)
1140 silly packumentCache full:https://registry.npmjs.org/domhandler set size:undefined disposed:false
1141 silly fetch manifest cheerio-select@^2.1.0
1142 silly packumentCache full:https://registry.npmjs.org/cheerio-select cache-miss
1143 http fetch GET 200 https://registry.npmjs.org/domutils 197ms (cache miss)
1144 silly packumentCache full:https://registry.npmjs.org/domutils set size:undefined disposed:false
1145 silly fetch manifest dom-serializer@^2.0.0
1146 silly packumentCache full:https://registry.npmjs.org/dom-serializer cache-miss
1147 http fetch GET 200 https://registry.npmjs.org/undici 282ms (cache miss)
1148 silly packumentCache full:https://registry.npmjs.org/undici set size:undefined disposed:false
1149 silly fetch manifest whatwg-mimetype@^4.0.0
1150 silly packumentCache full:https://registry.npmjs.org/whatwg-mimetype cache-miss
1151 http fetch GET 200 https://registry.npmjs.org/dom-serializer 250ms (cache miss)
1152 silly packumentCache full:https://registry.npmjs.org/dom-serializer set size:undefined disposed:false
1153 silly fetch manifest encoding-sniffer@^0.2.1
1154 silly packumentCache full:https://registry.npmjs.org/encoding-sniffer cache-miss
1155 http fetch GET 200 https://registry.npmjs.org/async.util.parallel 480ms (cache miss)
1156 silly packumentCache full:https://registry.npmjs.org/async.util.parallel set size:undefined disposed:false
1157 silly fetch manifest parse5-parser-stream@^7.1.2
1158 silly packumentCache full:https://registry.npmjs.org/parse5-parser-stream cache-miss
1159 http fetch GET 200 https://registry.npmjs.org/async.util.eachoflimit 491ms (cache miss)
1160 silly packumentCache full:https://registry.npmjs.org/async.util.eachoflimit set size:undefined disposed:false
1161 silly fetch manifest parse5-htmlparser2-tree-adapter@^7.1.0
1162 silly packumentCache full:https://registry.npmjs.org/parse5-htmlparser2-tree-adapter cache-miss
1163 http fetch GET 200 https://registry.npmjs.org/parse5 500ms (cache miss)
1164 silly packumentCache full:https://registry.npmjs.org/parse5 set size:undefined disposed:false
1165 silly fetch manifest jsep@^1.4.0
1166 silly packumentCache full:https://registry.npmjs.org/jsep cache-miss
1167 http fetch GET 200 https://registry.npmjs.org/htmlparser2 518ms (cache miss)
1168 silly packumentCache full:https://registry.npmjs.org/htmlparser2 set size:undefined disposed:false
1169 silly fetch manifest @jsep-plugin/regex@^1.0.4
1170 silly packumentCache full:https://registry.npmjs.org/@jsep-plugin%2fregex cache-miss
1171 http fetch GET 200 https://registry.npmjs.org/whatwg-mimetype 223ms (cache miss)
1172 silly packumentCache full:https://registry.npmjs.org/whatwg-mimetype set size:undefined disposed:false
1173 silly fetch manifest @jsep-plugin/assignment@^1.3.0
1174 silly packumentCache full:https://registry.npmjs.org/@jsep-plugin%2fassignment cache-miss
1175 http fetch GET 200 https://registry.npmjs.org/encoding-sniffer 136ms (cache miss)
1176 silly packumentCache full:https://registry.npmjs.org/encoding-sniffer set size:undefined disposed:false
1177 silly fetch manifest keypress@~0.2.1
1178 silly packumentCache full:https://registry.npmjs.org/keypress cache-miss
1179 http fetch GET 200 https://registry.npmjs.org/parse5-htmlparser2-tree-adapter 155ms (cache miss)
1180 silly packumentCache full:https://registry.npmjs.org/parse5-htmlparser2-tree-adapter set size:undefined disposed:false
1181 silly fetch manifest picocolors@~1.1.1
1182 silly packumentCache full:https://registry.npmjs.org/picocolors cache-miss
1183 http fetch GET 200 https://registry.npmjs.org/cheerio-select 454ms (cache miss)
1184 silly packumentCache full:https://registry.npmjs.org/cheerio-select set size:undefined disposed:false
1185 silly fetch manifest redstar@0.0.2
1186 silly packumentCache full:https://registry.npmjs.org/redstar cache-miss
1187 http fetch GET 200 https://registry.npmjs.org/parse5-parser-stream 484ms (cache miss)
1188 silly packumentCache full:https://registry.npmjs.org/parse5-parser-stream set size:undefined disposed:false
1189 silly fetch manifest restore-cursor@~3.1.0
1190 silly packumentCache full:https://registry.npmjs.org/restore-cursor cache-miss
1191 http fetch GET 200 https://registry.npmjs.org/jsep 483ms (cache miss)
1192 silly packumentCache full:https://registry.npmjs.org/jsep set size:undefined disposed:false
1193 silly fetch manifest string-width@~2.1.1
1194 silly packumentCache full:https://registry.npmjs.org/string-width cache-miss
1195 http fetch GET 200 https://registry.npmjs.org/keypress 494ms (cache miss)
1196 silly packumentCache full:https://registry.npmjs.org/keypress set size:undefined disposed:false
1197 silly fetch manifest ttys@0.0.3
1198 silly packumentCache full:https://registry.npmjs.org/ttys cache-miss
1199 http fetch GET 200 https://registry.npmjs.org/redstar 453ms (cache miss)
1200 silly packumentCache full:https://registry.npmjs.org/redstar set size:undefined disposed:false
1201 http fetch GET 200 https://registry.npmjs.org/picocolors 481ms (cache miss)
1202 silly packumentCache full:https://registry.npmjs.org/picocolors set size:undefined disposed:false
1203 http fetch GET 200 https://registry.npmjs.org/string-width 215ms (cache miss)
1204 silly packumentCache full:https://registry.npmjs.org/string-width set size:undefined disposed:false
1205 http fetch GET 200 https://registry.npmjs.org/restore-cursor 454ms (cache miss)
1206 silly packumentCache full:https://registry.npmjs.org/restore-cursor set size:undefined disposed:false
1207 http fetch GET 200 https://registry.npmjs.org/@jsep-plugin%2fregex 926ms (cache miss)
1208 silly packumentCache full:https://registry.npmjs.org/@jsep-plugin%2fregex set size:undefined disposed:false
1209 http fetch GET 200 https://registry.npmjs.org/@jsep-plugin%2fassignment 915ms (cache miss)
1210 silly packumentCache full:https://registry.npmjs.org/@jsep-plugin%2fassignment set size:undefined disposed:false
1211 http fetch GET 200 https://registry.npmjs.org/ttys 488ms (cache miss)
1212 silly packumentCache full:https://registry.npmjs.org/ttys set size:undefined disposed:false
1213 silly placeDep ROOT async.util.eachoflimit@0.5.2 OK for: async.parallellimit@0.5.2 want: 0.5.2
1214 silly placeDep ROOT async.util.parallel@0.5.2 OK for: async.parallellimit@0.5.2 want: 0.5.2
1215 silly fetch manifest async.util.keyiterator@0.5.2
1216 silly packumentCache full:https://registry.npmjs.org/async.util.keyiterator cache-miss
1217 silly fetch manifest async.util.noop@0.5.2
1218 silly packumentCache full:https://registry.npmjs.org/async.util.noop cache-miss
1219 silly fetch manifest async.util.once@0.5.2
1220 silly packumentCache full:https://registry.npmjs.org/async.util.once cache-miss
1221 silly fetch manifest async.util.onlyonce@0.5.2
1222 silly packumentCache full:https://registry.npmjs.org/async.util.onlyonce cache-miss
1223 silly fetch manifest async.util.isarraylike@0.5.2
1224 silly packumentCache full:https://registry.npmjs.org/async.util.isarraylike cache-miss
1225 silly fetch manifest async.util.noop@0.5.2
1226 silly packumentCache full:https://registry.npmjs.org/async.util.noop cache-miss
1227 silly fetch manifest async.util.restparam@0.5.2
1228 silly packumentCache full:https://registry.npmjs.org/async.util.restparam cache-miss
1229 http fetch GET 200 https://registry.npmjs.org/async.util.isarraylike 492ms (cache miss)
1230 silly packumentCache full:https://registry.npmjs.org/async.util.isarraylike set size:undefined disposed:false
1231 http fetch GET 200 https://registry.npmjs.org/async.util.keyiterator 502ms (cache miss)
1232 silly packumentCache full:https://registry.npmjs.org/async.util.keyiterator set size:undefined disposed:false
1233 http fetch GET 200 https://registry.npmjs.org/async.util.noop 504ms (cache miss)
1234 silly packumentCache full:https://registry.npmjs.org/async.util.noop set size:undefined disposed:false
1235 http fetch GET 200 https://registry.npmjs.org/async.util.noop 504ms (cache miss)
1236 silly packumentCache full:https://registry.npmjs.org/async.util.noop set size:undefined disposed:false
1237 http fetch GET 200 https://registry.npmjs.org/async.util.onlyonce 511ms (cache miss)
1238 silly packumentCache full:https://registry.npmjs.org/async.util.onlyonce set size:undefined disposed:false
1239 http fetch GET 200 https://registry.npmjs.org/async.util.once 516ms (cache miss)
1240 silly packumentCache full:https://registry.npmjs.org/async.util.once set size:undefined disposed:false
1241 http fetch GET 200 https://registry.npmjs.org/async.util.restparam 513ms (cache miss)
1242 silly packumentCache full:https://registry.npmjs.org/async.util.restparam set size:undefined disposed:false
1243 silly placeDep ROOT async.util.keyiterator@0.5.2 OK for: async.util.eachoflimit@0.5.2 want: 0.5.2
1244 silly placeDep ROOT async.util.noop@0.5.2 OK for: async.util.eachoflimit@0.5.2 want: 0.5.2
1245 silly placeDep ROOT async.util.once@0.5.2 OK for: async.util.eachoflimit@0.5.2 want: 0.5.2
1246 silly placeDep ROOT async.util.onlyonce@0.5.2 OK for: async.util.eachoflimit@0.5.2 want: 0.5.2
1247 silly fetch manifest async.util.keys@0.5.2
1248 silly packumentCache full:https://registry.npmjs.org/async.util.keys cache-miss
1249 http fetch GET 200 https://registry.npmjs.org/async.util.keys 536ms (cache miss)
1250 silly packumentCache full:https://registry.npmjs.org/async.util.keys set size:undefined disposed:false
1251 silly placeDep ROOT async.util.isarraylike@0.5.2 OK for: async.util.keyiterator@0.5.2 want: 0.5.2
1252 silly placeDep ROOT async.util.keys@0.5.2 OK for: async.util.keyiterator@0.5.2 want: 0.5.2
1253 silly fetch manifest async.util.isarray@0.5.2
1254 silly packumentCache full:https://registry.npmjs.org/async.util.isarray cache-miss
1255 http fetch GET 200 https://registry.npmjs.org/async.util.isarray 443ms (cache miss)
1256 silly packumentCache full:https://registry.npmjs.org/async.util.isarray set size:undefined disposed:false
1257 silly placeDep ROOT async.util.isarray@0.5.2 OK for: async.util.isarraylike@0.5.2 want: 0.5.2
1258 silly placeDep ROOT async.util.restparam@0.5.2 OK for: async.util.parallel@0.5.2 want: 0.5.2
1259 silly placeDep ROOT cheerio-select@2.1.0 OK for: cheerio@1.2.0 want: ^2.1.0
1260 silly placeDep ROOT dom-serializer@2.0.0 OK for: cheerio@1.2.0 want: ^2.0.0
1261 silly placeDep ROOT domhandler@5.0.3 OK for: cheerio@1.2.0 want: ^5.0.3
1262 silly placeDep ROOT domutils@3.2.2 OK for: cheerio@1.2.0 want: ^3.2.2
1263 silly placeDep ROOT encoding-sniffer@0.2.1 OK for: cheerio@1.2.0 want: ^0.2.1
1264 silly placeDep ROOT htmlparser2@10.1.0 OK for: cheerio@1.2.0 want: ^10.1.0
1265 silly placeDep ROOT parse5@7.3.0 OK for: cheerio@1.2.0 want: ^7.3.0
1266 silly placeDep ROOT parse5-htmlparser2-tree-adapter@7.1.0 OK for: cheerio@1.2.0 want: ^7.1.0
1267 silly placeDep ROOT parse5-parser-stream@7.1.2 OK for: cheerio@1.2.0 want: ^7.1.2
1268 silly placeDep ROOT undici@7.29.1 OK for: cheerio@1.2.0 want: ^7.19.0
1269 silly placeDep ROOT whatwg-mimetype@4.0.0 OK for: cheerio@1.2.0 want: ^4.0.0
1270 silly fetch manifest boolbase@^1.0.0
1271 silly packumentCache full:https://registry.npmjs.org/boolbase cache-miss
1272 silly fetch manifest css-what@^6.1.0
1273 silly packumentCache full:https://registry.npmjs.org/css-what cache-miss
1274 silly fetch manifest domutils@^3.0.1
1275 silly packumentCache full:https://registry.npmjs.org/domutils cache-miss
1276 silly fetch manifest css-select@^5.1.0
1277 silly packumentCache full:https://registry.npmjs.org/css-select cache-miss
1278 silly fetch manifest domelementtype@^2.3.0
1279 silly packumentCache full:https://registry.npmjs.org/domelementtype cache-miss
1280 silly fetch manifest entities@^4.2.0
1281 silly packumentCache full:https://registry.npmjs.org/entities cache-miss
1282 silly fetch manifest domhandler@^5.0.2
1283 silly packumentCache full:https://registry.npmjs.org/domhandler cache-miss
1284 http cache https://registry.npmjs.org/domhandler 33ms (cache hit)
1285 silly packumentCache full:https://registry.npmjs.org/domhandler set size:78187 disposed:false
1286 silly fetch manifest domelementtype@^2.3.0
1287 silly packumentCache full:https://registry.npmjs.org/domelementtype cache-miss
1288 http cache https://registry.npmjs.org/domutils 51ms (cache hit)
1289 silly packumentCache full:https://registry.npmjs.org/domutils set size:110068 disposed:false
1290 silly fetch manifest domelementtype@^2.3.0
1291 silly packumentCache full:https://registry.npmjs.org/domelementtype cache-miss
1292 http fetch GET 200 https://registry.npmjs.org/boolbase 162ms (cache miss)
1293 silly packumentCache full:https://registry.npmjs.org/boolbase set size:undefined disposed:false
1294 silly fetch manifest domelementtype@^2.3.0
1295 silly packumentCache full:https://registry.npmjs.org/domelementtype cache-miss
1296 http fetch GET 200 https://registry.npmjs.org/domelementtype 195ms (cache miss)
1297 silly packumentCache full:https://registry.npmjs.org/domelementtype set size:undefined disposed:false
1298 silly fetch manifest iconv-lite@^0.6.3
1299 silly packumentCache full:https://registry.npmjs.org/iconv-lite cache-miss
1300 http fetch GET 200 https://registry.npmjs.org/css-select 208ms (cache miss)
1301 silly packumentCache full:https://registry.npmjs.org/css-select set size:undefined disposed:false
1302 silly fetch manifest whatwg-encoding@^3.1.1
1303 silly packumentCache full:https://registry.npmjs.org/whatwg-encoding cache-miss
1304 http fetch GET 200 https://registry.npmjs.org/domelementtype 177ms (cache miss)
1305 silly packumentCache full:https://registry.npmjs.org/domelementtype set size:undefined disposed:false
1306 silly fetch manifest entities@^7.0.1
1307 silly packumentCache full:https://registry.npmjs.org/entities cache-miss
1308 http fetch GET 200 https://registry.npmjs.org/domelementtype 173ms (cache miss)
1309 silly packumentCache full:https://registry.npmjs.org/domelementtype set size:undefined disposed:false
1310 silly fetch manifest entities@^6.0.0
1311 silly packumentCache full:https://registry.npmjs.org/entities cache-miss
1312 http fetch GET 200 https://registry.npmjs.org/domelementtype 183ms (cache miss)
1313 silly packumentCache full:https://registry.npmjs.org/domelementtype set size:undefined disposed:false
1314 http fetch GET 200 https://registry.npmjs.org/iconv-lite 158ms (cache miss)
1315 silly packumentCache full:https://registry.npmjs.org/iconv-lite set size:undefined disposed:false
1316 http fetch GET 200 https://registry.npmjs.org/css-what 509ms (cache miss)
1317 silly packumentCache full:https://registry.npmjs.org/css-what set size:undefined disposed:false
1318 http fetch GET 200 https://registry.npmjs.org/entities 290ms (cache miss)
1319 silly packumentCache full:https://registry.npmjs.org/entities set size:undefined disposed:false
1320 http fetch GET 200 https://registry.npmjs.org/entities 305ms (cache miss)
1321 silly packumentCache full:https://registry.npmjs.org/entities set size:undefined disposed:false
1322 http fetch GET 200 https://registry.npmjs.org/entities 540ms (cache miss)
1323 silly packumentCache full:https://registry.npmjs.org/entities set size:undefined disposed:false
1324 http fetch GET 200 https://registry.npmjs.org/whatwg-encoding 477ms (cache miss)
1325 silly packumentCache full:https://registry.npmjs.org/whatwg-encoding set size:undefined disposed:false
1326 silly placeDep ROOT boolbase@1.0.0 OK for: cheerio-select@2.1.0 want: ^1.0.0
1327 silly placeDep ROOT css-select@5.2.2 OK for: cheerio-select@2.1.0 want: ^5.1.0
1328 silly placeDep ROOT css-what@6.2.2 OK for: cheerio-select@2.1.0 want: ^6.1.0
1329 silly placeDep ROOT domelementtype@2.3.0 OK for: cheerio-select@2.1.0 want: ^2.3.0
1330 silly fetch manifest nth-check@^2.0.1
1331 silly packumentCache full:https://registry.npmjs.org/nth-check cache-miss
1332 http fetch GET 200 https://registry.npmjs.org/nth-check 233ms (cache miss)
1333 silly packumentCache full:https://registry.npmjs.org/nth-check set size:undefined disposed:false
1334 silly placeDep ROOT nth-check@2.1.1 OK for: css-select@5.2.2 want: ^2.0.1
1335 silly placeDep ROOT entities@4.5.0 OK for: dom-serializer@2.0.0 want: ^4.2.0
1336 silly placeDep ROOT iconv-lite@0.6.3 OK for: encoding-sniffer@0.2.1 want: ^0.6.3
1337 silly placeDep ROOT whatwg-encoding@3.1.1 OK for: encoding-sniffer@0.2.1 want: ^3.1.1
1338 silly fetch manifest safer-buffer@>= 2.1.2 < 3.0.0
1339 silly packumentCache full:https://registry.npmjs.org/safer-buffer cache-miss
1340 http fetch GET 200 https://registry.npmjs.org/safer-buffer 161ms (cache miss)
1341 silly packumentCache full:https://registry.npmjs.org/safer-buffer set size:undefined disposed:false
1342 silly placeDep node_modules/htmlparser2 entities@7.0.1 OK for: htmlparser2@10.1.0 want: ^7.0.1
1343 silly placeDep ROOT safer-buffer@2.1.2 OK for: iconv-lite@0.6.3 want: >= 2.1.2 < 3.0.0
1344 silly placeDep ROOT @jsep-plugin/assignment@1.3.0 OK for: jsonpath-plus@10.3.0 want: ^1.3.0
1345 silly placeDep ROOT jsep@1.4.0 OK for: @jsep-plugin/assignment@1.3.0 want: ^0.4.0||^1.0.0
1346 silly placeDep ROOT @jsep-plugin/regex@1.0.4 OK for: jsonpath-plus@10.3.0 want: ^1.0.4
1347 silly placeDep ROOT keypress@0.2.1 OK for: node-fzf@0.14.0 want: ~0.2.1
1348 silly placeDep ROOT picocolors@1.1.1 OK for: node-fzf@0.14.0 want: ~1.1.1
1349 silly placeDep ROOT redstar@0.0.2 OK for: node-fzf@0.14.0 want: 0.0.2
1350 silly placeDep ROOT restore-cursor@3.1.0 OK for: node-fzf@0.14.0 want: ~3.1.0
1351 silly placeDep ROOT string-width@2.1.1 OK for: node-fzf@0.14.0 want: ~2.1.1
1352 silly placeDep ROOT ttys@0.0.3 OK for: node-fzf@0.14.0 want: 0.0.3
1353 silly fetch manifest minimatch@~3.0.4
1354 silly packumentCache full:https://registry.npmjs.org/minimatch cache-miss
1355 silly fetch manifest onetime@^5.1.0
1356 silly packumentCache full:https://registry.npmjs.org/onetime cache-miss
1357 silly fetch manifest signal-exit@^3.0.2
1358 silly packumentCache full:https://registry.npmjs.org/signal-exit cache-miss
1359 silly fetch manifest strip-ansi@^4.0.0
1360 silly packumentCache full:https://registry.npmjs.org/strip-ansi cache-miss
1361 silly fetch manifest is-fullwidth-code-point@^2.0.0
1362 silly packumentCache full:https://registry.npmjs.org/is-fullwidth-code-point cache-miss
1363 http fetch GET 200 https://registry.npmjs.org/is-fullwidth-code-point 201ms (cache miss)
1364 silly packumentCache full:https://registry.npmjs.org/is-fullwidth-code-point set size:undefined disposed:false
1365 http fetch GET 200 https://registry.npmjs.org/onetime 210ms (cache miss)
1366 silly packumentCache full:https://registry.npmjs.org/onetime set size:undefined disposed:false
1367 http fetch GET 200 https://registry.npmjs.org/strip-ansi 215ms (cache miss)
1368 silly packumentCache full:https://registry.npmjs.org/strip-ansi set size:undefined disposed:false
1369 http fetch GET 200 https://registry.npmjs.org/signal-exit 223ms (cache miss)
1370 silly packumentCache full:https://registry.npmjs.org/signal-exit set size:undefined disposed:false
1371 http fetch GET 200 https://registry.npmjs.org/minimatch 243ms (cache miss)
1372 silly packumentCache full:https://registry.npmjs.org/minimatch set size:undefined disposed:false
1373 silly placeDep node_modules/parse5 entities@6.0.1 OK for: parse5@7.3.0 want: ^6.0.0
1374 silly placeDep ROOT minimatch@3.0.8 OK for: redstar@0.0.2 want: ~3.0.4
1375 silly fetch manifest brace-expansion@^1.1.7
1376 silly packumentCache full:https://registry.npmjs.org/brace-expansion cache-miss
1377 http fetch GET 200 https://registry.npmjs.org/brace-expansion 177ms (cache miss)
1378 silly packumentCache full:https://registry.npmjs.org/brace-expansion set size:undefined disposed:false
1379 silly placeDep ROOT brace-expansion@1.1.21 OK for: minimatch@3.0.8 want: ^1.1.7
1380 silly fetch manifest concat-map@0.0.1
1381 silly packumentCache full:https://registry.npmjs.org/concat-map cache-miss
1382 silly fetch manifest balanced-match@^1.0.0
1383 silly packumentCache full:https://registry.npmjs.org/balanced-match cache-miss
1384 http fetch GET 200 https://registry.npmjs.org/concat-map 221ms (cache miss)
1385 silly packumentCache full:https://registry.npmjs.org/concat-map set size:undefined disposed:false
1386 http fetch GET 200 https://registry.npmjs.org/balanced-match 227ms (cache miss)
1387 silly packumentCache full:https://registry.npmjs.org/balanced-match set size:undefined disposed:false
1388 silly placeDep ROOT balanced-match@1.0.2 OK for: brace-expansion@1.1.21 want: ^1.0.0
1389 silly placeDep ROOT concat-map@0.0.1 OK for: brace-expansion@1.1.21 want: 0.0.1
1390 silly placeDep ROOT onetime@5.1.2 OK for: restore-cursor@3.1.0 want: ^5.1.0
1391 silly placeDep ROOT signal-exit@3.0.7 OK for: restore-cursor@3.1.0 want: ^3.0.2
1392 silly fetch manifest mimic-fn@^2.1.0
1393 silly packumentCache full:https://registry.npmjs.org/mimic-fn cache-miss
1394 http fetch GET 200 https://registry.npmjs.org/mimic-fn 455ms (cache miss)
1395 silly packumentCache full:https://registry.npmjs.org/mimic-fn set size:undefined disposed:false
1396 silly placeDep ROOT mimic-fn@2.1.0 OK for: onetime@5.1.2 want: ^2.1.0
1397 silly placeDep ROOT is-fullwidth-code-point@2.0.0 OK for: string-width@2.1.1 want: ^2.0.0
1398 silly placeDep ROOT strip-ansi@4.0.0 OK for: string-width@2.1.1 want: ^4.0.0
1399 silly fetch manifest ansi-regex@^3.0.0
1400 silly packumentCache full:https://registry.npmjs.org/ansi-regex cache-miss
1401 http fetch GET 200 https://registry.npmjs.org/ansi-regex 155ms (cache miss)
1402 silly packumentCache full:https://registry.npmjs.org/ansi-regex set size:undefined disposed:false
1403 silly placeDep ROOT ansi-regex@3.0.1 OK for: strip-ansi@4.0.0 want: ^3.0.0
1404 silly placeDep node_modules/@whiskeysockets/baileys @hapi/hoek@9.3.0 OK for: @hapi/boom@9.1.4 want: 9.x.x
1405 silly placeDep ROOT @pinojs/redact@0.4.0 OK for: pino@9.14.0 want: ^0.4.0
1406 silly placeDep node_modules/@whiskeysockets/baileys pino-abstract-transport@2.0.0 OK for: pino@9.14.0 want: ^2.0.0
1407 silly placeDep node_modules/@whiskeysockets/baileys pino-std-serializers@7.1.0 OK for: pino@9.14.0 want: ^7.0.0
1408 silly placeDep node_modules/@whiskeysockets/baileys process-warning@5.1.0 OK for: pino@9.14.0 want: ^5.0.0
1409 silly placeDep node_modules/@whiskeysockets/baileys sonic-boom@4.2.1 OK for: pino@9.14.0 want: ^4.0.1
1410 silly placeDep node_modules/@whiskeysockets/baileys thread-stream@3.2.0 OK for: pino@9.14.0 want: ^3.0.0
1411 silly placeDep ROOT util-deprecate@1.0.2 OK for: readable-stream@3.6.2 want: ^1.0.1
1412 warn EBADENGINE Unsupported engine {
1412 warn EBADENGINE   package: 'Nix-Bot@0.0.1',
1412 warn EBADENGINE   required: { node: '22.x', npm: '>=10' },
1412 warn EBADENGINE   current: { node: 'v24.17.0', npm: '11.17.0' }
1412 warn EBADENGINE }
1413 silly reify moves {}
1414 silly audit bulk request {
1414 silly audit   '@hapi/boom': [ '10.0.1', '9.1.4' ],
1414 silly audit   '@whiskeysockets/baileys': [ '7.0.0-rc14' ],
1414 silly audit   sharp: [ '0.35.4' ],
1414 silly audit   axios: [ '1.20.0' ],
1414 silly audit   'better-sqlite3': [ '11.10.0' ],
1414 silly audit   canvas: [ '3.2.3' ],
1414 silly audit   dotenv: [ '16.6.1' ],
1414 silly audit   'form-data': [ '4.0.6' ],
1414 silly audit   'fs-extra': [ '11.4.0' ],
1414 silly audit   'moment-timezone': [ '0.5.48' ],
1414 silly audit   pg: [ '8.23.0' ],
1414 silly audit   pino: [ '8.21.0', '9.14.0' ],
1414 silly audit   'qrcode-terminal': [ '0.12.0' ],
1414 silly audit   ws: [ '8.21.3' ],
1414 silly audit   'yt-search': [ '2.13.1' ],
1414 silly audit   '@hapi/hoek': [ '11.0.7', '9.3.0' ],
1414 silly audit   '@cacheable/node-cache': [ '1.7.6' ],
1414 silly audit   'async-mutex': [ '0.5.0' ],
1414 silly audit   libsignal: [ '6.0.0' ],
1414 silly audit   'lru-cache': [ '11.5.3' ],
1414 silly audit   'music-metadata': [ '11.15.0' ],
1414 silly audit   'p-queue': [ '9.3.3' ],
1414 silly audit   protobufjs: [ '7.6.6' ],
1414 silly audit   'whatsapp-rust-bridge': [ '0.5.4' ],
1414 silly audit   cacheable: [ '2.5.0' ],
1414 silly audit   hookified: [ '1.15.1', '2.2.0' ],
1414 silly audit   keyv: [ '5.6.0' ],
1414 silly audit   tslib: [ '2.8.1' ],
1414 silly audit   'follow-redirects': [ '1.16.0' ],
1414 silly audit   'https-proxy-agent': [ '5.0.1' ],
1414 silly audit   'proxy-from-env': [ '2.1.0' ],
1414 silly audit   bindings: [ '1.5.0' ],
1414 silly audit   'prebuild-install': [ '7.1.3' ],
1414 silly audit   'file-uri-to-path': [ '1.0.0' ],
1414 silly audit   '@cacheable/memory': [ '2.2.0' ],
1414 silly audit   '@cacheable/utils': [ '2.5.0' ],
1414 silly audit   qified: [ '0.10.1' ],
1414 silly audit   '@keyv/bigmap': [ '1.3.1' ],
1414 silly audit   hashery: [ '1.5.1' ],
1414 silly audit   'node-addon-api': [ '7.1.1' ],
1414 silly audit   asynckit: [ '0.4.0' ],
1414 silly audit   'combined-stream': [ '1.0.8' ],
1414 silly audit   'es-set-tostringtag': [ '2.1.0' ],
1414 silly audit   hasown: [ '2.0.4' ],
1414 silly audit   'mime-types': [ '2.1.35' ],
1414 silly audit   'delayed-stream': [ '1.0.0' ],
1414 silly audit   'es-errors': [ '1.3.0' ],
1414 silly audit   'get-intrinsic': [ '1.3.0' ],
1414 silly audit   'has-tostringtag': [ '1.0.2' ],
1414 silly audit   'graceful-fs': [ '4.2.11' ],
1414 silly audit   jsonfile: [ '6.2.1' ],
1414 silly audit   universalify: [ '2.0.1' ],
1414 silly audit   'call-bind-apply-helpers': [ '1.0.2' ],
1414 silly audit   'es-define-property': [ '1.0.1' ],
1414 silly audit   'es-object-atoms': [ '1.1.2' ],
1414 silly audit   'function-bind': [ '1.1.2' ],
1414 silly audit   'get-proto': [ '1.0.1' ],
1414 silly audit   gopd: [ '1.2.0' ],
1414 silly audit   'has-symbols': [ '1.1.0' ],
1414 silly audit   'math-intrinsics': [ '1.1.0' ],
1414 silly audit   'dunder-proto': [ '1.0.1' ],
1414 silly audit   'agent-base': [ '6.0.2' ],
1414 silly audit   debug: [ '4.4.3' ],
1414 silly audit   ms: [ '2.1.3' ],
1414 silly audit   '@keyv/serialize': [ '1.1.1' ],
1414 silly audit   'curve25519-js': [ '0.0.4' ],
1414 silly audit   'mime-db': [ '1.52.0' ],
1414 silly audit   moment: [ '2.31.0' ],
1414 silly audit   '@borewit/text-codec': [ '0.2.2' ],
1414 silly audit   '@tokenizer/token': [ '0.3.0' ],
1414 silly audit   'content-type': [ '2.1.0' ],
1414 silly audit   'file-type': [ '21.3.4' ],
1414 silly audit   'media-typer': [ '2.0.0' ],
1414 silly audit   strtok3: [ '10.3.5' ],
1414 silly audit   'token-types': [ '6.1.2' ],
1414 silly audit   'uint8array-extras': [ '1.5.0' ],
1414 silly audit   'win-guid': [ '0.2.1' ],
1414 silly audit   '@tokenizer/inflate': [ '0.4.1' ],
1414 silly audit   eventemitter3: [ '5.0.4' ],
1414 silly audit   'p-timeout': [ '7.0.2' ],
1414 silly audit   'pg-cloudflare': [ '1.4.0' ],
1414 silly audit   'pg-connection-string': [ '2.14.0' ],
1414 silly audit   'pg-pool': [ '3.14.0' ],
1414 silly audit   'pg-protocol': [ '1.16.0' ],
1414 silly audit   'pg-types': [ '2.2.0' ],
1414 silly audit   pgpass: [ '1.0.5' ],
1414 silly audit   'pg-int8': [ '1.0.1' ],
1414 silly audit   'postgres-array': [ '2.0.0' ],
1414 silly audit   'postgres-bytea': [ '1.0.1' ],
1414 silly audit   'postgres-date': [ '1.0.7' ],
1414 silly audit   'postgres-interval': [ '1.2.0' ],
1414 silly audit   split2: [ '4.2.0' ],
1414 silly audit   'atomic-sleep': [ '1.0.0' ],
1414 silly audit   'fast-redact': [ '3.5.0' ],
1414 silly audit   'on-exit-leak-free': [ '2.1.2' ],
1414 silly audit   'pino-abstract-transport': [ '1.2.0', '2.0.0' ],
1414 silly audit   'pino-std-serializers': [ '6.2.2', '7.1.0' ],
1414 silly audit   'process-warning': [ '3.0.0', '5.1.0' ],
1414 silly audit   'quick-format-unescaped': [ '4.0.4' ],
1414 silly audit   'real-require': [ '0.2.0' ],
1414 silly audit   'safe-stable-stringify': [ '2.5.0' ],
1414 silly audit   'sonic-boom': [ '3.8.1', '4.2.1' ],
1414 silly audit   'thread-stream': [ '2.7.0', '3.2.0' ],
1414 silly audit   'readable-stream': [ '4.7.0', '3.6.2' ],
1414 silly audit   xtend: [ '4.0.2' ],
1414 silly audit   'detect-libc': [ '2.1.2' ],
1414 silly audit   'expand-template': [ '2.0.3' ],
1414 silly audit   'github-from-package': [ '0.0.0' ],
1414 silly audit   minimist: [ '1.2.8' ],
1414 silly audit   'mkdirp-classic': [ '0.5.3' ],
1414 silly audit   'napi-build-utils': [ '2.0.0' ],
1414 silly audit   'node-abi': [ '3.96.0' ],
1414 silly audit   pump: [ '3.0.4' ],
1414 silly audit   rc: [ '1.2.8' ],
1414 silly audit   'simple-get': [ '4.0.1' ],
1414 silly audit   'tar-fs': [ '2.1.5' ],
1414 silly audit   'tunnel-agent': [ '0.6.0' ],
1414 silly audit   semver: [ '7.8.5' ],
1414 silly audit   '@protobufjs/aspromise': [ '1.1.2' ],
1414 silly audit   '@protobufjs/base64': [ '1.1.2' ],
1414 silly audit   '@protobufjs/codegen': [ '2.0.5' ],
1414 silly audit   '@protobufjs/eventemitter': [ '1.1.1' ],
1414 silly audit   '@protobufjs/fetch': [ '1.1.1' ],
1414 silly audit   '@protobufjs/float': [ '1.0.2' ],
1414 silly audit   '@protobufjs/path': [ '1.1.2' ],
1414 silly audit   '@protobufjs/pool': [ '1.1.0' ],
1414 silly audit   '@protobufjs/utf8': [ '1.1.2' ],
1414 silly audit   '@types/node': [ '26.6.2' ],
1414 silly audit   long: [ '5.3.2' ],
1414 silly audit   'undici-types': [ '8.9.0' ],
1414 silly audit   'end-of-stream': [ '1.4.5' ],
1414 silly audit   once: [ '1.4.0' ],
1414 silly audit   wrappy: [ '1.0.2' ],
1414 silly audit   'deep-extend': [ '0.6.0' ],
1414 silly audit   ini: [ '1.3.8' ],
1414 silly audit   'strip-json-comments': [ '2.0.1' ],
1414 silly audit   'abort-controller': [ '3.0.0' ],
1414 silly audit   buffer: [ '6.0.3', '5.7.1' ],
1414 silly audit   events: [ '3.3.0' ],
1414 silly audit   process: [ '0.11.10' ],
1414 silly audit   string_decoder: [ '1.3.0' ],
1414 silly audit   'event-target-shim': [ '5.0.1' ],
1414 silly audit   'base64-js': [ '1.5.1' ],
1414 silly audit   ieee754: [ '1.2.1' ],
1414 silly audit   '@img/colour': [ '1.1.0' ],
1414 silly audit   '@img/sharp-darwin-arm64': [ '0.35.4' ],
1414 silly audit   '@img/sharp-darwin-x64': [ '0.35.4' ],
1414 silly audit   '@img/sharp-freebsd-wasm32': [ '0.35.4' ],
1414 silly audit   '@img/sharp-libvips-darwin-arm64': [ '1.3.3' ],
1414 silly audit   '@img/sharp-libvips-darwin-x64': [ '1.3.3' ],
1414 silly audit   '@img/sharp-libvips-linux-arm': [ '1.3.3' ],
1414 silly audit   '@img/sharp-libvips-linux-arm64': [ '1.3.3' ],
1414 silly audit   '@img/sharp-libvips-linux-ppc64': [ '1.3.3' ],
1414 silly audit   '@img/sharp-libvips-linux-riscv64': [ '1.3.3' ],
1414 silly audit   '@img/sharp-libvips-linux-s390x': [ '1.3.3' ],
1414 silly audit   '@img/sharp-libvips-linux-x64': [ '1.3.3' ],
1414 silly audit   '@img/sharp-libvips-linuxmusl-arm64': [ '1.3.3' ],
1414 silly audit   '@img/sharp-libvips-linuxmusl-x64': [ '1.3.3' ],
1414 silly audit   '@img/sharp-linux-arm': [ '0.35.4' ],
1414 silly audit   '@img/sharp-linux-arm64': [ '0.35.4' ],
1414 silly audit   '@img/sharp-linux-ppc64': [ '0.35.4' ],
1414 silly audit   '@img/sharp-linux-riscv64': [ '0.35.4' ],
1414 silly audit   '@img/sharp-linux-s390x': [ '0.35.4' ],
1414 silly audit   '@img/sharp-linux-x64': [ '0.35.4' ],
1414 silly audit   '@img/sharp-linuxmusl-arm64': [ '0.35.4' ],
1414 silly audit   '@img/sharp-linuxmusl-x64': [ '0.35.4' ],
1414 silly audit   '@img/sharp-webcontainers-wasm32': [ '0.35.4' ],
1414 silly audit   '@img/sharp-win32-arm64': [ '0.35.4' ],
1414 silly audit   '@img/sharp-win32-ia32': [ '0.35.4' ],
1414 silly audit   '@img/sharp-win32-x64': [ '0.35.4' ],
1414 silly audit   '@img/sharp-wasm32': [ '0.35.4' ],
1414 silly audit   '@emnapi/runtime': [ '1.11.3' ],
1414 silly audit   'decompress-response': [ '6.0.0' ],
1414 silly audit   'simple-concat': [ '1.0.1' ],
1414 silly audit   'mimic-response': [ '3.1.0' ],
1414 silly audit   'safe-buffer': [ '5.2.1' ],
1414 silly audit   chownr: [ '1.1.4' ],
1414 silly audit   'tar-stream': [ '2.2.0' ],
1414 silly audit   bl: [ '4.1.0' ],
1414 silly audit   'fs-constants': [ '1.0.0' ],
1414 silly audit   inherits: [ '2.0.4' ],
1414 silly audit   'async.parallellimit': [ '0.5.2' ],
1414 silly audit   boolstring: [ '2.0.1' ],
1414 silly audit   cheerio: [ '1.2.0' ],
1414 silly audit   dasu: [ '0.4.3' ],
1414 silly audit   'human-time': [ '0.0.2' ],
1414 silly audit   'jsonpath-plus': [ '10.3.0' ],
1414 silly audit   'node-fzf': [ '0.14.0' ],
1414 silly audit   'async.util.eachoflimit': [ '0.5.2' ],
1414 silly audit   'async.util.parallel': [ '0.5.2' ],
1414 silly audit   'async.util.keyiterator': [ '0.5.2' ],
1414 silly audit   'async.util.noop': [ '0.5.2' ],
1414 silly audit   'async.util.once': [ '0.5.2' ],
1414 silly audit   'async.util.onlyonce': [ '0.5.2' ],
1414 silly audit   'async.util.isarraylike': [ '0.5.2' ],
1414 silly audit   'async.util.keys': [ '0.5.2' ],
1414 silly audit   'async.util.isarray': [ '0.5.2' ],
1414 silly audit   'async.util.restparam': [ '0.5.2' ],
1414 silly audit   'cheerio-select': [ '2.1.0' ],
1414 silly audit   'dom-serializer': [ '2.0.0' ],
1414 silly audit   domhandler: [ '5.0.3' ],
1414 silly audit   domutils: [ '3.2.2' ],
1414 silly audit   'encoding-sniffer': [ '0.2.1' ],
1414 silly audit   htmlparser2: [ '10.1.0' ],
1414 silly audit   parse5: [ '7.3.0' ],
1414 silly audit   'parse5-htmlparser2-tree-adapter': [ '7.1.0' ],
1414 silly audit   'parse5-parser-stream': [ '7.1.2' ],
1414 silly audit   undici: [ '7.29.1' ],
1414 silly audit   'whatwg-mimetype': [ '4.0.0' ],
1414 silly audit   boolbase: [ '1.0.0' ],
1414 silly audit   'css-select': [ '5.2.2' ],
1414 silly audit   'css-what': [ '6.2.2' ],
1414 silly audit   domelementtype: [ '2.3.0' ],
1414 silly audit   'nth-check': [ '2.1.1' ],
1414 silly audit   entities: [ '4.5.0', '7.0.1', '6.0.1' ],
1414 silly audit   'iconv-lite': [ '0.6.3' ],
1414 silly audit   'whatwg-encoding': [ '3.1.1' ],
1414 silly audit   'safer-buffer': [ '2.1.2' ],
1414 silly audit   '@jsep-plugin/assignment': [ '1.3.0' ],
1414 silly audit   jsep: [ '1.4.0' ],
1414 silly audit   '@jsep-plugin/regex': [ '1.0.4' ],
1414 silly audit   keypress: [ '0.2.1' ],
1414 silly audit   picocolors: [ '1.1.1' ],
1414 silly audit   redstar: [ '0.0.2' ],
1414 silly audit   'restore-cursor': [ '3.1.0' ],
1414 silly audit   'string-width': [ '2.1.1' ],
1414 silly audit   ttys: [ '0.0.3' ],
1414 silly audit   minimatch: [ '3.0.8' ],
1414 silly audit   'brace-expansion': [ '1.1.21' ],
1414 silly audit   'balanced-match': [ '1.0.2' ],
1414 silly audit   'concat-map': [ '0.0.1' ],
1414 silly audit   onetime: [ '5.1.2' ],
1414 silly audit   'signal-exit': [ '3.0.7' ],
1414 silly audit   'mimic-fn': [ '2.1.0' ],
1414 silly audit   'is-fullwidth-code-point': [ '2.0.0' ],
1414 silly audit   'strip-ansi': [ '4.0.0' ],
1414 silly audit   'ansi-regex': [ '3.0.1' ],
1414 silly audit   '@pinojs/redact': [ '0.4.0' ],
1414 silly audit   'util-deprecate': [ '1.0.2' ]
1414 silly audit }
1415 http cache util-deprecate@https://registry.npmjs.org/util-deprecate/-/util-deprecate-1.0.2.tgz 0ms (cache hit)
1416 http cache @pinojs/redact@https://registry.npmjs.org/@pinojs/redact/-/redact-0.4.0.tgz 0ms (cache hit)
1417 http cache strip-ansi@https://registry.npmjs.org/strip-ansi/-/strip-ansi-4.0.0.tgz 0ms (cache hit)
1418 http cache ansi-regex@https://registry.npmjs.org/ansi-regex/-/ansi-regex-3.0.1.tgz 0ms (cache hit)
1419 http cache is-fullwidth-code-point@https://registry.npmjs.org/is-fullwidth-code-point/-/is-fullwidth-code-point-2.0.0.tgz 0ms (cache hit)
1420 http cache signal-exit@https://registry.npmjs.org/signal-exit/-/signal-exit-3.0.7.tgz 0ms (cache hit)
1421 http cache concat-map@https://registry.npmjs.org/concat-map/-/concat-map-0.0.1.tgz 0ms (cache hit)
1422 http cache onetime@https://registry.npmjs.org/onetime/-/onetime-5.1.2.tgz 0ms (cache hit)
1423 http cache mimic-fn@https://registry.npmjs.org/mimic-fn/-/mimic-fn-2.1.0.tgz 0ms (cache hit)
1424 http cache balanced-match@https://registry.npmjs.org/balanced-match/-/balanced-match-1.0.2.tgz 0ms (cache hit)
1425 http cache brace-expansion@https://registry.npmjs.org/brace-expansion/-/brace-expansion-1.1.21.tgz 0ms (cache hit)
1426 http cache minimatch@https://registry.npmjs.org/minimatch/-/minimatch-3.0.8.tgz 0ms (cache hit)
1427 http cache ttys@https://registry.npmjs.org/ttys/-/ttys-0.0.3.tgz 0ms (cache hit)
1428 http cache string-width@https://registry.npmjs.org/string-width/-/string-width-2.1.1.tgz 0ms (cache hit)
1429 http cache restore-cursor@https://registry.npmjs.org/restore-cursor/-/restore-cursor-3.1.0.tgz 0ms (cache hit)
1430 http cache redstar@https://registry.npmjs.org/redstar/-/redstar-0.0.2.tgz 0ms (cache hit)
1431 http cache picocolors@https://registry.npmjs.org/picocolors/-/picocolors-1.1.1.tgz 0ms (cache hit)
1432 http cache keypress@https://registry.npmjs.org/keypress/-/keypress-0.2.1.tgz 0ms (cache hit)
1433 http cache jsep@https://registry.npmjs.org/jsep/-/jsep-1.4.0.tgz 0ms (cache hit)
1434 http cache @jsep-plugin/regex@https://registry.npmjs.org/@jsep-plugin/regex/-/regex-1.0.4.tgz 0ms (cache hit)
1435 http cache safer-buffer@https://registry.npmjs.org/safer-buffer/-/safer-buffer-2.1.2.tgz 0ms (cache hit)
1436 http cache @jsep-plugin/assignment@https://registry.npmjs.org/@jsep-plugin/assignment/-/assignment-1.3.0.tgz 0ms (cache hit)
1437 http cache whatwg-encoding@https://registry.npmjs.org/whatwg-encoding/-/whatwg-encoding-3.1.1.tgz 1ms (cache hit)
1438 http cache iconv-lite@https://registry.npmjs.org/iconv-lite/-/iconv-lite-0.6.3.tgz 0ms (cache hit)
1439 http cache entities@https://registry.npmjs.org/entities/-/entities-4.5.0.tgz 0ms (cache hit)
1440 http cache nth-check@https://registry.npmjs.org/nth-check/-/nth-check-2.1.1.tgz 0ms (cache hit)
1441 http cache domelementtype@https://registry.npmjs.org/domelementtype/-/domelementtype-2.3.0.tgz 0ms (cache hit)
1442 http cache css-what@https://registry.npmjs.org/css-what/-/css-what-6.2.2.tgz 0ms (cache hit)
1443 http cache css-select@https://registry.npmjs.org/css-select/-/css-select-5.2.2.tgz 1ms (cache hit)
1444 http cache whatwg-mimetype@https://registry.npmjs.org/whatwg-mimetype/-/whatwg-mimetype-4.0.0.tgz 0ms (cache hit)
1445 http cache boolbase@https://registry.npmjs.org/boolbase/-/boolbase-1.0.0.tgz 0ms (cache hit)
1446 http cache undici@https://registry.npmjs.org/undici/-/undici-7.29.1.tgz 0ms (cache hit)
1447 http cache parse5-parser-stream@https://registry.npmjs.org/parse5-parser-stream/-/parse5-parser-stream-7.1.2.tgz 0ms (cache hit)
1448 http cache parse5-htmlparser2-tree-adapter@https://registry.npmjs.org/parse5-htmlparser2-tree-adapter/-/parse5-htmlparser2-tree-adapter-7.1.0.tgz 0ms (cache hit)
1449 http cache parse5@https://registry.npmjs.org/parse5/-/parse5-7.3.0.tgz 0ms (cache hit)
1450 http cache htmlparser2@https://registry.npmjs.org/htmlparser2/-/htmlparser2-10.1.0.tgz 0ms (cache hit)
1451 http cache encoding-sniffer@https://registry.npmjs.org/encoding-sniffer/-/encoding-sniffer-0.2.1.tgz 0ms (cache hit)
1452 http cache domutils@https://registry.npmjs.org/domutils/-/domutils-3.2.2.tgz 0ms (cache hit)
1453 http cache domhandler@https://registry.npmjs.org/domhandler/-/domhandler-5.0.3.tgz 0ms (cache hit)
1454 http cache dom-serializer@https://registry.npmjs.org/dom-serializer/-/dom-serializer-2.0.0.tgz 0ms (cache hit)
1455 http cache cheerio-select@https://registry.npmjs.org/cheerio-select/-/cheerio-select-2.1.0.tgz 0ms (cache hit)
1456 http cache async.util.restparam@https://registry.npmjs.org/async.util.restparam/-/async.util.restparam-0.5.2.tgz 0ms (cache hit)
1457 http cache async.util.isarray@https://registry.npmjs.org/async.util.isarray/-/async.util.isarray-0.5.2.tgz 0ms (cache hit)
1458 http cache async.util.keys@https://registry.npmjs.org/async.util.keys/-/async.util.keys-0.5.2.tgz 0ms (cache hit)
1459 http cache async.util.isarraylike@https://registry.npmjs.org/async.util.isarraylike/-/async.util.isarraylike-0.5.2.tgz 0ms (cache hit)
1460 http cache async.util.onlyonce@https://registry.npmjs.org/async.util.onlyonce/-/async.util.onlyonce-0.5.2.tgz 0ms (cache hit)
1461 http cache async.util.once@https://registry.npmjs.org/async.util.once/-/async.util.once-0.5.2.tgz 0ms (cache hit)
1462 http cache async.util.noop@https://registry.npmjs.org/async.util.noop/-/async.util.noop-0.5.2.tgz 0ms (cache hit)
1463 http cache async.util.keyiterator@https://registry.npmjs.org/async.util.keyiterator/-/async.util.keyiterator-0.5.2.tgz 0ms (cache hit)
1464 http cache async.util.parallel@https://registry.npmjs.org/async.util.parallel/-/async.util.parallel-0.5.2.tgz 0ms (cache hit)
1465 http cache async.util.eachoflimit@https://registry.npmjs.org/async.util.eachoflimit/-/async.util.eachoflimit-0.5.2.tgz 0ms (cache hit)
1466 http cache node-fzf@https://registry.npmjs.org/node-fzf/-/node-fzf-0.14.0.tgz 1ms (cache hit)
1467 http cache jsonpath-plus@https://registry.npmjs.org/jsonpath-plus/-/jsonpath-plus-10.3.0.tgz 0ms (cache hit)
1468 http cache human-time@https://registry.npmjs.org/human-time/-/human-time-0.0.2.tgz 0ms (cache hit)
1469 http cache dasu@https://registry.npmjs.org/dasu/-/dasu-0.4.3.tgz 0ms (cache hit)
1470 http cache cheerio@https://registry.npmjs.org/cheerio/-/cheerio-1.2.0.tgz 0ms (cache hit)
1471 http cache boolstring@https://registry.npmjs.org/boolstring/-/boolstring-2.0.1.tgz 0ms (cache hit)
1472 http cache async.parallellimit@https://registry.npmjs.org/async.parallellimit/-/async.parallellimit-0.5.2.tgz 0ms (cache hit)
1473 http cache inherits@https://registry.npmjs.org/inherits/-/inherits-2.0.4.tgz 0ms (cache hit)
1474 http cache fs-constants@https://registry.npmjs.org/fs-constants/-/fs-constants-1.0.0.tgz 0ms (cache hit)
1475 http cache bl@https://registry.npmjs.org/bl/-/bl-4.1.0.tgz 0ms (cache hit)
1476 http cache tar-stream@https://registry.npmjs.org/tar-stream/-/tar-stream-2.2.0.tgz 0ms (cache hit)
1477 http cache chownr@https://registry.npmjs.org/chownr/-/chownr-1.1.4.tgz 0ms (cache hit)
1478 http cache safe-buffer@https://registry.npmjs.org/safe-buffer/-/safe-buffer-5.2.1.tgz 0ms (cache hit)
1479 http cache mimic-response@https://registry.npmjs.org/mimic-response/-/mimic-response-3.1.0.tgz 0ms (cache hit)
1480 http cache simple-concat@https://registry.npmjs.org/simple-concat/-/simple-concat-1.0.1.tgz 0ms (cache hit)
1481 http cache decompress-response@https://registry.npmjs.org/decompress-response/-/decompress-response-6.0.0.tgz 0ms (cache hit)
1482 http cache @img/colour@https://registry.npmjs.org/@img/colour/-/colour-1.1.0.tgz 0ms (cache hit)
1483 http cache ieee754@https://registry.npmjs.org/ieee754/-/ieee754-1.2.1.tgz 0ms (cache hit)
1484 http cache base64-js@https://registry.npmjs.org/base64-js/-/base64-js-1.5.1.tgz 0ms (cache hit)
1485 http cache event-target-shim@https://registry.npmjs.org/event-target-shim/-/event-target-shim-5.0.1.tgz 0ms (cache hit)
1486 http cache string_decoder@https://registry.npmjs.org/string_decoder/-/string_decoder-1.3.0.tgz 0ms (cache hit)
1487 http cache process@https://registry.npmjs.org/process/-/process-0.11.10.tgz 0ms (cache hit)
1488 http cache events@https://registry.npmjs.org/events/-/events-3.3.0.tgz 0ms (cache hit)
1489 http cache buffer@https://registry.npmjs.org/buffer/-/buffer-6.0.3.tgz 0ms (cache hit)
1490 http cache abort-controller@https://registry.npmjs.org/abort-controller/-/abort-controller-3.0.0.tgz 0ms (cache hit)
1491 http cache strip-json-comments@https://registry.npmjs.org/strip-json-comments/-/strip-json-comments-2.0.1.tgz 1ms (cache hit)
1492 http cache ini@https://registry.npmjs.org/ini/-/ini-1.3.8.tgz 0ms (cache hit)
1493 http cache deep-extend@https://registry.npmjs.org/deep-extend/-/deep-extend-0.6.0.tgz 0ms (cache hit)
1494 http cache wrappy@https://registry.npmjs.org/wrappy/-/wrappy-1.0.2.tgz 0ms (cache hit)
1495 http cache once@https://registry.npmjs.org/once/-/once-1.4.0.tgz 0ms (cache hit)
1496 http cache end-of-stream@https://registry.npmjs.org/end-of-stream/-/end-of-stream-1.4.5.tgz 0ms (cache hit)
1497 http cache undici-types@https://registry.npmjs.org/undici-types/-/undici-types-8.9.0.tgz 0ms (cache hit)
1498 http cache long@https://registry.npmjs.org/long/-/long-5.3.2.tgz 0ms (cache hit)
1499 http cache @types/node@https://registry.npmjs.org/@types/node/-/node-26.6.2.tgz 0ms (cache hit)
1500 http cache @protobufjs/utf8@https://registry.npmjs.org/@protobufjs/utf8/-/utf8-1.1.2.tgz 0ms (cache hit)
1501 http cache @protobufjs/pool@https://registry.npmjs.org/@protobufjs/pool/-/pool-1.1.0.tgz 0ms (cache hit)
1502 http cache @protobufjs/path@https://registry.npmjs.org/@protobufjs/path/-/path-1.1.2.tgz 0ms (cache hit)
1503 http cache @protobufjs/float@https://registry.npmjs.org/@protobufjs/float/-/float-1.0.2.tgz 0ms (cache hit)
1504 http cache @protobufjs/fetch@https://registry.npmjs.org/@protobufjs/fetch/-/fetch-1.1.1.tgz 1ms (cache hit)
1505 http cache @protobufjs/eventemitter@https://registry.npmjs.org/@protobufjs/eventemitter/-/eventemitter-1.1.1.tgz 0ms (cache hit)
1506 http cache @protobufjs/codegen@https://registry.npmjs.org/@protobufjs/codegen/-/codegen-2.0.5.tgz 0ms (cache hit)
1507 http cache @protobufjs/base64@https://registry.npmjs.org/@protobufjs/base64/-/base64-1.1.2.tgz 0ms (cache hit)
1508 http cache tar-fs@https://registry.npmjs.org/tar-fs/-/tar-fs-2.1.5.tgz 0ms (cache hit)
1509 http cache @protobufjs/aspromise@https://registry.npmjs.org/@protobufjs/aspromise/-/aspromise-1.1.2.tgz 0ms (cache hit)
1510 http cache simple-get@https://registry.npmjs.org/simple-get/-/simple-get-4.0.1.tgz 0ms (cache hit)
1511 http cache rc@https://registry.npmjs.org/rc/-/rc-1.2.8.tgz 0ms (cache hit)
1512 http cache pump@https://registry.npmjs.org/pump/-/pump-3.0.4.tgz 0ms (cache hit)
1513 http cache node-abi@https://registry.npmjs.org/node-abi/-/node-abi-3.96.0.tgz 0ms (cache hit)
1514 http cache mkdirp-classic@https://registry.npmjs.org/mkdirp-classic/-/mkdirp-classic-0.5.3.tgz 0ms (cache hit)
1515 http cache napi-build-utils@https://registry.npmjs.org/napi-build-utils/-/napi-build-utils-2.0.0.tgz 0ms (cache hit)
1516 http cache semver@https://registry.npmjs.org/semver/-/semver-7.8.5.tgz 0ms (cache hit)
1517 http cache minimist@https://registry.npmjs.org/minimist/-/minimist-1.2.8.tgz 1ms (cache hit)
1518 http cache github-from-package@https://registry.npmjs.org/github-from-package/-/github-from-package-0.0.0.tgz 0ms (cache hit)
1519 http cache expand-template@https://registry.npmjs.org/expand-template/-/expand-template-2.0.3.tgz 0ms (cache hit)
1520 http cache detect-libc@https://registry.npmjs.org/detect-libc/-/detect-libc-2.1.2.tgz 0ms (cache hit)
1521 http cache xtend@https://registry.npmjs.org/xtend/-/xtend-4.0.2.tgz 0ms (cache hit)
1522 http cache readable-stream@https://registry.npmjs.org/readable-stream/-/readable-stream-4.7.0.tgz 0ms (cache hit)
1523 http cache thread-stream@https://registry.npmjs.org/thread-stream/-/thread-stream-2.7.0.tgz 0ms (cache hit)
1524 http cache safe-stable-stringify@https://registry.npmjs.org/safe-stable-stringify/-/safe-stable-stringify-2.5.0.tgz 0ms (cache hit)
1525 http cache sonic-boom@https://registry.npmjs.org/sonic-boom/-/sonic-boom-3.8.1.tgz 0ms (cache hit)
1526 http cache real-require@https://registry.npmjs.org/real-require/-/real-require-0.2.0.tgz 0ms (cache hit)
1527 http cache tunnel-agent@https://registry.npmjs.org/tunnel-agent/-/tunnel-agent-0.6.0.tgz 0ms (cache hit)
1528 http cache quick-format-unescaped@https://registry.npmjs.org/quick-format-unescaped/-/quick-format-unescaped-4.0.4.tgz 0ms (cache hit)
1529 http cache pino-std-serializers@https://registry.npmjs.org/pino-std-serializers/-/pino-std-serializers-6.2.2.tgz 0ms (cache hit)
1530 http cache process-warning@https://registry.npmjs.org/process-warning/-/process-warning-3.0.0.tgz 0ms (cache hit)
1531 http cache pino-abstract-transport@https://registry.npmjs.org/pino-abstract-transport/-/pino-abstract-transport-1.2.0.tgz 0ms (cache hit)
1532 http cache fast-redact@https://registry.npmjs.org/fast-redact/-/fast-redact-3.5.0.tgz 0ms (cache hit)
1533 http cache atomic-sleep@https://registry.npmjs.org/atomic-sleep/-/atomic-sleep-1.0.0.tgz 1ms (cache hit)
1534 http cache on-exit-leak-free@https://registry.npmjs.org/on-exit-leak-free/-/on-exit-leak-free-2.1.2.tgz 0ms (cache hit)
1535 http cache split2@https://registry.npmjs.org/split2/-/split2-4.2.0.tgz 0ms (cache hit)
1536 http cache postgres-interval@https://registry.npmjs.org/postgres-interval/-/postgres-interval-1.2.0.tgz 0ms (cache hit)
1537 http cache postgres-date@https://registry.npmjs.org/postgres-date/-/postgres-date-1.0.7.tgz 0ms (cache hit)
1538 http cache postgres-bytea@https://registry.npmjs.org/postgres-bytea/-/postgres-bytea-1.0.1.tgz 0ms (cache hit)
1539 http cache postgres-array@https://registry.npmjs.org/postgres-array/-/postgres-array-2.0.0.tgz 0ms (cache hit)
1540 http cache pg-int8@https://registry.npmjs.org/pg-int8/-/pg-int8-1.0.1.tgz 0ms (cache hit)
1541 http cache pgpass@https://registry.npmjs.org/pgpass/-/pgpass-1.0.5.tgz 0ms (cache hit)
1542 http cache pg-types@https://registry.npmjs.org/pg-types/-/pg-types-2.2.0.tgz 0ms (cache hit)
1543 http cache pg-protocol@https://registry.npmjs.org/pg-protocol/-/pg-protocol-1.16.0.tgz 0ms (cache hit)
1544 http cache pg-pool@https://registry.npmjs.org/pg-pool/-/pg-pool-3.14.0.tgz 0ms (cache hit)
1545 http cache pg-connection-string@https://registry.npmjs.org/pg-connection-string/-/pg-connection-string-2.14.0.tgz 0ms (cache hit)
1546 http cache pg-cloudflare@https://registry.npmjs.org/pg-cloudflare/-/pg-cloudflare-1.4.0.tgz 0ms (cache hit)
1547 http cache p-timeout@https://registry.npmjs.org/p-timeout/-/p-timeout-7.0.2.tgz 0ms (cache hit)
1548 http cache eventemitter3@https://registry.npmjs.org/eventemitter3/-/eventemitter3-5.0.4.tgz 0ms (cache hit)
1549 http cache @tokenizer/inflate@https://registry.npmjs.org/@tokenizer/inflate/-/inflate-0.4.1.tgz 0ms (cache hit)
1550 http cache win-guid@https://registry.npmjs.org/win-guid/-/win-guid-0.2.1.tgz 0ms (cache hit)
1551 http cache uint8array-extras@https://registry.npmjs.org/uint8array-extras/-/uint8array-extras-1.5.0.tgz 0ms (cache hit)
1552 http cache token-types@https://registry.npmjs.org/token-types/-/token-types-6.1.2.tgz 0ms (cache hit)
1553 http cache strtok3@https://registry.npmjs.org/strtok3/-/strtok3-10.3.5.tgz 0ms (cache hit)
1554 http cache media-typer@https://registry.npmjs.org/media-typer/-/media-typer-2.0.0.tgz 0ms (cache hit)
1555 http cache file-type@https://registry.npmjs.org/file-type/-/file-type-21.3.4.tgz 0ms (cache hit)
1556 http cache content-type@https://registry.npmjs.org/content-type/-/content-type-2.1.0.tgz 0ms (cache hit)
1557 http cache @tokenizer/token@https://registry.npmjs.org/@tokenizer/token/-/token-0.3.0.tgz 0ms (cache hit)
1558 http cache moment@https://registry.npmjs.org/moment/-/moment-2.31.0.tgz 0ms (cache hit)
1559 http cache @borewit/text-codec@https://registry.npmjs.org/@borewit/text-codec/-/text-codec-0.2.2.tgz 0ms (cache hit)
1560 http cache mime-db@https://registry.npmjs.org/mime-db/-/mime-db-1.52.0.tgz 0ms (cache hit)
1561 http cache curve25519-js@https://registry.npmjs.org/curve25519-js/-/curve25519-js-0.0.4.tgz 0ms (cache hit)
1562 http cache ms@https://registry.npmjs.org/ms/-/ms-2.1.3.tgz 0ms (cache hit)
1563 http cache @keyv/serialize@https://registry.npmjs.org/@keyv/serialize/-/serialize-1.1.1.tgz 0ms (cache hit)
1564 http cache debug@https://registry.npmjs.org/debug/-/debug-4.4.3.tgz 0ms (cache hit)
1565 http cache agent-base@https://registry.npmjs.org/agent-base/-/agent-base-6.0.2.tgz 0ms (cache hit)
1566 http cache dunder-proto@https://registry.npmjs.org/dunder-proto/-/dunder-proto-1.0.1.tgz 0ms (cache hit)
1567 http cache has-symbols@https://registry.npmjs.org/has-symbols/-/has-symbols-1.1.0.tgz 0ms (cache hit)
1568 http cache math-intrinsics@https://registry.npmjs.org/math-intrinsics/-/math-intrinsics-1.1.0.tgz 0ms (cache hit)
1569 http cache gopd@https://registry.npmjs.org/gopd/-/gopd-1.2.0.tgz 1ms (cache hit)
1570 http cache get-proto@https://registry.npmjs.org/get-proto/-/get-proto-1.0.1.tgz 0ms (cache hit)
1571 http cache function-bind@https://registry.npmjs.org/function-bind/-/function-bind-1.1.2.tgz 0ms (cache hit)
1572 http cache es-object-atoms@https://registry.npmjs.org/es-object-atoms/-/es-object-atoms-1.1.2.tgz 0ms (cache hit)
1573 http cache es-define-property@https://registry.npmjs.org/es-define-property/-/es-define-property-1.0.1.tgz 0ms (cache hit)
1574 http cache call-bind-apply-helpers@https://registry.npmjs.org/call-bind-apply-helpers/-/call-bind-apply-helpers-1.0.2.tgz 0ms (cache hit)
1575 http cache universalify@https://registry.npmjs.org/universalify/-/universalify-2.0.1.tgz 0ms (cache hit)
1576 http cache jsonfile@https://registry.npmjs.org/jsonfile/-/jsonfile-6.2.1.tgz 0ms (cache hit)
1577 http cache graceful-fs@https://registry.npmjs.org/graceful-fs/-/graceful-fs-4.2.11.tgz 0ms (cache hit)
1578 http cache has-tostringtag@https://registry.npmjs.org/has-tostringtag/-/has-tostringtag-1.0.2.tgz 0ms (cache hit)
1579 http cache get-intrinsic@https://registry.npmjs.org/get-intrinsic/-/get-intrinsic-1.3.0.tgz 0ms (cache hit)
1580 http cache es-errors@https://registry.npmjs.org/es-errors/-/es-errors-1.3.0.tgz 0ms (cache hit)
1581 http cache delayed-stream@https://registry.npmjs.org/delayed-stream/-/delayed-stream-1.0.0.tgz 1ms (cache hit)
1582 http cache mime-types@https://registry.npmjs.org/mime-types/-/mime-types-2.1.35.tgz 0ms (cache hit)
1583 http cache hasown@https://registry.npmjs.org/hasown/-/hasown-2.0.4.tgz 0ms (cache hit)
1584 http cache es-set-tostringtag@https://registry.npmjs.org/es-set-tostringtag/-/es-set-tostringtag-2.1.0.tgz 0ms (cache hit)
1585 http cache combined-stream@https://registry.npmjs.org/combined-stream/-/combined-stream-1.0.8.tgz 0ms (cache hit)
1586 http cache asynckit@https://registry.npmjs.org/asynckit/-/asynckit-0.4.0.tgz 1ms (cache hit)
1587 http cache node-addon-api@https://registry.npmjs.org/node-addon-api/-/node-addon-api-7.1.1.tgz 0ms (cache hit)
1588 http cache hashery@https://registry.npmjs.org/hashery/-/hashery-1.5.1.tgz 0ms (cache hit)
1589 http cache @keyv/bigmap@https://registry.npmjs.org/@keyv/bigmap/-/bigmap-1.3.1.tgz 0ms (cache hit)
1590 http cache qified@https://registry.npmjs.org/qified/-/qified-0.10.1.tgz 0ms (cache hit)
1591 http cache @cacheable/utils@https://registry.npmjs.org/@cacheable/utils/-/utils-2.5.0.tgz 0ms (cache hit)
1592 http cache @cacheable/memory@https://registry.npmjs.org/@cacheable/memory/-/memory-2.2.0.tgz 0ms (cache hit)
1593 http cache file-uri-to-path@https://registry.npmjs.org/file-uri-to-path/-/file-uri-to-path-1.0.0.tgz 0ms (cache hit)
1594 http cache prebuild-install@https://registry.npmjs.org/prebuild-install/-/prebuild-install-7.1.3.tgz 0ms (cache hit)
1595 http cache bindings@https://registry.npmjs.org/bindings/-/bindings-1.5.0.tgz 0ms (cache hit)
1596 http cache proxy-from-env@https://registry.npmjs.org/proxy-from-env/-/proxy-from-env-2.1.0.tgz 0ms (cache hit)
1597 http cache https-proxy-agent@https://registry.npmjs.org/https-proxy-agent/-/https-proxy-agent-5.0.1.tgz 0ms (cache hit)
1598 http cache follow-redirects@https://registry.npmjs.org/follow-redirects/-/follow-redirects-1.16.0.tgz 0ms (cache hit)
1599 http cache tslib@https://registry.npmjs.org/tslib/-/tslib-2.8.1.tgz 0ms (cache hit)
1600 http cache keyv@https://registry.npmjs.org/keyv/-/keyv-5.6.0.tgz 0ms (cache hit)
1601 http cache hookified@https://registry.npmjs.org/hookified/-/hookified-1.15.1.tgz 0ms (cache hit)
1602 http cache cacheable@https://registry.npmjs.org/cacheable/-/cacheable-2.5.0.tgz 0ms (cache hit)
1603 http cache whatsapp-rust-bridge@https://registry.npmjs.org/whatsapp-rust-bridge/-/whatsapp-rust-bridge-0.5.4.tgz 0ms (cache hit)
1604 http cache protobufjs@https://registry.npmjs.org/protobufjs/-/protobufjs-7.6.6.tgz 0ms (cache hit)
1605 http cache p-queue@https://registry.npmjs.org/p-queue/-/p-queue-9.3.3.tgz 0ms (cache hit)
1606 http cache music-metadata@https://registry.npmjs.org/music-metadata/-/music-metadata-11.15.0.tgz 0ms (cache hit)
1607 http cache lru-cache@https://registry.npmjs.org/lru-cache/-/lru-cache-11.5.3.tgz 0ms (cache hit)
1608 http cache libsignal@https://registry.npmjs.org/libsignal/-/libsignal-6.0.0.tgz 0ms (cache hit)
1609 http cache async-mutex@https://registry.npmjs.org/async-mutex/-/async-mutex-0.5.0.tgz 1ms (cache hit)
1610 http cache @cacheable/node-cache@https://registry.npmjs.org/@cacheable/node-cache/-/node-cache-1.7.6.tgz 0ms (cache hit)
1611 http cache @hapi/hoek@https://registry.npmjs.org/@hapi/hoek/-/hoek-11.0.7.tgz 0ms (cache hit)
1612 http cache yt-search@https://registry.npmjs.org/yt-search/-/yt-search-2.13.1.tgz 0ms (cache hit)
1613 http cache ws@https://registry.npmjs.org/ws/-/ws-8.21.3.tgz 0ms (cache hit)
1614 http cache qrcode-terminal@https://registry.npmjs.org/qrcode-terminal/-/qrcode-terminal-0.12.0.tgz 0ms (cache hit)
1615 http cache pg@https://registry.npmjs.org/pg/-/pg-8.23.0.tgz 0ms (cache hit)
1616 http cache pino@https://registry.npmjs.org/pino/-/pino-8.21.0.tgz 0ms (cache hit)
1617 http cache moment-timezone@https://registry.npmjs.org/moment-timezone/-/moment-timezone-0.5.48.tgz 0ms (cache hit)
1618 http cache fs-extra@https://registry.npmjs.org/fs-extra/-/fs-extra-11.4.0.tgz 0ms (cache hit)
1619 http cache form-data@https://registry.npmjs.org/form-data/-/form-data-4.0.6.tgz 0ms (cache hit)
1620 http cache dotenv@https://registry.npmjs.org/dotenv/-/dotenv-16.6.1.tgz 0ms (cache hit)
1621 http cache canvas@https://registry.npmjs.org/canvas/-/canvas-3.2.3.tgz 0ms (cache hit)
1622 http cache better-sqlite3@https://registry.npmjs.org/better-sqlite3/-/better-sqlite3-11.10.0.tgz 0ms (cache hit)
1623 http cache axios@https://registry.npmjs.org/axios/-/axios-1.20.0.tgz 0ms (cache hit)
1624 http cache sharp@https://registry.npmjs.org/sharp/-/sharp-0.35.4.tgz 0ms (cache hit)
1625 http cache @whiskeysockets/baileys@https://registry.npmjs.org/@whiskeysockets/baileys/-/baileys-7.0.0-rc14.tgz 0ms (cache hit)
1626 http cache @hapi/boom@https://registry.npmjs.org/@hapi/boom/-/boom-10.0.1.tgz 0ms (cache hit)
1627 http cache entities@https://registry.npmjs.org/entities/-/entities-7.0.1.tgz 0ms (cache hit)
1628 http cache readable-stream@https://registry.npmjs.org/readable-stream/-/readable-stream-3.6.2.tgz 0ms (cache hit)
1629 http cache readable-stream@https://registry.npmjs.org/readable-stream/-/readable-stream-3.6.2.tgz 0ms (cache hit)
1630 http cache buffer@https://registry.npmjs.org/buffer/-/buffer-5.7.1.tgz 0ms (cache hit)
1631 http cache hookified@https://registry.npmjs.org/hookified/-/hookified-2.2.0.tgz 0ms (cache hit)
1632 http cache entities@https://registry.npmjs.org/entities/-/entities-6.0.1.tgz 0ms (cache hit)
1633 http cache thread-stream@https://registry.npmjs.org/thread-stream/-/thread-stream-3.2.0.tgz 0ms (cache hit)
1634 http cache sonic-boom@https://registry.npmjs.org/sonic-boom/-/sonic-boom-4.2.1.tgz 0ms (cache hit)
1635 http cache process-warning@https://registry.npmjs.org/process-warning/-/process-warning-5.1.0.tgz 0ms (cache hit)
1636 http cache pino-abstract-transport@https://registry.npmjs.org/pino-abstract-transport/-/pino-abstract-transport-2.0.0.tgz 0ms (cache hit)
1637 http cache pino-std-serializers@https://registry.npmjs.org/pino-std-serializers/-/pino-std-serializers-7.1.0.tgz 0ms (cache hit)
1638 http cache @hapi/hoek@https://registry.npmjs.org/@hapi/hoek/-/hoek-9.3.0.tgz 0ms (cache hit)
1639 http cache pino@https://registry.npmjs.org/pino/-/pino-9.14.0.tgz 0ms (cache hit)
1640 http cache @hapi/boom@https://registry.npmjs.org/@hapi/boom/-/boom-9.1.4.tgz 0ms (cache hit)
1641 silly tarball no local data for util-deprecate@https://registry.npmjs.org/util-deprecate/-/util-deprecate-1.0.2.tgz. Extracting by manifest.
1642 silly tarball no local data for @pinojs/redact@https://registry.npmjs.org/@pinojs/redact/-/redact-0.4.0.tgz. Extracting by manifest.
1643 silly tarball no local data for strip-ansi@https://registry.npmjs.org/strip-ansi/-/strip-ansi-4.0.0.tgz. Extracting by manifest.
1644 silly tarball no local data for ansi-regex@https://registry.npmjs.org/ansi-regex/-/ansi-regex-3.0.1.tgz. Extracting by manifest.
1645 silly tarball no local data for is-fullwidth-code-point@https://registry.npmjs.org/is-fullwidth-code-point/-/is-fullwidth-code-point-2.0.0.tgz. Extracting by manifest.
1646 silly tarball no local data for signal-exit@https://registry.npmjs.org/signal-exit/-/signal-exit-3.0.7.tgz. Extracting by manifest.
1647 silly tarball no local data for concat-map@https://registry.npmjs.org/concat-map/-/concat-map-0.0.1.tgz. Extracting by manifest.
1648 silly tarball no local data for onetime@https://registry.npmjs.org/onetime/-/onetime-5.1.2.tgz. Extracting by manifest.
1649 silly tarball no local data for mimic-fn@https://registry.npmjs.org/mimic-fn/-/mimic-fn-2.1.0.tgz. Extracting by manifest.
1650 silly tarball no local data for balanced-match@https://registry.npmjs.org/balanced-match/-/balanced-match-1.0.2.tgz. Extracting by manifest.
1651 silly tarball no local data for brace-expansion@https://registry.npmjs.org/brace-expansion/-/brace-expansion-1.1.21.tgz. Extracting by manifest.
1652 silly tarball no local data for minimatch@https://registry.npmjs.org/minimatch/-/minimatch-3.0.8.tgz. Extracting by manifest.
1653 silly tarball no local data for ttys@https://registry.npmjs.org/ttys/-/ttys-0.0.3.tgz. Extracting by manifest.
1654 silly tarball no local data for string-width@https://registry.npmjs.org/string-width/-/string-width-2.1.1.tgz. Extracting by manifest.
1655 silly tarball no local data for restore-cursor@https://registry.npmjs.org/restore-cursor/-/restore-cursor-3.1.0.tgz. Extracting by manifest.
1656 silly tarball no local data for redstar@https://registry.npmjs.org/redstar/-/redstar-0.0.2.tgz. Extracting by manifest.
1657 silly tarball no local data for picocolors@https://registry.npmjs.org/picocolors/-/picocolors-1.1.1.tgz. Extracting by manifest.
1658 silly tarball no local data for keypress@https://registry.npmjs.org/keypress/-/keypress-0.2.1.tgz. Extracting by manifest.
1659 silly tarball no local data for jsep@https://registry.npmjs.org/jsep/-/jsep-1.4.0.tgz. Extracting by manifest.
1660 silly tarball no local data for @jsep-plugin/regex@https://registry.npmjs.org/@jsep-plugin/regex/-/regex-1.0.4.tgz. Extracting by manifest.
1661 silly tarball no local data for safer-buffer@https://registry.npmjs.org/safer-buffer/-/safer-buffer-2.1.2.tgz. Extracting by manifest.
1662 silly tarball no local data for @jsep-plugin/assignment@https://registry.npmjs.org/@jsep-plugin/assignment/-/assignment-1.3.0.tgz. Extracting by manifest.
1663 silly tarball no local data for whatwg-encoding@https://registry.npmjs.org/whatwg-encoding/-/whatwg-encoding-3.1.1.tgz. Extracting by manifest.
1664 silly tarball no local data for iconv-lite@https://registry.npmjs.org/iconv-lite/-/iconv-lite-0.6.3.tgz. Extracting by manifest.
1665 silly tarball no local data for entities@https://registry.npmjs.org/entities/-/entities-4.5.0.tgz. Extracting by manifest.
1666 silly tarball no local data for nth-check@https://registry.npmjs.org/nth-check/-/nth-check-2.1.1.tgz. Extracting by manifest.
1667 silly tarball no local data for domelementtype@https://registry.npmjs.org/domelementtype/-/domelementtype-2.3.0.tgz. Extracting by manifest.
1668 silly tarball no local data for css-what@https://registry.npmjs.org/css-what/-/css-what-6.2.2.tgz. Extracting by manifest.
1669 silly tarball no local data for css-select@https://registry.npmjs.org/css-select/-/css-select-5.2.2.tgz. Extracting by manifest.
1670 silly tarball no local data for whatwg-mimetype@https://registry.npmjs.org/whatwg-mimetype/-/whatwg-mimetype-4.0.0.tgz. Extracting by manifest.
1671 silly tarball no local data for boolbase@https://registry.npmjs.org/boolbase/-/boolbase-1.0.0.tgz. Extracting by manifest.
1672 silly tarball no local data for undici@https://registry.npmjs.org/undici/-/undici-7.29.1.tgz. Extracting by manifest.
1673 silly tarball no local data for parse5-parser-stream@https://registry.npmjs.org/parse5-parser-stream/-/parse5-parser-stream-7.1.2.tgz. Extracting by manifest.
1674 silly tarball no local data for parse5-htmlparser2-tree-adapter@https://registry.npmjs.org/parse5-htmlparser2-tree-adapter/-/parse5-htmlparser2-tree-adapter-7.1.0.tgz. Extracting by manifest.
1675 silly tarball no local data for parse5@https://registry.npmjs.org/parse5/-/parse5-7.3.0.tgz. Extracting by manifest.
1676 silly tarball no local data for htmlparser2@https://registry.npmjs.org/htmlparser2/-/htmlparser2-10.1.0.tgz. Extracting by manifest.
1677 silly tarball no local data for encoding-sniffer@https://registry.npmjs.org/encoding-sniffer/-/encoding-sniffer-0.2.1.tgz. Extracting by manifest.
1678 silly tarball no local data for domutils@https://registry.npmjs.org/domutils/-/domutils-3.2.2.tgz. Extracting by manifest.
1679 silly tarball no local data for domhandler@https://registry.npmjs.org/domhandler/-/domhandler-5.0.3.tgz. Extracting by manifest.
1680 silly tarball no local data for dom-serializer@https://registry.npmjs.org/dom-serializer/-/dom-serializer-2.0.0.tgz. Extracting by manifest.
1681 silly tarball no local data for cheerio-select@https://registry.npmjs.org/cheerio-select/-/cheerio-select-2.1.0.tgz. Extracting by manifest.
1682 silly tarball no local data for async.util.restparam@https://registry.npmjs.org/async.util.restparam/-/async.util.restparam-0.5.2.tgz. Extracting by manifest.
1683 silly tarball no local data for async.util.isarray@https://registry.npmjs.org/async.util.isarray/-/async.util.isarray-0.5.2.tgz. Extracting by manifest.
1684 silly tarball no local data for async.util.keys@https://registry.npmjs.org/async.util.keys/-/async.util.keys-0.5.2.tgz. Extracting by manifest.
1685 silly tarball no local data for async.util.isarraylike@https://registry.npmjs.org/async.util.isarraylike/-/async.util.isarraylike-0.5.2.tgz. Extracting by manifest.
1686 silly tarball no local data for async.util.onlyonce@https://registry.npmjs.org/async.util.onlyonce/-/async.util.onlyonce-0.5.2.tgz. Extracting by manifest.
1687 silly tarball no local data for async.util.once@https://registry.npmjs.org/async.util.once/-/async.util.once-0.5.2.tgz. Extracting by manifest.
1688 silly tarball no local data for async.util.noop@https://registry.npmjs.org/async.util.noop/-/async.util.noop-0.5.2.tgz. Extracting by manifest.
1689 silly tarball no local data for async.util.keyiterator@https://registry.npmjs.org/async.util.keyiterator/-/async.util.keyiterator-0.5.2.tgz. Extracting by manifest.
1690 silly tarball no local data for async.util.parallel@https://registry.npmjs.org/async.util.parallel/-/async.util.parallel-0.5.2.tgz. Extracting by manifest.
1691 silly tarball no local data for async.util.eachoflimit@https://registry.npmjs.org/async.util.eachoflimit/-/async.util.eachoflimit-0.5.2.tgz. Extracting by manifest.
1692 silly tarball no local data for node-fzf@https://registry.npmjs.org/node-fzf/-/node-fzf-0.14.0.tgz. Extracting by manifest.
1693 silly tarball no local data for jsonpath-plus@https://registry.npmjs.org/jsonpath-plus/-/jsonpath-plus-10.3.0.tgz. Extracting by manifest.
1694 silly tarball no local data for human-time@https://registry.npmjs.org/human-time/-/human-time-0.0.2.tgz. Extracting by manifest.
1695 silly tarball no local data for dasu@https://registry.npmjs.org/dasu/-/dasu-0.4.3.tgz. Extracting by manifest.
1696 silly tarball no local data for cheerio@https://registry.npmjs.org/cheerio/-/cheerio-1.2.0.tgz. Extracting by manifest.
1697 silly tarball no local data for boolstring@https://registry.npmjs.org/boolstring/-/boolstring-2.0.1.tgz. Extracting by manifest.
1698 silly tarball no local data for async.parallellimit@https://registry.npmjs.org/async.parallellimit/-/async.parallellimit-0.5.2.tgz. Extracting by manifest.
1699 silly tarball no local data for inherits@https://registry.npmjs.org/inherits/-/inherits-2.0.4.tgz. Extracting by manifest.
1700 silly tarball no local data for fs-constants@https://registry.npmjs.org/fs-constants/-/fs-constants-1.0.0.tgz. Extracting by manifest.
1701 silly tarball no local data for bl@https://registry.npmjs.org/bl/-/bl-4.1.0.tgz. Extracting by manifest.
1702 silly tarball no local data for tar-stream@https://registry.npmjs.org/tar-stream/-/tar-stream-2.2.0.tgz. Extracting by manifest.
1703 silly tarball no local data for chownr@https://registry.npmjs.org/chownr/-/chownr-1.1.4.tgz. Extracting by manifest.
1704 silly tarball no local data for safe-buffer@https://registry.npmjs.org/safe-buffer/-/safe-buffer-5.2.1.tgz. Extracting by manifest.
1705 silly tarball no local data for mimic-response@https://registry.npmjs.org/mimic-response/-/mimic-response-3.1.0.tgz. Extracting by manifest.
1706 silly tarball no local data for simple-concat@https://registry.npmjs.org/simple-concat/-/simple-concat-1.0.1.tgz. Extracting by manifest.
1707 silly tarball no local data for decompress-response@https://registry.npmjs.org/decompress-response/-/decompress-response-6.0.0.tgz. Extracting by manifest.
1708 silly tarball no local data for @img/colour@https://registry.npmjs.org/@img/colour/-/colour-1.1.0.tgz. Extracting by manifest.
1709 silly tarball no local data for ieee754@https://registry.npmjs.org/ieee754/-/ieee754-1.2.1.tgz. Extracting by manifest.
1710 silly tarball no local data for base64-js@https://registry.npmjs.org/base64-js/-/base64-js-1.5.1.tgz. Extracting by manifest.
1711 silly tarball no local data for event-target-shim@https://registry.npmjs.org/event-target-shim/-/event-target-shim-5.0.1.tgz. Extracting by manifest.
1712 silly tarball no local data for string_decoder@https://registry.npmjs.org/string_decoder/-/string_decoder-1.3.0.tgz. Extracting by manifest.
1713 silly tarball no local data for process@https://registry.npmjs.org/process/-/process-0.11.10.tgz. Extracting by manifest.
1714 silly tarball no local data for events@https://registry.npmjs.org/events/-/events-3.3.0.tgz. Extracting by manifest.
1715 silly tarball no local data for buffer@https://registry.npmjs.org/buffer/-/buffer-6.0.3.tgz. Extracting by manifest.
1716 silly tarball no local data for abort-controller@https://registry.npmjs.org/abort-controller/-/abort-controller-3.0.0.tgz. Extracting by manifest.
1717 silly tarball no local data for strip-json-comments@https://registry.npmjs.org/strip-json-comments/-/strip-json-comments-2.0.1.tgz. Extracting by manifest.
1718 silly tarball no local data for ini@https://registry.npmjs.org/ini/-/ini-1.3.8.tgz. Extracting by manifest.
1719 silly tarball no local data for deep-extend@https://registry.npmjs.org/deep-extend/-/deep-extend-0.6.0.tgz. Extracting by manifest.
1720 silly tarball no local data for wrappy@https://registry.npmjs.org/wrappy/-/wrappy-1.0.2.tgz. Extracting by manifest.
1721 silly tarball no local data for once@https://registry.npmjs.org/once/-/once-1.4.0.tgz. Extracting by manifest.
1722 silly tarball no local data for end-of-stream@https://registry.npmjs.org/end-of-stream/-/end-of-stream-1.4.5.tgz. Extracting by manifest.
1723 silly tarball no local data for undici-types@https://registry.npmjs.org/undici-types/-/undici-types-8.9.0.tgz. Extracting by manifest.
1724 silly tarball no local data for long@https://registry.npmjs.org/long/-/long-5.3.2.tgz. Extracting by manifest.
1725 silly tarball no local data for @types/node@https://registry.npmjs.org/@types/node/-/node-26.6.2.tgz. Extracting by manifest.
1726 silly tarball no local data for @protobufjs/utf8@https://registry.npmjs.org/@protobufjs/utf8/-/utf8-1.1.2.tgz. Extracting by manifest.
1727 silly tarball no local data for @protobufjs/pool@https://registry.npmjs.org/@protobufjs/pool/-/pool-1.1.0.tgz. Extracting by manifest.
1728 silly tarball no local data for @protobufjs/path@https://registry.npmjs.org/@protobufjs/path/-/path-1.1.2.tgz. Extracting by manifest.
1729 silly tarball no local data for @protobufjs/float@https://registry.npmjs.org/@protobufjs/float/-/float-1.0.2.tgz. Extracting by manifest.
1730 silly tarball no local data for @protobufjs/fetch@https://registry.npmjs.org/@protobufjs/fetch/-/fetch-1.1.1.tgz. Extracting by manifest.
1731 silly tarball no local data for @protobufjs/eventemitter@https://registry.npmjs.org/@protobufjs/eventemitter/-/eventemitter-1.1.1.tgz. Extracting by manifest.
1732 silly tarball no local data for @protobufjs/codegen@https://registry.npmjs.org/@protobufjs/codegen/-/codegen-2.0.5.tgz. Extracting by manifest.
1733 silly tarball no local data for @protobufjs/base64@https://registry.npmjs.org/@protobufjs/base64/-/base64-1.1.2.tgz. Extracting by manifest.
1734 silly tarball no local data for tar-fs@https://registry.npmjs.org/tar-fs/-/tar-fs-2.1.5.tgz. Extracting by manifest.
1735 silly tarball no local data for @protobufjs/aspromise@https://registry.npmjs.org/@protobufjs/aspromise/-/aspromise-1.1.2.tgz. Extracting by manifest.
1736 silly tarball no local data for simple-get@https://registry.npmjs.org/simple-get/-/simple-get-4.0.1.tgz. Extracting by manifest.
1737 silly tarball no local data for rc@https://registry.npmjs.org/rc/-/rc-1.2.8.tgz. Extracting by manifest.
1738 silly tarball no local data for pump@https://registry.npmjs.org/pump/-/pump-3.0.4.tgz. Extracting by manifest.
1739 silly tarball no local data for node-abi@https://registry.npmjs.org/node-abi/-/node-abi-3.96.0.tgz. Extracting by manifest.
1740 silly tarball no local data for mkdirp-classic@https://registry.npmjs.org/mkdirp-classic/-/mkdirp-classic-0.5.3.tgz. Extracting by manifest.
1741 silly tarball no local data for napi-build-utils@https://registry.npmjs.org/napi-build-utils/-/napi-build-utils-2.0.0.tgz. Extracting by manifest.
1742 silly tarball no local data for semver@https://registry.npmjs.org/semver/-/semver-7.8.5.tgz. Extracting by manifest.
1743 silly tarball no local data for minimist@https://registry.npmjs.org/minimist/-/minimist-1.2.8.tgz. Extracting by manifest.
1744 silly tarball no local data for github-from-package@https://registry.npmjs.org/github-from-package/-/github-from-package-0.0.0.tgz. Extracting by manifest.
1745 silly tarball no local data for expand-template@https://registry.npmjs.org/expand-template/-/expand-template-2.0.3.tgz. Extracting by manifest.
1746 silly tarball no local data for detect-libc@https://registry.npmjs.org/detect-libc/-/detect-libc-2.1.2.tgz. Extracting by manifest.
1747 silly tarball no local data for xtend@https://registry.npmjs.org/xtend/-/xtend-4.0.2.tgz. Extracting by manifest.
1748 silly tarball no local data for readable-stream@https://registry.npmjs.org/readable-stream/-/readable-stream-4.7.0.tgz. Extracting by manifest.
1749 silly tarball no local data for thread-stream@https://registry.npmjs.org/thread-stream/-/thread-stream-2.7.0.tgz. Extracting by manifest.
1750 silly tarball no local data for safe-stable-stringify@https://registry.npmjs.org/safe-stable-stringify/-/safe-stable-stringify-2.5.0.tgz. Extracting by manifest.
1751 silly tarball no local data for sonic-boom@https://registry.npmjs.org/sonic-boom/-/sonic-boom-3.8.1.tgz. Extracting by manifest.
1752 silly tarball no local data for real-require@https://registry.npmjs.org/real-require/-/real-require-0.2.0.tgz. Extracting by manifest.
1753 silly tarball no local data for tunnel-agent@https://registry.npmjs.org/tunnel-agent/-/tunnel-agent-0.6.0.tgz. Extracting by manifest.
1754 silly tarball no local data for quick-format-unescaped@https://registry.npmjs.org/quick-format-unescaped/-/quick-format-unescaped-4.0.4.tgz. Extracting by manifest.
1755 silly tarball no local data for pino-std-serializers@https://registry.npmjs.org/pino-std-serializers/-/pino-std-serializers-6.2.2.tgz. Extracting by manifest.
1756 silly tarball no local data for process-warning@https://registry.npmjs.org/process-warning/-/process-warning-3.0.0.tgz. Extracting by manifest.
1757 silly tarball no local data for pino-abstract-transport@https://registry.npmjs.org/pino-abstract-transport/-/pino-abstract-transport-1.2.0.tgz. Extracting by manifest.
1758 silly tarball no local data for fast-redact@https://registry.npmjs.org/fast-redact/-/fast-redact-3.5.0.tgz. Extracting by manifest.
1759 silly tarball no local data for atomic-sleep@https://registry.npmjs.org/atomic-sleep/-/atomic-sleep-1.0.0.tgz. Extracting by manifest.
1760 silly tarball no local data for on-exit-leak-free@https://registry.npmjs.org/on-exit-leak-free/-/on-exit-leak-free-2.1.2.tgz. Extracting by manifest.
1761 silly tarball no local data for split2@https://registry.npmjs.org/split2/-/split2-4.2.0.tgz. Extracting by manifest.
1762 silly tarball no local data for postgres-interval@https://registry.npmjs.org/postgres-interval/-/postgres-interval-1.2.0.tgz. Extracting by manifest.
1763 silly tarball no local data for postgres-date@https://registry.npmjs.org/postgres-date/-/postgres-date-1.0.7.tgz. Extracting by manifest.
1764 silly tarball no local data for postgres-bytea@https://registry.npmjs.org/postgres-bytea/-/postgres-bytea-1.0.1.tgz. Extracting by manifest.
1765 silly tarball no local data for postgres-array@https://registry.npmjs.org/postgres-array/-/postgres-array-2.0.0.tgz. Extracting by manifest.
1766 silly tarball no local data for pg-int8@https://registry.npmjs.org/pg-int8/-/pg-int8-1.0.1.tgz. Extracting by manifest.
1767 silly tarball no local data for pgpass@https://registry.npmjs.org/pgpass/-/pgpass-1.0.5.tgz. Extracting by manifest.
1768 silly tarball no local data for pg-types@https://registry.npmjs.org/pg-types/-/pg-types-2.2.0.tgz. Extracting by manifest.
1769 silly tarball no local data for pg-protocol@https://registry.npmjs.org/pg-protocol/-/pg-protocol-1.16.0.tgz. Extracting by manifest.
1770 silly tarball no local data for pg-pool@https://registry.npmjs.org/pg-pool/-/pg-pool-3.14.0.tgz. Extracting by manifest.
1771 silly tarball no local data for pg-connection-string@https://registry.npmjs.org/pg-connection-string/-/pg-connection-string-2.14.0.tgz. Extracting by manifest.
1772 silly tarball no local data for pg-cloudflare@https://registry.npmjs.org/pg-cloudflare/-/pg-cloudflare-1.4.0.tgz. Extracting by manifest.
1773 silly tarball no local data for p-timeout@https://registry.npmjs.org/p-timeout/-/p-timeout-7.0.2.tgz. Extracting by manifest.
1774 silly tarball no local data for eventemitter3@https://registry.npmjs.org/eventemitter3/-/eventemitter3-5.0.4.tgz. Extracting by manifest.
1775 silly tarball no local data for @tokenizer/inflate@https://registry.npmjs.org/@tokenizer/inflate/-/inflate-0.4.1.tgz. Extracting by manifest.
1776 silly tarball no local data for win-guid@https://registry.npmjs.org/win-guid/-/win-guid-0.2.1.tgz. Extracting by manifest.
1777 silly tarball no local data for uint8array-extras@https://registry.npmjs.org/uint8array-extras/-/uint8array-extras-1.5.0.tgz. Extracting by manifest.
1778 silly tarball no local data for token-types@https://registry.npmjs.org/token-types/-/token-types-6.1.2.tgz. Extracting by manifest.
1779 silly tarball no local data for strtok3@https://registry.npmjs.org/strtok3/-/strtok3-10.3.5.tgz. Extracting by manifest.
1780 silly tarball no local data for media-typer@https://registry.npmjs.org/media-typer/-/media-typer-2.0.0.tgz. Extracting by manifest.
1781 silly tarball no local data for file-type@https://registry.npmjs.org/file-type/-/file-type-21.3.4.tgz. Extracting by manifest.
1782 silly tarball no local data for content-type@https://registry.npmjs.org/content-type/-/content-type-2.1.0.tgz. Extracting by manifest.
1783 silly tarball no local data for @tokenizer/token@https://registry.npmjs.org/@tokenizer/token/-/token-0.3.0.tgz. Extracting by manifest.
1784 silly tarball no local data for moment@https://registry.npmjs.org/moment/-/moment-2.31.0.tgz. Extracting by manifest.
1785 silly tarball no local data for @borewit/text-codec@https://registry.npmjs.org/@borewit/text-codec/-/text-codec-0.2.2.tgz. Extracting by manifest.
1786 silly tarball no local data for mime-db@https://registry.npmjs.org/mime-db/-/mime-db-1.52.0.tgz. Extracting by manifest.
1787 silly tarball no local data for curve25519-js@https://registry.npmjs.org/curve25519-js/-/curve25519-js-0.0.4.tgz. Extracting by manifest.
1788 silly tarball no local data for ms@https://registry.npmjs.org/ms/-/ms-2.1.3.tgz. Extracting by manifest.
1789 silly tarball no local data for @keyv/serialize@https://registry.npmjs.org/@keyv/serialize/-/serialize-1.1.1.tgz. Extracting by manifest.
1790 silly tarball no local data for debug@https://registry.npmjs.org/debug/-/debug-4.4.3.tgz. Extracting by manifest.
1791 silly tarball no local data for agent-base@https://registry.npmjs.org/agent-base/-/agent-base-6.0.2.tgz. Extracting by manifest.
1792 silly tarball no local data for dunder-proto@https://registry.npmjs.org/dunder-proto/-/dunder-proto-1.0.1.tgz. Extracting by manifest.
1793 silly tarball no local data for has-symbols@https://registry.npmjs.org/has-symbols/-/has-symbols-1.1.0.tgz. Extracting by manifest.
1794 silly tarball no local data for math-intrinsics@https://registry.npmjs.org/math-intrinsics/-/math-intrinsics-1.1.0.tgz. Extracting by manifest.
1795 silly tarball no local data for gopd@https://registry.npmjs.org/gopd/-/gopd-1.2.0.tgz. Extracting by manifest.
1796 silly tarball no local data for get-proto@https://registry.npmjs.org/get-proto/-/get-proto-1.0.1.tgz. Extracting by manifest.
1797 silly tarball no local data for function-bind@https://registry.npmjs.org/function-bind/-/function-bind-1.1.2.tgz. Extracting by manifest.
1798 silly tarball no local data for es-object-atoms@https://registry.npmjs.org/es-object-atoms/-/es-object-atoms-1.1.2.tgz. Extracting by manifest.
1799 silly tarball no local data for es-define-property@https://registry.npmjs.org/es-define-property/-/es-define-property-1.0.1.tgz. Extracting by manifest.
1800 silly tarball no local data for call-bind-apply-helpers@https://registry.npmjs.org/call-bind-apply-helpers/-/call-bind-apply-helpers-1.0.2.tgz. Extracting by manifest.
1801 silly tarball no local data for universalify@https://registry.npmjs.org/universalify/-/universalify-2.0.1.tgz. Extracting by manifest.
1802 silly tarball no local data for jsonfile@https://registry.npmjs.org/jsonfile/-/jsonfile-6.2.1.tgz. Extracting by manifest.
1803 silly tarball no local data for graceful-fs@https://registry.npmjs.org/graceful-fs/-/graceful-fs-4.2.11.tgz. Extracting by manifest.
1804 silly tarball no local data for has-tostringtag@https://registry.npmjs.org/has-tostringtag/-/has-tostringtag-1.0.2.tgz. Extracting by manifest.
1805 silly tarball no local data for get-intrinsic@https://registry.npmjs.org/get-intrinsic/-/get-intrinsic-1.3.0.tgz. Extracting by manifest.
1806 silly tarball no local data for es-errors@https://registry.npmjs.org/es-errors/-/es-errors-1.3.0.tgz. Extracting by manifest.
1807 silly tarball no local data for delayed-stream@https://registry.npmjs.org/delayed-stream/-/delayed-stream-1.0.0.tgz. Extracting by manifest.
1808 silly tarball no local data for mime-types@https://registry.npmjs.org/mime-types/-/mime-types-2.1.35.tgz. Extracting by manifest.
1809 silly tarball no local data for hasown@https://registry.npmjs.org/hasown/-/hasown-2.0.4.tgz. Extracting by manifest.
1810 silly tarball no local data for es-set-tostringtag@https://registry.npmjs.org/es-set-tostringtag/-/es-set-tostringtag-2.1.0.tgz. Extracting by manifest.
1811 silly tarball no local data for combined-stream@https://registry.npmjs.org/combined-stream/-/combined-stream-1.0.8.tgz. Extracting by manifest.
1812 silly tarball no local data for asynckit@https://registry.npmjs.org/asynckit/-/asynckit-0.4.0.tgz. Extracting by manifest.
1813 silly tarball no local data for node-addon-api@https://registry.npmjs.org/node-addon-api/-/node-addon-api-7.1.1.tgz. Extracting by manifest.
1814 silly tarball no local data for hashery@https://registry.npmjs.org/hashery/-/hashery-1.5.1.tgz. Extracting by manifest.
1815 silly tarball no local data for @keyv/bigmap@https://registry.npmjs.org/@keyv/bigmap/-/bigmap-1.3.1.tgz. Extracting by manifest.
1816 silly tarball no local data for qified@https://registry.npmjs.org/qified/-/qified-0.10.1.tgz. Extracting by manifest.
1817 silly tarball no local data for @cacheable/utils@https://registry.npmjs.org/@cacheable/utils/-/utils-2.5.0.tgz. Extracting by manifest.
1818 silly tarball no local data for @cacheable/memory@https://registry.npmjs.org/@cacheable/memory/-/memory-2.2.0.tgz. Extracting by manifest.
1819 silly tarball no local data for file-uri-to-path@https://registry.npmjs.org/file-uri-to-path/-/file-uri-to-path-1.0.0.tgz. Extracting by manifest.
1820 silly tarball no local data for prebuild-install@https://registry.npmjs.org/prebuild-install/-/prebuild-install-7.1.3.tgz. Extracting by manifest.
1821 silly tarball no local data for bindings@https://registry.npmjs.org/bindings/-/bindings-1.5.0.tgz. Extracting by manifest.
1822 silly tarball no local data for proxy-from-env@https://registry.npmjs.org/proxy-from-env/-/proxy-from-env-2.1.0.tgz. Extracting by manifest.
1823 silly tarball no local data for https-proxy-agent@https://registry.npmjs.org/https-proxy-agent/-/https-proxy-agent-5.0.1.tgz. Extracting by manifest.
1824 silly tarball no local data for follow-redirects@https://registry.npmjs.org/follow-redirects/-/follow-redirects-1.16.0.tgz. Extracting by manifest.
1825 silly tarball no local data for tslib@https://registry.npmjs.org/tslib/-/tslib-2.8.1.tgz. Extracting by manifest.
1826 silly tarball no local data for keyv@https://registry.npmjs.org/keyv/-/keyv-5.6.0.tgz. Extracting by manifest.
1827 silly tarball no local data for hookified@https://registry.npmjs.org/hookified/-/hookified-1.15.1.tgz. Extracting by manifest.
1828 silly tarball no local data for cacheable@https://registry.npmjs.org/cacheable/-/cacheable-2.5.0.tgz. Extracting by manifest.
1829 silly tarball no local data for whatsapp-rust-bridge@https://registry.npmjs.org/whatsapp-rust-bridge/-/whatsapp-rust-bridge-0.5.4.tgz. Extracting by manifest.
1830 silly tarball no local data for protobufjs@https://registry.npmjs.org/protobufjs/-/protobufjs-7.6.6.tgz. Extracting by manifest.
1831 silly tarball no local data for p-queue@https://registry.npmjs.org/p-queue/-/p-queue-9.3.3.tgz. Extracting by manifest.
1832 silly tarball no local data for music-metadata@https://registry.npmjs.org/music-metadata/-/music-metadata-11.15.0.tgz. Extracting by manifest.
1833 silly tarball no local data for lru-cache@https://registry.npmjs.org/lru-cache/-/lru-cache-11.5.3.tgz. Extracting by manifest.
1834 silly tarball no local data for libsignal@https://registry.npmjs.org/libsignal/-/libsignal-6.0.0.tgz. Extracting by manifest.
1835 silly tarball no local data for async-mutex@https://registry.npmjs.org/async-mutex/-/async-mutex-0.5.0.tgz. Extracting by manifest.
1836 silly tarball no local data for @cacheable/node-cache@https://registry.npmjs.org/@cacheable/node-cache/-/node-cache-1.7.6.tgz. Extracting by manifest.
1837 silly tarball no local data for @hapi/hoek@https://registry.npmjs.org/@hapi/hoek/-/hoek-11.0.7.tgz. Extracting by manifest.
1838 silly tarball no local data for yt-search@https://registry.npmjs.org/yt-search/-/yt-search-2.13.1.tgz. Extracting by manifest.
1839 silly tarball no local data for ws@https://registry.npmjs.org/ws/-/ws-8.21.3.tgz. Extracting by manifest.
1840 silly tarball no local data for qrcode-terminal@https://registry.npmjs.org/qrcode-terminal/-/qrcode-terminal-0.12.0.tgz. Extracting by manifest.
1841 silly tarball no local data for pg@https://registry.npmjs.org/pg/-/pg-8.23.0.tgz. Extracting by manifest.
1842 silly tarball no local data for pino@https://registry.npmjs.org/pino/-/pino-8.21.0.tgz. Extracting by manifest.
1843 silly tarball no local data for moment-timezone@https://registry.npmjs.org/moment-timezone/-/moment-timezone-0.5.48.tgz. Extracting by manifest.
1844 silly tarball no local data for fs-extra@https://registry.npmjs.org/fs-extra/-/fs-extra-11.4.0.tgz. Extracting by manifest.
1845 silly tarball no local data for form-data@https://registry.npmjs.org/form-data/-/form-data-4.0.6.tgz. Extracting by manifest.
1846 silly tarball no local data for dotenv@https://registry.npmjs.org/dotenv/-/dotenv-16.6.1.tgz. Extracting by manifest.
1847 silly tarball no local data for canvas@https://registry.npmjs.org/canvas/-/canvas-3.2.3.tgz. Extracting by manifest.
1848 silly tarball no local data for better-sqlite3@https://registry.npmjs.org/better-sqlite3/-/better-sqlite3-11.10.0.tgz. Extracting by manifest.
1849 silly tarball no local data for axios@https://registry.npmjs.org/axios/-/axios-1.20.0.tgz. Extracting by manifest.
1850 silly tarball no local data for sharp@https://registry.npmjs.org/sharp/-/sharp-0.35.4.tgz. Extracting by manifest.
1851 silly tarball no local data for @whiskeysockets/baileys@https://registry.npmjs.org/@whiskeysockets/baileys/-/baileys-7.0.0-rc14.tgz. Extracting by manifest.
1852 silly tarball no local data for @hapi/boom@https://registry.npmjs.org/@hapi/boom/-/boom-10.0.1.tgz. Extracting by manifest.
1853 silly tarball no local data for entities@https://registry.npmjs.org/entities/-/entities-7.0.1.tgz. Extracting by manifest.
1854 silly tarball no local data for readable-stream@https://registry.npmjs.org/readable-stream/-/readable-stream-3.6.2.tgz. Extracting by manifest.
1855 silly tarball no local data for readable-stream@https://registry.npmjs.org/readable-stream/-/readable-stream-3.6.2.tgz. Extracting by manifest.
1856 silly tarball no local data for buffer@https://registry.npmjs.org/buffer/-/buffer-5.7.1.tgz. Extracting by manifest.
1857 silly tarball no local data for hookified@https://registry.npmjs.org/hookified/-/hookified-2.2.0.tgz. Extracting by manifest.
1858 silly tarball no local data for entities@https://registry.npmjs.org/entities/-/entities-6.0.1.tgz. Extracting by manifest.
1859 silly tarball no local data for thread-stream@https://registry.npmjs.org/thread-stream/-/thread-stream-3.2.0.tgz. Extracting by manifest.
1860 silly tarball no local data for sonic-boom@https://registry.npmjs.org/sonic-boom/-/sonic-boom-4.2.1.tgz. Extracting by manifest.
1861 silly tarball no local data for process-warning@https://registry.npmjs.org/process-warning/-/process-warning-5.1.0.tgz. Extracting by manifest.
1862 silly tarball no local data for pino-abstract-transport@https://registry.npmjs.org/pino-abstract-transport/-/pino-abstract-transport-2.0.0.tgz. Extracting by manifest.
1863 silly tarball no local data for pino-std-serializers@https://registry.npmjs.org/pino-std-serializers/-/pino-std-serializers-7.1.0.tgz. Extracting by manifest.
1864 silly tarball no local data for @hapi/hoek@https://registry.npmjs.org/@hapi/hoek/-/hoek-9.3.0.tgz. Extracting by manifest.
1865 silly tarball no local data for pino@https://registry.npmjs.org/pino/-/pino-9.14.0.tgz. Extracting by manifest.
1866 silly tarball no local data for @hapi/boom@https://registry.npmjs.org/@hapi/boom/-/boom-9.1.4.tgz. Extracting by manifest.
1867 http fetch POST 200 https://registry.npmjs.org/-/npm/v1/security/advisories/bulk 1889ms
1868 silly audit report {
1868 silly audit report   minimatch: [
1868 silly audit report     {
1868 silly audit report       id: 1113459,
1868 silly audit report       url: 'https://github.com/advisories/GHSA-3ppc-4f35-3m26',
1868 silly audit report       title: 'minimatch has a ReDoS via repeated wildcards with non-matching literal in pattern',
1868 silly audit report       severity: 'high',
1868 silly audit report       vulnerable_versions: '<3.1.3',
1868 silly audit report       cwe: [Array],
1868 silly audit report       cvss: [Object]
1868 silly audit report     },
1868 silly audit report     {
1868 silly audit report       id: 1113538,
1868 silly audit report       url: 'https://github.com/advisories/GHSA-7r86-cg39-jmmj',
1868 silly audit report       title: 'minimatch has ReDoS: matchOne() combinatorial backtracking via multiple non-adjacent GLOBSTAR segments',
1868 silly audit report       severity: 'high',
1868 silly audit report       vulnerable_versions: '<3.1.3',
1868 silly audit report       cwe: [Array],
1868 silly audit report       cvss: [Object]
1868 silly audit report     },
1868 silly audit report     {
1868 silly audit report       id: 1113546,
1868 silly audit report       url: 'https://github.com/advisories/GHSA-23c5-xmqv-rm74',
1868 silly audit report       title: 'minimatch ReDoS: nested *() extglobs generate catastrophically backtracking regular expressions',
1868 silly audit report       severity: 'high',
1868 silly audit report       vulnerable_versions: '<3.1.4',
1868 silly audit report       cwe: [Array],
1868 silly audit report       cvss: [Object]
1868 silly audit report     }
1868 silly audit report   ]
1868 silly audit report }
1869 silly packumentCache corgi:https://registry.npmjs.org/minimatch cache-miss
1870 http fetch GET 200 https://registry.npmjs.org/is-fullwidth-code-point/-/is-fullwidth-code-point-2.0.0.tgz 1311ms (cache miss)
1871 http fetch GET 200 https://registry.npmjs.org/util-deprecate/-/util-deprecate-1.0.2.tgz 1326ms (cache miss)
1872 http fetch GET 200 https://registry.npmjs.org/restore-cursor/-/restore-cursor-3.1.0.tgz 1413ms (cache miss)
1873 http fetch GET 200 https://registry.npmjs.org/signal-exit/-/signal-exit-3.0.7.tgz 1445ms (cache miss)
1874 http fetch GET 200 https://registry.npmjs.org/ansi-regex/-/ansi-regex-3.0.1.tgz 1453ms (cache miss)
1875 http fetch GET 200 https://registry.npmjs.org/strip-ansi/-/strip-ansi-4.0.0.tgz 1457ms (cache miss)
1876 http fetch GET 200 https://registry.npmjs.org/keypress/-/keypress-0.2.1.tgz 1446ms (cache miss)
1877 http fetch GET 200 https://registry.npmjs.org/redstar/-/redstar-0.0.2.tgz 1454ms (cache miss)
1878 http fetch GET 200 https://registry.npmjs.org/picocolors/-/picocolors-1.1.1.tgz 1454ms (cache miss)
1879 http fetch GET 200 https://registry.npmjs.org/safer-buffer/-/safer-buffer-2.1.2.tgz 1450ms (cache miss)
1880 http fetch GET 200 https://registry.npmjs.org/@pinojs/redact/-/redact-0.4.0.tgz 1510ms (cache miss)
1881 http fetch GET 200 https://registry.npmjs.org/jsep/-/jsep-1.4.0.tgz 1504ms (cache miss)
1882 http fetch GET 200 https://registry.npmjs.org/whatwg-encoding/-/whatwg-encoding-3.1.1.tgz 1754ms (cache miss)
1883 warn deprecated whatwg-encoding@3.1.1: Use @exodus/bytes instead for a more spec-conformant and faster implementation
1884 http fetch GET 200 https://registry.npmjs.org/@jsep-plugin/regex/-/regex-1.0.4.tgz 1769ms (cache miss)
1885 http fetch GET 200 https://registry.npmjs.org/domelementtype/-/domelementtype-2.3.0.tgz 1753ms (cache miss)
1886 http fetch GET 200 https://registry.npmjs.org/@jsep-plugin/assignment/-/assignment-1.3.0.tgz 1767ms (cache miss)
1887 http fetch GET 200 https://registry.npmjs.org/parse5-htmlparser2-tree-adapter/-/parse5-htmlparser2-tree-adapter-7.1.0.tgz 2022ms (cache miss)
1888 http fetch GET 200 https://registry.npmjs.org/boolbase/-/boolbase-1.0.0.tgz 2035ms (cache miss)
1889 http fetch GET 200 https://registry.npmjs.org/balanced-match/-/balanced-match-1.0.2.tgz 2093ms (cache miss)
1890 http fetch GET 200 https://registry.npmjs.org/ttys/-/ttys-0.0.3.tgz 2090ms (cache miss)
1891 http fetch GET 200 https://registry.npmjs.org/parse5-parser-stream/-/parse5-parser-stream-7.1.2.tgz 2043ms (cache miss)
1892 http fetch GET 200 https://registry.npmjs.org/concat-map/-/concat-map-0.0.1.tgz 2112ms (cache miss)
1893 http fetch GET 200 https://registry.npmjs.org/onetime/-/onetime-5.1.2.tgz 2112ms (cache miss)
1894 http fetch GET 200 https://registry.npmjs.org/whatwg-mimetype/-/whatwg-mimetype-4.0.0.tgz 2062ms (cache miss)
1895 http fetch GET 200 https://registry.npmjs.org/mimic-fn/-/mimic-fn-2.1.0.tgz 2117ms (cache miss)
1896 http fetch GET 200 https://registry.npmjs.org/string-width/-/string-width-2.1.1.tgz 2105ms (cache miss)
1897 http fetch GET 200 https://registry.npmjs.org/minimatch/-/minimatch-3.0.8.tgz 2124ms (cache miss)
1898 http fetch GET 200 https://registry.npmjs.org/brace-expansion/-/brace-expansion-1.1.21.tgz 2135ms (cache miss)
1899 http fetch GET 200 https://registry.npmjs.org/nth-check/-/nth-check-2.1.1.tgz 2304ms (cache miss)
1900 http fetch GET 200 https://registry.npmjs.org/dom-serializer/-/dom-serializer-2.0.0.tgz 2430ms (cache miss)
1901 http fetch GET 200 https://registry.npmjs.org/cheerio-select/-/cheerio-select-2.1.0.tgz 2429ms (cache miss)
1902 http fetch GET 200 https://registry.npmjs.org/async.util.onlyonce/-/async.util.onlyonce-0.5.2.tgz 2439ms (cache miss)
1903 http fetch GET 200 https://registry.npmjs.org/async.util.isarray/-/async.util.isarray-0.5.2.tgz 2450ms (cache miss)
1904 http fetch GET 200 https://registry.npmjs.org/async.util.keys/-/async.util.keys-0.5.2.tgz 2449ms (cache miss)
1905 http fetch GET 200 https://registry.npmjs.org/async.util.restparam/-/async.util.restparam-0.5.2.tgz 2470ms (cache miss)
1906 http fetch GET 200 https://registry.npmjs.org/async.util.isarraylike/-/async.util.isarraylike-0.5.2.tgz 2564ms (cache miss)
1907 http fetch GET 200 https://registry.npmjs.org/async.util.keyiterator/-/async.util.keyiterator-0.5.2.tgz 2592ms (cache miss)
1908 http fetch GET 200 https://registry.npmjs.org/human-time/-/human-time-0.0.2.tgz 2610ms (cache miss)
1909 http fetch GET 200 https://registry.npmjs.org/async.util.parallel/-/async.util.parallel-0.5.2.tgz 2634ms (cache miss)
1910 http fetch GET 200 https://registry.npmjs.org/async.util.eachoflimit/-/async.util.eachoflimit-0.5.2.tgz 2633ms (cache miss)
1911 http fetch GET 200 https://registry.npmjs.org/dasu/-/dasu-0.4.3.tgz 2633ms (cache miss)
1912 http fetch GET 200 https://registry.npmjs.org/fs-constants/-/fs-constants-1.0.0.tgz 2641ms (cache miss)
1913 http fetch GET 200 https://registry.npmjs.org/inherits/-/inherits-2.0.4.tgz 2681ms (cache miss)
1914 http fetch GET 200 https://registry.npmjs.org/async.parallellimit/-/async.parallellimit-0.5.2.tgz 2688ms (cache miss)
1915 http fetch GET 200 https://registry.npmjs.org/simple-concat/-/simple-concat-1.0.1.tgz 2673ms (cache miss)
1916 http fetch GET 200 https://registry.npmjs.org/node-fzf/-/node-fzf-0.14.0.tgz 2716ms (cache miss)
1917 http fetch GET 200 https://registry.npmjs.org/safe-buffer/-/safe-buffer-5.2.1.tgz 2690ms (cache miss)
1918 http fetch GET 200 https://registry.npmjs.org/async.util.once/-/async.util.once-0.5.2.tgz 2733ms (cache miss)
1919 http fetch GET 200 https://registry.npmjs.org/async.util.noop/-/async.util.noop-0.5.2.tgz 2740ms (cache miss)
1920 http fetch GET 200 https://registry.npmjs.org/decompress-response/-/decompress-response-6.0.0.tgz 2699ms (cache miss)
1921 http fetch GET 200 https://registry.npmjs.org/mimic-response/-/mimic-response-3.1.0.tgz 2705ms (cache miss)
1922 http fetch GET 200 https://registry.npmjs.org/chownr/-/chownr-1.1.4.tgz 2719ms (cache miss)
1923 http fetch GET 200 https://registry.npmjs.org/boolstring/-/boolstring-2.0.1.tgz 2739ms (cache miss)
1924 http fetch GET 200 https://registry.npmjs.org/iconv-lite/-/iconv-lite-0.6.3.tgz 2846ms (cache miss)
1925 http fetch GET 200 https://registry.npmjs.org/tar-stream/-/tar-stream-2.2.0.tgz 2762ms (cache miss)
1926 http fetch GET 200 https://registry.npmjs.org/bl/-/bl-4.1.0.tgz 2778ms (cache miss)
1927 http fetch GET 200 https://registry.npmjs.org/domhandler/-/domhandler-5.0.3.tgz 2880ms (cache miss)
1928 http fetch GET 200 https://registry.npmjs.org/css-what/-/css-what-6.2.2.tgz 2953ms (cache miss)
1929 http fetch GET 200 https://registry.npmjs.org/jsonpath-plus/-/jsonpath-plus-10.3.0.tgz 2940ms (cache miss)
1930 http fetch GET 200 https://registry.npmjs.org/encoding-sniffer/-/encoding-sniffer-0.2.1.tgz 2991ms (cache miss)
1931 http fetch GET 200 https://registry.npmjs.org/wrappy/-/wrappy-1.0.2.tgz 3248ms (cache miss)
1932 http fetch GET 200 https://registry.npmjs.org/strip-json-comments/-/strip-json-comments-2.0.1.tgz 3264ms (cache miss)
1933 http fetch GET 200 https://registry.npmjs.org/deep-extend/-/deep-extend-0.6.0.tgz 3262ms (cache miss)
1934 http fetch GET 200 https://registry.npmjs.org/buffer/-/buffer-6.0.3.tgz 3282ms (cache miss)
1935 http fetch GET 200 https://registry.npmjs.org/process/-/process-0.11.10.tgz 3289ms (cache miss)
1936 http fetch GET 200 https://registry.npmjs.org/once/-/once-1.4.0.tgz 3272ms (cache miss)
1937 http fetch GET 200 https://registry.npmjs.org/ieee754/-/ieee754-1.2.1.tgz 3308ms (cache miss)
1938 http fetch GET 200 https://registry.npmjs.org/ini/-/ini-1.3.8.tgz 3292ms (cache miss)
1939 http fetch GET 200 https://registry.npmjs.org/end-of-stream/-/end-of-stream-1.4.5.tgz 3291ms (cache miss)
1940 http fetch GET 200 https://registry.npmjs.org/base64-js/-/base64-js-1.5.1.tgz 3332ms (cache miss)
1941 http fetch GET 200 https://registry.npmjs.org/string_decoder/-/string_decoder-1.3.0.tgz 3336ms (cache miss)
1942 http fetch GET 200 https://registry.npmjs.org/@protobufjs/path/-/path-1.1.2.tgz 3317ms (cache miss)
1943 http fetch GET 200 https://registry.npmjs.org/@protobufjs/fetch/-/fetch-1.1.1.tgz 3313ms (cache miss)
1944 http fetch GET 200 https://registry.npmjs.org/@protobufjs/float/-/float-1.0.2.tgz 3323ms (cache miss)
1945 http fetch GET 200 https://registry.npmjs.org/@protobufjs/aspromise/-/aspromise-1.1.2.tgz 3313ms (cache miss)
1946 http fetch GET 200 https://registry.npmjs.org/@protobufjs/base64/-/base64-1.1.2.tgz 3323ms (cache miss)
1947 http fetch GET 200 https://registry.npmjs.org/@protobufjs/pool/-/pool-1.1.0.tgz 3342ms (cache miss)
1948 http fetch GET 200 https://registry.npmjs.org/@protobufjs/eventemitter/-/eventemitter-1.1.1.tgz 3336ms (cache miss)
1949 http fetch GET 200 https://registry.npmjs.org/@protobufjs/codegen/-/codegen-2.0.5.tgz 3336ms (cache miss)
1950 http fetch GET 200 https://registry.npmjs.org/simple-get/-/simple-get-4.0.1.tgz 3330ms (cache miss)
1951 http fetch GET 200 https://registry.npmjs.org/long/-/long-5.3.2.tgz 3541ms (cache miss)
1952 http fetch GET 200 https://registry.npmjs.org/event-target-shim/-/event-target-shim-5.0.1.tgz 3580ms (cache miss)
1953 http fetch GET 200 https://registry.npmjs.org/node-abi/-/node-abi-3.96.0.tgz 3547ms (cache miss)
1954 http fetch GET 200 https://registry.npmjs.org/pump/-/pump-3.0.4.tgz 3596ms (cache miss)
1955 http fetch GET 200 https://registry.npmjs.org/mkdirp-classic/-/mkdirp-classic-0.5.3.tgz 3593ms (cache miss)
1956 http fetch GET 200 https://registry.npmjs.org/expand-template/-/expand-template-2.0.3.tgz 3605ms (cache miss)
1957 http fetch GET 200 https://registry.npmjs.org/napi-build-utils/-/napi-build-utils-2.0.0.tgz 3618ms (cache miss)
1958 http fetch GET 200 https://registry.npmjs.org/@protobufjs/utf8/-/utf8-1.1.2.tgz 3675ms (cache miss)
1959 http fetch GET 200 https://registry.npmjs.org/rc/-/rc-1.2.8.tgz 3672ms (cache miss)
1960 http fetch GET 200 https://registry.npmjs.org/github-from-package/-/github-from-package-0.0.0.tgz 3732ms (cache miss)
1961 http fetch GET 200 https://registry.npmjs.org/abort-controller/-/abort-controller-3.0.0.tgz 3809ms (cache miss)
1962 http fetch GET 200 https://registry.npmjs.org/safe-stable-stringify/-/safe-stable-stringify-2.5.0.tgz 3737ms (cache miss)
1963 http fetch GET 200 https://registry.npmjs.org/quick-format-unescaped/-/quick-format-unescaped-4.0.4.tgz 3736ms (cache miss)
1964 http fetch GET 200 https://registry.npmjs.org/process-warning/-/process-warning-3.0.0.tgz 3740ms (cache miss)
1965 http fetch GET 200 https://registry.npmjs.org/tunnel-agent/-/tunnel-agent-0.6.0.tgz 3750ms (cache miss)
1966 http fetch GET 200 https://registry.npmjs.org/real-require/-/real-require-0.2.0.tgz 3755ms (cache miss)
1967 http fetch GET 200 https://registry.npmjs.org/undici-types/-/undici-types-8.9.0.tgz 3843ms (cache miss)
1968 http fetch GET 200 https://registry.npmjs.org/events/-/events-3.3.0.tgz 4133ms (cache miss)
1969 http fetch GET 200 https://registry.npmjs.org/atomic-sleep/-/atomic-sleep-1.0.0.tgz 4052ms (cache miss)
1970 http fetch GET 200 https://registry.npmjs.org/postgres-bytea/-/postgres-bytea-1.0.1.tgz 4042ms (cache miss)
1971 http fetch GET 200 https://registry.npmjs.org/postgres-date/-/postgres-date-1.0.7.tgz 4056ms (cache miss)
1972 http fetch GET 200 https://registry.npmjs.org/minimist/-/minimist-1.2.8.tgz 4107ms (cache miss)
1973 http fetch GET 200 https://registry.npmjs.org/postgres-interval/-/postgres-interval-1.2.0.tgz 4065ms (cache miss)
1974 http fetch GET 200 https://registry.npmjs.org/pgpass/-/pgpass-1.0.5.tgz 4055ms (cache miss)
1975 http fetch GET 200 https://registry.npmjs.org/pg-int8/-/pg-int8-1.0.1.tgz 4066ms (cache miss)
1976 http fetch GET 200 https://registry.npmjs.org/tar-fs/-/tar-fs-2.1.5.tgz 4151ms (cache miss)
1977 http fetch GET 200 https://registry.npmjs.org/split2/-/split2-4.2.0.tgz 4093ms (cache miss)
1978 http fetch GET 200 https://registry.npmjs.org/postgres-array/-/postgres-array-2.0.0.tgz 4092ms (cache miss)
1979 http fetch GET 200 https://registry.npmjs.org/pino-abstract-transport/-/pino-abstract-transport-1.2.0.tgz 4120ms (cache miss)
1980 http fetch GET 200 https://registry.npmjs.org/pino-std-serializers/-/pino-std-serializers-6.2.2.tgz 4132ms (cache miss)
1981 http fetch GET 200 https://registry.npmjs.org/detect-libc/-/detect-libc-2.1.2.tgz 4159ms (cache miss)
1982 http fetch GET 200 https://registry.npmjs.org/fast-redact/-/fast-redact-3.5.0.tgz 4160ms (cache miss)
1983 http fetch GET 200 https://registry.npmjs.org/sonic-boom/-/sonic-boom-3.8.1.tgz 4179ms (cache miss)
1984 http fetch GET 200 https://registry.npmjs.org/pg-types/-/pg-types-2.2.0.tgz 4150ms (cache miss)
1985 http fetch GET 200 https://registry.npmjs.org/on-exit-leak-free/-/on-exit-leak-free-2.1.2.tgz 4173ms (cache miss)
1986 http fetch GET 200 https://registry.npmjs.org/htmlparser2/-/htmlparser2-10.1.0.tgz 4415ms (cache miss)
1987 http fetch GET 200 https://registry.npmjs.org/entities/-/entities-4.5.0.tgz 4480ms (cache miss)
1988 http fetch GET 200 https://registry.npmjs.org/uint8array-extras/-/uint8array-extras-1.5.0.tgz 4429ms (cache miss)
1989 http fetch GET 200 https://registry.npmjs.org/token-types/-/token-types-6.1.2.tgz 4429ms (cache miss)
1990 http fetch GET 200 https://registry.npmjs.org/p-timeout/-/p-timeout-7.0.2.tgz 4443ms (cache miss)
1991 http fetch GET 200 https://registry.npmjs.org/media-typer/-/media-typer-2.0.0.tgz 4428ms (cache miss)
1992 http fetch GET 200 https://registry.npmjs.org/content-type/-/content-type-2.1.0.tgz 4429ms (cache miss)
1993 http fetch GET 200 https://registry.npmjs.org/pg-connection-string/-/pg-connection-string-2.14.0.tgz 4456ms (cache miss)
1994 http fetch GET 200 https://registry.npmjs.org/win-guid/-/win-guid-0.2.1.tgz 4446ms (cache miss)
1995 http fetch GET 200 https://registry.npmjs.org/pg-pool/-/pg-pool-3.14.0.tgz 4468ms (cache miss)
1996 http fetch GET 200 https://registry.npmjs.org/file-type/-/file-type-21.3.4.tgz 4460ms (cache miss)
1997 http fetch GET 200 https://registry.npmjs.org/domutils/-/domutils-3.2.2.tgz 4800ms (cache miss)
1998 http fetch GET 200 https://registry.npmjs.org/semver/-/semver-7.8.5.tgz 4643ms (cache miss)
1999 http fetch GET 200 https://registry.npmjs.org/eventemitter3/-/eventemitter3-5.0.4.tgz 4580ms (cache miss)
2000 http fetch GET 200 https://registry.npmjs.org/@tokenizer/inflate/-/inflate-0.4.1.tgz 4591ms (cache miss)
2001 http fetch GET 200 https://registry.npmjs.org/pg-cloudflare/-/pg-cloudflare-1.4.0.tgz 4623ms (cache miss)
2002 http fetch GET 200 https://registry.npmjs.org/xtend/-/xtend-4.0.2.tgz 4717ms (cache miss)
2003 http fetch GET 200 https://registry.npmjs.org/ms/-/ms-2.1.3.tgz 4617ms (cache miss)
2004 http fetch GET 200 https://registry.npmjs.org/gopd/-/gopd-1.2.0.tgz 4708ms (cache miss)
2005 http fetch GET 200 https://registry.npmjs.org/thread-stream/-/thread-stream-2.7.0.tgz 5118ms (cache miss)
2006 http fetch GET 200 https://registry.npmjs.org/agent-base/-/agent-base-6.0.2.tgz 5017ms (cache miss)
2007 http fetch GET 200 https://registry.npmjs.org/@tokenizer/token/-/token-0.3.0.tgz 5040ms (cache miss)
2008 http fetch GET 200 https://registry.npmjs.org/@keyv/serialize/-/serialize-1.1.1.tgz 5030ms (cache miss)
2009 http fetch GET 200 https://registry.npmjs.org/dunder-proto/-/dunder-proto-1.0.1.tgz 5108ms (cache miss)
2010 http fetch GET 200 https://registry.npmjs.org/@borewit/text-codec/-/text-codec-0.2.2.tgz 5199ms (cache miss)
2011 http fetch GET 200 https://registry.npmjs.org/pg-protocol/-/pg-protocol-1.16.0.tgz 5299ms (cache miss)
2012 http fetch GET 200 https://registry.npmjs.org/debug/-/debug-4.4.3.tgz 5249ms (cache miss)
2013 http fetch GET 200 https://registry.npmjs.org/curve25519-js/-/curve25519-js-0.0.4.tgz 5258ms (cache miss)
2014 http fetch GET 200 https://registry.npmjs.org/get-proto/-/get-proto-1.0.1.tgz 5254ms (cache miss)
2015 http fetch GET 200 https://registry.npmjs.org/es-define-property/-/es-define-property-1.0.1.tgz 5250ms (cache miss)
2016 http fetch GET 200 https://registry.npmjs.org/jsonfile/-/jsonfile-6.2.1.tgz 5244ms (cache miss)
2017 http fetch GET 200 https://registry.npmjs.org/graceful-fs/-/graceful-fs-4.2.11.tgz 5260ms (cache miss)
2018 http fetch GET 200 https://registry.npmjs.org/has-tostringtag/-/has-tostringtag-1.0.2.tgz 5259ms (cache miss)
2019 http fetch GET 200 https://registry.npmjs.org/es-errors/-/es-errors-1.3.0.tgz 5254ms (cache miss)
2020 http fetch GET 200 https://registry.npmjs.org/delayed-stream/-/delayed-stream-1.0.0.tgz 5252ms (cache miss)
2021 http fetch GET 200 https://registry.npmjs.org/universalify/-/universalify-2.0.1.tgz 5288ms (cache miss)
2022 http fetch GET 200 https://registry.npmjs.org/call-bind-apply-helpers/-/call-bind-apply-helpers-1.0.2.tgz 5323ms (cache miss)
2023 http fetch GET 200 https://registry.npmjs.org/es-object-atoms/-/es-object-atoms-1.1.2.tgz 5357ms (cache miss)
2024 http fetch GET 200 https://registry.npmjs.org/get-intrinsic/-/get-intrinsic-1.3.0.tgz 5339ms (cache miss)
2025 http fetch GET 200 https://registry.npmjs.org/combined-stream/-/combined-stream-1.0.8.tgz 5320ms (cache miss)
2026 http fetch GET 200 https://registry.npmjs.org/es-set-tostringtag/-/es-set-tostringtag-2.1.0.tgz 5352ms (cache miss)
2027 http fetch GET 200 https://registry.npmjs.org/mime-types/-/mime-types-2.1.35.tgz 5359ms (cache miss)
2028 http fetch GET 200 https://registry.npmjs.org/mime-db/-/mime-db-1.52.0.tgz 5446ms (cache miss)
2029 http fetch GET 200 https://registry.npmjs.org/function-bind/-/function-bind-1.1.2.tgz 5418ms (cache miss)
2030 http fetch GET 200 https://registry.npmjs.org/prebuild-install/-/prebuild-install-7.1.3.tgz 5383ms (cache miss)
2031 http fetch GET 200 https://registry.npmjs.org/file-uri-to-path/-/file-uri-to-path-1.0.0.tgz 5386ms (cache miss)
2032 http fetch GET 200 https://registry.npmjs.org/has-symbols/-/has-symbols-1.1.0.tgz 5475ms (cache miss)
2033 http fetch GET 200 https://registry.npmjs.org/hasown/-/hasown-2.0.4.tgz 5432ms (cache miss)
2034 http fetch GET 200 https://registry.npmjs.org/@keyv/bigmap/-/bigmap-1.3.1.tgz 5418ms (cache miss)
2035 http fetch GET 200 https://registry.npmjs.org/proxy-from-env/-/proxy-from-env-2.1.0.tgz 5403ms (cache miss)
2036 http fetch GET 200 https://registry.npmjs.org/@img/colour/-/colour-1.1.0.tgz 5726ms (cache miss)
2037 http fetch GET 200 https://registry.npmjs.org/follow-redirects/-/follow-redirects-1.16.0.tgz 5425ms (cache miss)
2038 http fetch GET 200 https://registry.npmjs.org/math-intrinsics/-/math-intrinsics-1.1.0.tgz 5524ms (cache miss)
2039 http fetch GET 200 https://registry.npmjs.org/bindings/-/bindings-1.5.0.tgz 5450ms (cache miss)
2040 warn deprecated prebuild-install@7.1.3: No longer maintained. Please contact the author of the relevant native addon; alternatives are available.
2041 http fetch GET 200 https://registry.npmjs.org/yt-search/-/yt-search-2.13.1.tgz 5561ms (cache miss)
2042 http fetch GET 200 https://registry.npmjs.org/qified/-/qified-0.10.1.tgz 5647ms (cache miss)
2043 http fetch GET 200 https://registry.npmjs.org/@cacheable/utils/-/utils-2.5.0.tgz 5646ms (cache miss)
2044 http fetch GET 200 https://registry.npmjs.org/keyv/-/keyv-5.6.0.tgz 5641ms (cache miss)
2045 http fetch GET 200 https://registry.npmjs.org/tslib/-/tslib-2.8.1.tgz 5645ms (cache miss)
2046 http fetch GET 200 https://registry.npmjs.org/https-proxy-agent/-/https-proxy-agent-5.0.1.tgz 5745ms (cache miss)
2047 http fetch GET 200 https://registry.npmjs.org/asynckit/-/asynckit-0.4.0.tgz 5852ms (cache miss)
2048 http fetch GET 200 https://registry.npmjs.org/p-queue/-/p-queue-9.3.3.tgz 5877ms (cache miss)
2049 http fetch GET 200 https://registry.npmjs.org/@cacheable/memory/-/memory-2.2.0.tgz 6067ms (cache miss)
2050 http fetch GET 200 https://registry.npmjs.org/@hapi/hoek/-/hoek-11.0.7.tgz 6036ms (cache miss)
2051 http fetch GET 200 https://registry.npmjs.org/form-data/-/form-data-4.0.6.tgz 6023ms (cache miss)
2052 http fetch GET 200 https://registry.npmjs.org/cacheable/-/cacheable-2.5.0.tgz 6104ms (cache miss)
2053 http fetch GET 200 https://registry.npmjs.org/hashery/-/hashery-1.5.1.tgz 6256ms (cache miss)
2054 http fetch GET 200 https://registry.npmjs.org/hookified/-/hookified-1.15.1.tgz 6222ms (cache miss)
2055 http fetch GET 200 https://registry.npmjs.org/node-addon-api/-/node-addon-api-7.1.1.tgz 6261ms (cache miss)
2056 http fetch GET 200 https://registry.npmjs.org/dotenv/-/dotenv-16.6.1.tgz 6164ms (cache miss)
2057 http fetch GET 200 https://registry.npmjs.org/readable-stream/-/readable-stream-4.7.0.tgz 6518ms (cache miss)
2058 http fetch GET 200 https://registry.npmjs.org/@cacheable/node-cache/-/node-cache-1.7.6.tgz 6283ms (cache miss)
2059 http fetch GET 200 https://registry.npmjs.org/buffer/-/buffer-5.7.1.tgz 6242ms (cache miss)
2060 http fetch GET 200 https://registry.npmjs.org/libsignal/-/libsignal-6.0.0.tgz 6342ms (cache miss)
2061 http fetch GET 200 https://registry.npmjs.org/pino-abstract-transport/-/pino-abstract-transport-2.0.0.tgz 6258ms (cache miss)
2062 http fetch GET 200 https://registry.npmjs.org/@hapi/boom/-/boom-10.0.1.tgz 6292ms (cache miss)
2063 http fetch GET 200 https://registry.npmjs.org/strtok3/-/strtok3-10.3.5.tgz 6570ms (cache miss)
2064 http fetch GET 200 https://registry.npmjs.org/ws/-/ws-8.21.3.tgz 6418ms (cache miss)
2065 http fetch GET 200 https://registry.npmjs.org/pg/-/pg-8.23.0.tgz 6454ms (cache miss)
2066 http fetch GET 200 https://registry.npmjs.org/async-mutex/-/async-mutex-0.5.0.tgz 6525ms (cache miss)
2067 http fetch GET 200 https://registry.npmjs.org/minimatch 5827ms (cache miss)
2068 silly packumentCache corgi:https://registry.npmjs.org/minimatch set size:undefined disposed:false
2069 http fetch GET 200 https://registry.npmjs.org/qrcode-terminal/-/qrcode-terminal-0.12.0.tgz 6597ms (cache miss)
2070 http fetch GET 200 https://registry.npmjs.org/@hapi/boom/-/boom-9.1.4.tgz 6531ms (cache miss)
2071 http fetch GET 200 https://registry.npmjs.org/parse5/-/parse5-7.3.0.tgz 7114ms (cache miss)
2072 http fetch GET 200 https://registry.npmjs.org/process-warning/-/process-warning-5.1.0.tgz 6625ms (cache miss)
2073 silly packumentCache corgi:https://registry.npmjs.org/redstar cache-miss
2074 http fetch GET 200 https://registry.npmjs.org/pino-std-serializers/-/pino-std-serializers-7.1.0.tgz 6654ms (cache miss)
2075 http fetch GET 200 https://registry.npmjs.org/sonic-boom/-/sonic-boom-4.2.1.tgz 6695ms (cache miss)
2076 http fetch GET 200 https://registry.npmjs.org/hookified/-/hookified-2.2.0.tgz 6703ms (cache miss)
2077 http fetch GET 200 https://registry.npmjs.org/@hapi/hoek/-/hoek-9.3.0.tgz 7006ms (cache miss)
2078 http fetch GET 200 https://registry.npmjs.org/readable-stream/-/readable-stream-3.6.2.tgz 7054ms (cache miss)
2079 http fetch GET 200 https://registry.npmjs.org/readable-stream/-/readable-stream-3.6.2.tgz 7058ms (cache miss)
2080 http fetch GET 200 https://registry.npmjs.org/whatsapp-rust-bridge/-/whatsapp-rust-bridge-0.5.4.tgz 7220ms (cache miss)
2081 http fetch GET 200 https://registry.npmjs.org/fs-extra/-/fs-extra-11.4.0.tgz 7188ms (cache miss)
2082 http fetch GET 200 https://registry.npmjs.org/@types/node/-/node-26.6.2.tgz 7553ms (cache miss)
2083 http fetch GET 200 https://registry.npmjs.org/redstar 694ms (cache miss)
2084 silly packumentCache corgi:https://registry.npmjs.org/redstar set size:undefined disposed:false
2085 silly packumentCache corgi:https://registry.npmjs.org/node-fzf cache-miss
2086 http fetch GET 200 https://registry.npmjs.org/thread-stream/-/thread-stream-3.2.0.tgz 7453ms (cache miss)
2087 http fetch GET 200 https://registry.npmjs.org/canvas/-/canvas-3.2.3.tgz 7492ms (cache miss)
2088 http fetch GET 200 https://registry.npmjs.org/css-select/-/css-select-5.2.2.tgz 8001ms (cache miss)
2089 http fetch GET 200 https://registry.npmjs.org/sharp/-/sharp-0.35.4.tgz 7589ms (cache miss)
2090 http fetch GET 200 https://registry.npmjs.org/moment-timezone/-/moment-timezone-0.5.48.tgz 7609ms (cache miss)
2091 http fetch GET 200 https://registry.npmjs.org/node-fzf 561ms (cache miss)
2092 silly packumentCache corgi:https://registry.npmjs.org/node-fzf set size:undefined disposed:false
2093 silly packumentCache corgi:https://registry.npmjs.org/yt-search cache-miss
2094 http fetch GET 200 https://registry.npmjs.org/protobufjs/-/protobufjs-7.6.6.tgz 8327ms (cache miss)
2095 http fetch GET 200 https://registry.npmjs.org/entities/-/entities-6.0.1.tgz 8292ms (cache miss)
2096 http fetch GET 200 https://registry.npmjs.org/axios/-/axios-1.20.0.tgz 8508ms (cache miss)
2097 http fetch GET 200 https://registry.npmjs.org/entities/-/entities-7.0.1.tgz 8624ms (cache miss)
2098 http fetch GET 200 https://registry.npmjs.org/yt-search 643ms (cache miss)
2099 silly packumentCache corgi:https://registry.npmjs.org/yt-search set size:undefined disposed:false
2100 http fetch GET 200 https://registry.npmjs.org/better-sqlite3/-/better-sqlite3-11.10.0.tgz 8998ms (cache miss)
2101 http fetch GET 200 https://registry.npmjs.org/undici/-/undici-7.29.1.tgz 9529ms (cache miss)
2102 http fetch GET 200 https://registry.npmjs.org/pino/-/pino-8.21.0.tgz 9081ms (cache miss)
2103 http fetch GET 200 https://registry.npmjs.org/lru-cache/-/lru-cache-11.5.3.tgz 9210ms (cache miss)
2104 http fetch GET 200 https://registry.npmjs.org/pino/-/pino-9.14.0.tgz 9121ms (cache miss)
2105 http fetch GET 200 https://registry.npmjs.org/cheerio/-/cheerio-1.2.0.tgz 9604ms (cache miss)
2106 http fetch GET 200 https://registry.npmjs.org/music-metadata/-/music-metadata-11.15.0.tgz 9262ms (cache miss)
2107 http fetch GET 200 https://registry.npmjs.org/@whiskeysockets/baileys/-/baileys-7.0.0-rc14.tgz 9958ms (cache miss)
2108 http fetch GET 200 https://registry.npmjs.org/moment/-/moment-2.31.0.tgz 10225ms (cache miss)
2109 info run @whiskeysockets/baileys@7.0.0-rc14 preinstall node_modules/@whiskeysockets/baileys node ./engine-requirements.js
2110 info run @whiskeysockets/baileys@7.0.0-rc14 preinstall { code: 0, signal: null }
2111 info run better-sqlite3@11.10.0 install node_modules/better-sqlite3 prebuild-install || node-gyp rebuild --release
2112 info run canvas@3.2.3 install node_modules/canvas prebuild-install -r napi || node-gyp rebuild
2113 info run better-sqlite3@11.10.0 install { code: 1, signal: null }
2114 info run canvas@3.2.3 install { code: 1, signal: null }
2115 verbose stack Error: command failed
2115 verbose stack     at promiseSpawn (/data/data/com.termux/files/usr/lib/node_modules/npm/node_modules/@npmcli/promise-spawn/lib/index.js:22:22)
2115 verbose stack     at spawnWithShell (/data/data/com.termux/files/usr/lib/node_modules/npm/node_modules/@npmcli/promise-spawn/lib/index.js:124:10)
2115 verbose stack     at promiseSpawn (/data/data/com.termux/files/usr/lib/node_modules/npm/node_modules/@npmcli/promise-spawn/lib/index.js:12:12)
2115 verbose stack     at runScriptPkg (/data/data/com.termux/files/usr/lib/node_modules/npm/node_modules/@npmcli/run-script/lib/run-script-pkg.js:79:13)
2115 verbose stack     at runScript (/data/data/com.termux/files/usr/lib/node_modules/npm/node_modules/@npmcli/run-script/lib/run-script.js:9:12)
2115 verbose stack     at /data/data/com.termux/files/usr/lib/node_modules/npm/node_modules/@npmcli/arborist/lib/arborist/rebuild.js:341:17
2115 verbose stack     at run (/data/data/com.termux/files/usr/lib/node_modules/npm/node_modules/promise-call-limit/dist/commonjs/index.js:67:22)
2115 verbose stack     at /data/data/com.termux/files/usr/lib/node_modules/npm/node_modules/promise-call-limit/dist/commonjs/index.js:84:9
2115 verbose stack     at new Promise (<anonymous>)
2115 verbose stack     at callLimit (/data/data/com.termux/files/usr/lib/node_modules/npm/node_modules/promise-call-limit/dist/commonjs/index.js:35:69)
2116 verbose pkgid better-sqlite3@11.10.0
2117 error code 1
2118 error path /data/data/com.termux/files/home/WhatsApp-nix-bot/node_modules/better-sqlite3
2119 error command failed
2120 error command sh -c prebuild-install || node-gyp rebuild --release
2121 error (node:10778) [DEP0176] DeprecationWarning: fs.R_OK is deprecated, use fs.constants.R_OK instead
2121 error (Use `node --trace-deprecation ...` to show where the warning was created)
2121 error prebuild-install warn install No prebuilt binaries found (target=24.17.0 runtime=node arch=arm64 libc= platform=android)
2121 error gyp info it worked if it ends with ok
2121 error gyp info using node-gyp@12.4.0
2121 error gyp info using node@24.17.0 | android | arm64
2121 error gyp ERR! find Python 
2121 error gyp ERR! find Python --python was not set on the command line
2121 error gyp ERR! find Python Python is not set from environment variable PYTHON
2121 error gyp ERR! find Python checking if "python3" can be used
2121 error gyp ERR! find Python - executable path is ""
2121 error gyp ERR! find Python - "" could not be run
2121 error gyp ERR! find Python checking if "python" can be used
2121 error gyp ERR! find Python - executable path is ""
2121 error gyp ERR! find Python - "" could not be run
2121 error gyp ERR! find Python 
2121 error gyp ERR! find Python **********************************************************
2121 error gyp ERR! find Python You need to install the latest version of Python.
2121 error gyp ERR! find Python Node-gyp should be able to find and use Python. If not,
2121 error gyp ERR! find Python you can try one of the following options:
2121 error gyp ERR! find Python - Use the switch --python="/path/to/pythonexecutable"
2121 error gyp ERR! find Python (accepted by both node-gyp and npm)
2121 error gyp ERR! find Python - Set the environment variable PYTHON
2121 error gyp ERR! find Python For more information consult the documentation at:
2121 error gyp ERR! find Python https://github.com/nodejs/node-gyp#installation
2121 error gyp ERR! find Python **********************************************************
2121 error gyp ERR! find Python 
2121 error gyp ERR! configure error 
2121 error gyp ERR! stack Error: Could not find any Python installation to use
2121 error gyp ERR! stack at PythonFinder.fail (/data/data/com.termux/files/usr/lib/node_modules/npm/node_modules/node-gyp/lib/find-python.js:300:11)
2121 error gyp ERR! stack at PythonFinder.findPython (/data/data/com.termux/files/usr/lib/node_modules/npm/node_modules/node-gyp/lib/find-python.js:160:17)
2121 error gyp ERR! stack at process.processTicksAndRejections (node:internal/process/task_queues:104:5)
2121 error gyp ERR! stack at async configure (/data/data/com.termux/files/usr/lib/node_modules/npm/node_modules/node-gyp/lib/configure.js:27:18)
2121 error gyp ERR! stack at async run (/data/data/com.termux/files/usr/lib/node_modules/npm/node_modules/node-gyp/bin/node-gyp.js:81:18)
2121 error gyp ERR! System Linux 6.6.118-android15-8-g0b9c3bf6db7f-ab14877662-4k
2121 error gyp ERR! command "/data/data/com.termux/files/usr/bin/node" "/data/data/com.termux/files/usr/lib/node_modules/npm/node_modules/node-gyp/bin/node-gyp.js" "rebuild" "--release"
2121 error gyp ERR! cwd /data/data/com.termux/files/home/WhatsApp-nix-bot/node_modules/better-sqlite3
2121 error gyp ERR! node -v v24.17.0
2121 error gyp ERR! node-gyp -v v12.4.0
2121 error gyp ERR! $npm_package_name better-sqlite3
2121 error gyp ERR! $npm_package_version 11.10.0
2121 error gyp ERR! not ok
2122 silly unfinished npm timer reify 1789777602517
2123 silly unfinished npm timer reify:build 1789777657628
2124 silly unfinished npm timer build 1789777657629
2125 silly unfinished npm timer build:deps 1789777657630
2126 silly unfinished npm timer build:run:install 1789777658287
2127 silly unfinished npm timer build:run:install:node_modules/better-sqlite3 1789777658287
2128 silly unfinished npm timer build:run:install:node_modules/canvas 1789777658338
2129 verbose cwd /data/data/com.termux/files/home/WhatsApp-nix-bot
2130 verbose os Linux 6.6.118-android15-8-g0b9c3bf6db7f-ab14877662-4k
2131 verbose node v24.17.0
2132 verbose npm  v11.17.0
2133 verbose exit 1
2134 verbose code 1
2135 error A complete log of this run can be found in: /data/data/com.termux/files/home/.npm/_logs/2026-09-19T00_26_40_372Z-debug-0.log
