0 verbose cli /data/data/com.termux/files/usr/bin/node /data/data/com.termux/files/usr/bin/npm
1 info using npm@11.17.0
2 info using node@v24.17.0
3 silly config load:file:/data/data/com.termux/files/usr/lib/node_modules/npm/npmrc
4 silly config load:file:/data/data/com.termux/files/home/WhatsApp-nix-bot/.npmrc
5 silly config load:file:/data/data/com.termux/files/home/.npmrc
6 silly config load:file:/data/data/com.termux/files/usr/etc/npmrc
7 verbose title npm install
8 verbose argv "install"
9 verbose logfile logs-max:10 dir:/data/data/com.termux/files/home/.npm/_logs/2026-09-19T00_29_41_191Z-
10 verbose logfile /data/data/com.termux/files/home/.npm/_logs/2026-09-19T00_29_41_191Z-debug-0.log
11 warn Unknown project config "node-linker". This will stop working in the next major version of npm. See `npm help npmrc` for supported config options.
12 silly logfile done cleaning log files
13 silly packumentCache heap:1084227584 maxSize:271056896 maxEntrySize:135528448
14 silly idealTree buildDeps
15 silly fetch manifest @hapi/boom@^10.0.1
16 silly packumentCache full:https://registry.npmjs.org/@hapi%2fboom cache-miss
17 http cache https://registry.npmjs.org/@hapi%2fboom 90ms (cache hit)
18 silly packumentCache full:https://registry.npmjs.org/@hapi%2fboom set size:56775 disposed:false
19 silly fetch manifest @whiskeysockets/baileys@^7.0.0-rc.9
20 silly packumentCache full:https://registry.npmjs.org/@whiskeysockets%2fbaileys cache-miss
21 http cache https://registry.npmjs.org/@whiskeysockets%2fbaileys 24ms (cache hit)
22 silly packumentCache full:https://registry.npmjs.org/@whiskeysockets%2fbaileys set size:249078 disposed:false
23 silly fetch manifest audio-decode@^2.1.3
24 silly packumentCache full:https://registry.npmjs.org/audio-decode cache-miss
25 http cache https://registry.npmjs.org/audio-decode 22ms (cache hit)
26 silly packumentCache full:https://registry.npmjs.org/audio-decode set size:139486 disposed:false
27 silly fetch manifest jimp@^1.6.1
28 silly packumentCache full:https://registry.npmjs.org/jimp cache-miss
29 http cache https://registry.npmjs.org/jimp 34ms (cache hit)
30 silly packumentCache full:https://registry.npmjs.org/jimp set size:1198045 disposed:false
31 silly fetch manifest link-preview-js@^3.0.0
32 silly packumentCache full:https://registry.npmjs.org/link-preview-js cache-miss
33 http cache https://registry.npmjs.org/link-preview-js 29ms (cache hit)
34 silly packumentCache full:https://registry.npmjs.org/link-preview-js set size:160103 disposed:false
35 silly fetch manifest sharp@*
36 silly packumentCache full:https://registry.npmjs.org/sharp cache-miss
37 http cache https://registry.npmjs.org/sharp 40ms (cache hit)
38 silly packumentCache full:https://registry.npmjs.org/sharp set size:1221057 disposed:false
39 silly fetch manifest axios@^1.8.4
40 silly packumentCache full:https://registry.npmjs.org/axios cache-miss
41 http cache https://registry.npmjs.org/axios 37ms (cache hit)
42 silly packumentCache full:https://registry.npmjs.org/axios set size:793903 disposed:false
43 silly fetch manifest better-sqlite3@^11.10.0
44 silly packumentCache full:https://registry.npmjs.org/better-sqlite3 cache-miss
45 http cache https://registry.npmjs.org/better-sqlite3 39ms (cache hit)
46 silly packumentCache full:https://registry.npmjs.org/better-sqlite3 set size:393419 disposed:false
47 silly fetch manifest canvas@^3.1.0
48 silly packumentCache full:https://registry.npmjs.org/canvas cache-miss
49 http cache https://registry.npmjs.org/canvas 21ms (cache hit)
50 silly packumentCache full:https://registry.npmjs.org/canvas set size:353371 disposed:false
51 silly fetch manifest dotenv@^16.4.5
52 silly packumentCache full:https://registry.npmjs.org/dotenv cache-miss
53 http cache https://registry.npmjs.org/dotenv 29ms (cache hit)
54 silly packumentCache full:https://registry.npmjs.org/dotenv set size:281833 disposed:false
55 silly fetch manifest form-data@^4.0.1
56 silly packumentCache full:https://registry.npmjs.org/form-data cache-miss
57 http cache https://registry.npmjs.org/form-data 23ms (cache hit)
58 silly packumentCache full:https://registry.npmjs.org/form-data set size:153174 disposed:false
59 silly fetch manifest fs-extra@^11.2.0
60 silly packumentCache full:https://registry.npmjs.org/fs-extra cache-miss
61 http cache https://registry.npmjs.org/fs-extra 23ms (cache hit)
62 silly packumentCache full:https://registry.npmjs.org/fs-extra set size:239581 disposed:false
63 silly fetch manifest moment-timezone@^0.5.43
64 silly packumentCache full:https://registry.npmjs.org/moment-timezone cache-miss
65 http cache https://registry.npmjs.org/moment-timezone 22ms (cache hit)
66 silly packumentCache full:https://registry.npmjs.org/moment-timezone set size:168961 disposed:false
67 silly fetch manifest pg@^8.16.3
68 silly packumentCache full:https://registry.npmjs.org/pg cache-miss
69 http cache https://registry.npmjs.org/pg 29ms (cache hit)
70 silly packumentCache full:https://registry.npmjs.org/pg set size:482398 disposed:false
71 silly fetch manifest pg-native@>=3.0.1
72 silly packumentCache full:https://registry.npmjs.org/pg-native cache-miss
73 http cache https://registry.npmjs.org/pg-native 22ms (cache hit)
74 silly packumentCache full:https://registry.npmjs.org/pg-native set size:94559 disposed:false
75 silly fetch manifest pino@^8.21.0
76 silly packumentCache full:https://registry.npmjs.org/pino cache-miss
77 http cache https://registry.npmjs.org/pino 43ms (cache hit)
78 silly packumentCache full:https://registry.npmjs.org/pino set size:1274398 disposed:false
79 silly fetch manifest qrcode-terminal@^0.12.0
80 silly packumentCache full:https://registry.npmjs.org/qrcode-terminal cache-miss
81 http cache https://registry.npmjs.org/qrcode-terminal 23ms (cache hit)
82 silly packumentCache full:https://registry.npmjs.org/qrcode-terminal set size:29799 disposed:false
83 silly fetch manifest ws@^8.17.1
84 silly packumentCache full:https://registry.npmjs.org/ws cache-miss
85 http cache https://registry.npmjs.org/ws 24ms (cache hit)
86 silly packumentCache full:https://registry.npmjs.org/ws set size:447661 disposed:false
87 silly fetch manifest bufferutil@^4.0.1
88 silly packumentCache full:https://registry.npmjs.org/bufferutil cache-miss
89 http cache https://registry.npmjs.org/bufferutil 19ms (cache hit)
90 silly packumentCache full:https://registry.npmjs.org/bufferutil set size:52668 disposed:false
91 silly fetch manifest utf-8-validate@>=5.0.2
92 silly packumentCache full:https://registry.npmjs.org/utf-8-validate cache-miss
93 http cache https://registry.npmjs.org/utf-8-validate 19ms (cache hit)
94 silly packumentCache full:https://registry.npmjs.org/utf-8-validate set size:77012 disposed:false
95 silly fetch manifest yt-search@^2.12.1
96 silly packumentCache full:https://registry.npmjs.org/yt-search cache-miss
97 http cache https://registry.npmjs.org/yt-search 54ms (cache hit)
98 silly packumentCache full:https://registry.npmjs.org/yt-search set size:230821 disposed:false
99 silly placeDep ROOT @hapi/boom@10.0.1 OK for: Nix-Bot@0.0.1 want: ^10.0.1
100 silly placeDep ROOT @whiskeysockets/baileys@7.0.0-rc14 OK for: Nix-Bot@0.0.1 want: ^7.0.0-rc.9
101 silly placeDep ROOT sharp@0.35.4 OK for: @whiskeysockets/baileys@7.0.0-rc14 want: *
102 silly placeDep ROOT axios@1.20.0 OK for: Nix-Bot@0.0.1 want: ^1.8.4
103 silly placeDep ROOT better-sqlite3@11.10.0 OK for: Nix-Bot@0.0.1 want: ^11.10.0
104 silly placeDep ROOT canvas@3.2.3 OK for: Nix-Bot@0.0.1 want: ^3.1.0
105 silly placeDep ROOT dotenv@16.6.1 OK for: Nix-Bot@0.0.1 want: ^16.4.5
106 silly placeDep ROOT form-data@4.0.6 OK for: Nix-Bot@0.0.1 want: ^4.0.1
107 silly placeDep ROOT fs-extra@11.4.0 OK for: Nix-Bot@0.0.1 want: ^11.2.0
108 silly placeDep ROOT moment-timezone@0.5.48 OK for: Nix-Bot@0.0.1 want: ^0.5.43
109 silly placeDep ROOT pg@8.23.0 OK for: Nix-Bot@0.0.1 want: ^8.16.3
110 silly placeDep ROOT pino@8.21.0 OK for: Nix-Bot@0.0.1 want: ^8.21.0
111 silly placeDep ROOT qrcode-terminal@0.12.0 OK for: Nix-Bot@0.0.1 want: ^0.12.0
112 silly placeDep ROOT ws@8.21.3 OK for: Nix-Bot@0.0.1 want: ^8.17.1
113 silly placeDep ROOT yt-search@2.13.1 OK for: Nix-Bot@0.0.1 want: ^2.12.1
114 silly fetch manifest @hapi/hoek@^11.0.2
115 silly packumentCache full:https://registry.npmjs.org/@hapi%2fhoek cache-miss
116 silly fetch manifest ws@^8.13.0
117 silly packumentCache full:https://registry.npmjs.org/ws cache-hit
118 silly fetch manifest pino@^9.6
119 silly packumentCache full:https://registry.npmjs.org/pino cache-miss
120 silly fetch manifest p-queue@^9.0.0
121 silly packumentCache full:https://registry.npmjs.org/p-queue cache-miss
122 silly fetch manifest libsignal@^6.0.0
123 silly packumentCache full:https://registry.npmjs.org/libsignal cache-miss
124 silly fetch manifest lru-cache@^11.1.0
125 silly packumentCache full:https://registry.npmjs.org/lru-cache cache-miss
126 silly fetch manifest @hapi/boom@^9.1.3
127 silly packumentCache full:https://registry.npmjs.org/@hapi%2fboom cache-hit
128 silly fetch manifest protobufjs@^7.5.6
129 silly packumentCache full:https://registry.npmjs.org/protobufjs cache-miss
130 silly fetch manifest async-mutex@^0.5.0
131 silly packumentCache full:https://registry.npmjs.org/async-mutex cache-miss
132 http cache https://registry.npmjs.org/libsignal 54ms (cache hit)
133 silly packumentCache full:https://registry.npmjs.org/libsignal set size:26248 disposed:false
134 silly fetch manifest music-metadata@^11.12.3
135 silly packumentCache full:https://registry.npmjs.org/music-metadata cache-miss
136 http cache https://registry.npmjs.org/pino 74ms (cache hit)
137 silly packumentCache full:https://registry.npmjs.org/pino set size:1274398 disposed:false
138 silly fetch manifest whatsapp-rust-bridge@0.5.4
139 silly packumentCache full:https://registry.npmjs.org/whatsapp-rust-bridge cache-miss
140 http cache https://registry.npmjs.org/@hapi%2fhoek 127ms (cache hit)
141 silly packumentCache full:https://registry.npmjs.org/@hapi%2fhoek set size:122440 disposed:false
142 silly fetch manifest @cacheable/node-cache@^1.4.0
143 silly packumentCache full:https://registry.npmjs.org/@cacheable%2fnode-cache cache-miss
144 http cache https://registry.npmjs.org/p-queue 132ms (cache hit)
145 silly packumentCache full:https://registry.npmjs.org/p-queue set size:187782 disposed:false
146 silly fetch manifest semver@^7.8.5
147 silly packumentCache full:https://registry.npmjs.org/semver cache-miss
148 http cache https://registry.npmjs.org/lru-cache 149ms (cache hit)
149 silly packumentCache full:https://registry.npmjs.org/lru-cache set size:465506 disposed:false
150 silly fetch manifest @img/colour@^1.1.0
151 silly packumentCache full:https://registry.npmjs.org/@img%2fcolour cache-miss
152 http cache https://registry.npmjs.org/protobufjs 172ms (cache hit)
153 silly packumentCache full:https://registry.npmjs.org/protobufjs set size:760935 disposed:false
154 silly fetch manifest detect-libc@^2.1.2
155 silly packumentCache full:https://registry.npmjs.org/detect-libc cache-miss
156 http cache https://registry.npmjs.org/async-mutex 238ms (cache hit)
157 silly packumentCache full:https://registry.npmjs.org/async-mutex set size:76106 disposed:false
158 silly fetch manifest @img/sharp-linux-arm@0.35.4
159 silly packumentCache full:https://registry.npmjs.org/@img%2fsharp-linux-arm cache-miss
160 http cache https://registry.npmjs.org/music-metadata 252ms (cache hit)
161 silly packumentCache full:https://registry.npmjs.org/music-metadata set size:1288165 disposed:false
162 silly fetch manifest @img/sharp-linux-x64@0.35.4
163 silly packumentCache full:https://registry.npmjs.org/@img%2fsharp-linux-x64 cache-miss
164 http cache https://registry.npmjs.org/whatsapp-rust-bridge 276ms (cache hit)
165 silly packumentCache full:https://registry.npmjs.org/whatsapp-rust-bridge set size:247770 disposed:false
166 silly fetch manifest @img/sharp-win32-x64@0.35.4
167 silly packumentCache full:https://registry.npmjs.org/@img%2fsharp-win32-x64 cache-miss
168 http cache https://registry.npmjs.org/@cacheable%2fnode-cache 280ms (cache hit)
169 silly packumentCache full:https://registry.npmjs.org/@cacheable%2fnode-cache set size:83531 disposed:false
170 silly fetch manifest @img/sharp-darwin-x64@0.35.4
171 silly packumentCache full:https://registry.npmjs.org/@img%2fsharp-darwin-x64 cache-miss
172 http cache https://registry.npmjs.org/detect-libc 202ms (cache hit)
173 silly packumentCache full:https://registry.npmjs.org/detect-libc set size:47861 disposed:false
174 silly fetch manifest @img/sharp-win32-ia32@0.35.4
175 silly packumentCache full:https://registry.npmjs.org/@img%2fsharp-win32-ia32 cache-miss
176 http cache https://registry.npmjs.org/@img%2fcolour 250ms (cache hit)
177 silly packumentCache full:https://registry.npmjs.org/@img%2fcolour set size:9701 disposed:false
178 silly fetch manifest @img/sharp-linux-arm64@0.35.4
179 silly packumentCache full:https://registry.npmjs.org/@img%2fsharp-linux-arm64 cache-miss
180 http cache https://registry.npmjs.org/semver 289ms (cache hit)
181 silly packumentCache full:https://registry.npmjs.org/semver set size:246128 disposed:false
182 silly fetch manifest @img/sharp-linux-ppc64@0.35.4
183 silly packumentCache full:https://registry.npmjs.org/@img%2fsharp-linux-ppc64 cache-miss
184 http cache https://registry.npmjs.org/@img%2fsharp-linux-arm 192ms (cache hit)
185 silly packumentCache full:https://registry.npmjs.org/@img%2fsharp-linux-arm set size:107173 disposed:false
186 silly fetch manifest @img/sharp-linux-s390x@0.35.4
187 silly packumentCache full:https://registry.npmjs.org/@img%2fsharp-linux-s390x cache-miss
188 http cache https://registry.npmjs.org/@img%2fsharp-linux-x64 102ms (cache hit)
189 silly packumentCache full:https://registry.npmjs.org/@img%2fsharp-linux-x64 set size:106660 disposed:false
190 silly fetch manifest @img/sharp-win32-arm64@0.35.4
191 silly packumentCache full:https://registry.npmjs.org/@img%2fsharp-win32-arm64 cache-miss
192 http cache https://registry.npmjs.org/@img%2fsharp-win32-x64 96ms (cache hit)
193 silly packumentCache full:https://registry.npmjs.org/@img%2fsharp-win32-x64 set size:107829 disposed:false
194 silly fetch manifest @img/sharp-darwin-arm64@0.35.4
195 silly packumentCache full:https://registry.npmjs.org/@img%2fsharp-darwin-arm64 cache-miss
196 http cache https://registry.npmjs.org/@img%2fsharp-darwin-x64 93ms (cache hit)
197 silly packumentCache full:https://registry.npmjs.org/@img%2fsharp-darwin-x64 set size:108820 disposed:false
198 silly fetch manifest @img/sharp-linux-riscv64@0.35.4
199 silly packumentCache full:https://registry.npmjs.org/@img%2fsharp-linux-riscv64 cache-miss
200 http cache https://registry.npmjs.org/@img%2fsharp-win32-ia32 96ms (cache hit)
201 silly packumentCache full:https://registry.npmjs.org/@img%2fsharp-win32-ia32 set size:108835 disposed:false
202 silly fetch manifest @img/sharp-linuxmusl-x64@0.35.4
203 silly packumentCache full:https://registry.npmjs.org/@img%2fsharp-linuxmusl-x64 cache-miss
204 http cache https://registry.npmjs.org/@img%2fsharp-linux-ppc64 82ms (cache hit)
205 silly packumentCache full:https://registry.npmjs.org/@img%2fsharp-linux-ppc64 set size:72651 disposed:false
206 silly fetch manifest @img/sharp-freebsd-wasm32@0.35.4
207 silly packumentCache full:https://registry.npmjs.org/@img%2fsharp-freebsd-wasm32 cache-miss
208 http cache https://registry.npmjs.org/@img%2fsharp-linux-arm64 109ms (cache hit)
209 silly packumentCache full:https://registry.npmjs.org/@img%2fsharp-linux-arm64 set size:108045 disposed:false
210 silly fetch manifest @img/sharp-linuxmusl-arm64@0.35.4
211 silly packumentCache full:https://registry.npmjs.org/@img%2fsharp-linuxmusl-arm64 cache-miss
212 http cache https://registry.npmjs.org/@img%2fsharp-linux-s390x 93ms (cache hit)
213 silly packumentCache full:https://registry.npmjs.org/@img%2fsharp-linux-s390x set size:105911 disposed:false
214 silly fetch manifest @img/sharp-libvips-linux-arm@1.3.3
215 silly packumentCache full:https://registry.npmjs.org/@img%2fsharp-libvips-linux-arm cache-miss
216 http cache https://registry.npmjs.org/@img%2fsharp-win32-arm64 96ms (cache hit)
217 silly packumentCache full:https://registry.npmjs.org/@img%2fsharp-win32-arm64 set size:67825 disposed:false
218 silly fetch manifest @img/sharp-libvips-linux-x64@1.3.3
219 silly packumentCache full:https://registry.npmjs.org/@img%2fsharp-libvips-linux-x64 cache-miss
220 http cache https://registry.npmjs.org/@img%2fsharp-linux-riscv64 84ms (cache hit)
221 silly packumentCache full:https://registry.npmjs.org/@img%2fsharp-linux-riscv64 set size:50215 disposed:false
222 silly fetch manifest @img/sharp-libvips-darwin-x64@1.3.3
223 silly packumentCache full:https://registry.npmjs.org/@img%2fsharp-libvips-darwin-x64 cache-miss
224 http cache https://registry.npmjs.org/@img%2fsharp-darwin-arm64 103ms (cache hit)
225 silly packumentCache full:https://registry.npmjs.org/@img%2fsharp-darwin-arm64 set size:110251 disposed:false
226 silly fetch manifest @img/sharp-libvips-linux-arm64@1.3.3
227 silly packumentCache full:https://registry.npmjs.org/@img%2fsharp-libvips-linux-arm64 cache-miss
228 http cache https://registry.npmjs.org/@img%2fsharp-freebsd-wasm32 81ms (cache hit)
229 silly packumentCache full:https://registry.npmjs.org/@img%2fsharp-freebsd-wasm32 set size:47096 disposed:false
230 silly fetch manifest @img/sharp-libvips-linux-ppc64@1.3.3
231 silly packumentCache full:https://registry.npmjs.org/@img%2fsharp-libvips-linux-ppc64 cache-miss
232 http cache https://registry.npmjs.org/@img%2fsharp-linuxmusl-x64 97ms (cache hit)
233 silly packumentCache full:https://registry.npmjs.org/@img%2fsharp-linuxmusl-x64 set size:108319 disposed:false
234 silly fetch manifest @img/sharp-libvips-linux-s390x@1.3.3
235 silly packumentCache full:https://registry.npmjs.org/@img%2fsharp-libvips-linux-s390x cache-miss
236 http cache https://registry.npmjs.org/@img%2fsharp-linuxmusl-arm64 87ms (cache hit)
237 silly packumentCache full:https://registry.npmjs.org/@img%2fsharp-linuxmusl-arm64 set size:109709 disposed:false
238 silly fetch manifest @img/sharp-libvips-darwin-arm64@1.3.3
239 silly packumentCache full:https://registry.npmjs.org/@img%2fsharp-libvips-darwin-arm64 cache-miss
240 http cache https://registry.npmjs.org/@img%2fsharp-libvips-linux-arm 93ms (cache hit)
241 silly packumentCache full:https://registry.npmjs.org/@img%2fsharp-libvips-linux-arm set size:95067 disposed:false
242 silly fetch manifest @img/sharp-webcontainers-wasm32@0.35.4
243 silly packumentCache full:https://registry.npmjs.org/@img%2fsharp-webcontainers-wasm32 cache-miss
244 http cache https://registry.npmjs.org/@img%2fsharp-libvips-linux-arm64 71ms (cache hit)
245 silly packumentCache full:https://registry.npmjs.org/@img%2fsharp-libvips-linux-arm64 set size:92171 disposed:false
246 silly fetch manifest @img/sharp-libvips-linux-riscv64@1.3.3
247 silly packumentCache full:https://registry.npmjs.org/@img%2fsharp-libvips-linux-riscv64 cache-miss
248 http cache https://registry.npmjs.org/@img%2fsharp-libvips-darwin-x64 92ms (cache hit)
249 silly packumentCache full:https://registry.npmjs.org/@img%2fsharp-libvips-darwin-x64 set size:87586 disposed:false
250 silly fetch manifest @img/sharp-libvips-linuxmusl-x64@1.3.3
251 silly packumentCache full:https://registry.npmjs.org/@img%2fsharp-libvips-linuxmusl-x64 cache-miss
252 http cache https://registry.npmjs.org/@img%2fsharp-libvips-linux-x64 110ms (cache hit)
253 silly packumentCache full:https://registry.npmjs.org/@img%2fsharp-libvips-linux-x64 set size:90900 disposed:false
254 silly fetch manifest @img/sharp-libvips-linuxmusl-arm64@1.3.3
255 silly packumentCache full:https://registry.npmjs.org/@img%2fsharp-libvips-linuxmusl-arm64 cache-miss
256 http cache https://registry.npmjs.org/@img%2fsharp-libvips-linux-ppc64 93ms (cache hit)
257 silly packumentCache full:https://registry.npmjs.org/@img%2fsharp-libvips-linux-ppc64 set size:77213 disposed:false
258 silly fetch manifest form-data@^4.0.6
259 silly packumentCache full:https://registry.npmjs.org/form-data cache-hit
260 silly fetch manifest proxy-from-env@^2.1.0
261 silly packumentCache full:https://registry.npmjs.org/proxy-from-env cache-miss
262 http cache https://registry.npmjs.org/@img%2fsharp-libvips-darwin-arm64 85ms (cache hit)
263 silly packumentCache full:https://registry.npmjs.org/@img%2fsharp-libvips-darwin-arm64 set size:88531 disposed:false
264 silly fetch manifest follow-redirects@^1.16.0
265 silly packumentCache full:https://registry.npmjs.org/follow-redirects cache-miss
266 http cache https://registry.npmjs.org/@img%2fsharp-libvips-linux-s390x 104ms (cache hit)
267 silly packumentCache full:https://registry.npmjs.org/@img%2fsharp-libvips-linux-s390x set size:86174 disposed:false
268 silly fetch manifest https-proxy-agent@^5.0.1
269 silly packumentCache full:https://registry.npmjs.org/https-proxy-agent cache-miss
270 http cache https://registry.npmjs.org/@img%2fsharp-webcontainers-wasm32 96ms (cache hit)
271 silly packumentCache full:https://registry.npmjs.org/@img%2fsharp-webcontainers-wasm32 set size:46202 disposed:false
272 silly fetch manifest bindings@^1.5.0
273 silly packumentCache full:https://registry.npmjs.org/bindings cache-miss
274 http cache https://registry.npmjs.org/proxy-from-env 60ms (cache hit)
275 silly packumentCache full:https://registry.npmjs.org/proxy-from-env set size:21422 disposed:false
276 silly fetch manifest prebuild-install@^7.1.1
277 silly packumentCache full:https://registry.npmjs.org/prebuild-install cache-miss
278 http cache https://registry.npmjs.org/follow-redirects 63ms (cache hit)
279 silly packumentCache full:https://registry.npmjs.org/follow-redirects set size:188945 disposed:false
280 silly fetch manifest node-addon-api@^7.0.0
281 silly packumentCache full:https://registry.npmjs.org/node-addon-api cache-miss
282 http cache https://registry.npmjs.org/@img%2fsharp-libvips-linux-riscv64 119ms (cache hit)
283 silly packumentCache full:https://registry.npmjs.org/@img%2fsharp-libvips-linux-riscv64 set size:63460 disposed:false
284 silly fetch manifest prebuild-install@^7.1.3
285 silly packumentCache full:https://registry.npmjs.org/prebuild-install cache-miss
286 http cache https://registry.npmjs.org/@img%2fsharp-libvips-linuxmusl-x64 116ms (cache hit)
287 silly packumentCache full:https://registry.npmjs.org/@img%2fsharp-libvips-linuxmusl-x64 set size:88274 disposed:false
288 silly fetch manifest hasown@^2.0.4
289 silly packumentCache full:https://registry.npmjs.org/hasown cache-miss
290 http cache https://registry.npmjs.org/https-proxy-agent 90ms (cache hit)
291 silly packumentCache full:https://registry.npmjs.org/https-proxy-agent set size:83792 disposed:false
292 silly fetch manifest asynckit@^0.4.0
293 silly packumentCache full:https://registry.npmjs.org/asynckit cache-miss
294 http cache https://registry.npmjs.org/@img%2fsharp-libvips-linuxmusl-arm64 132ms (cache hit)
295 silly packumentCache full:https://registry.npmjs.org/@img%2fsharp-libvips-linuxmusl-arm64 set size:91390 disposed:false
296 silly fetch manifest mime-types@^2.1.35
297 silly packumentCache full:https://registry.npmjs.org/mime-types cache-miss
298 http cache https://registry.npmjs.org/bindings 106ms (cache hit)
299 silly packumentCache full:https://registry.npmjs.org/bindings set size:31303 disposed:false
300 silly fetch manifest combined-stream@^1.0.8
301 silly packumentCache full:https://registry.npmjs.org/combined-stream cache-miss
302 http cache https://registry.npmjs.org/asynckit 56ms (cache hit)
303 silly packumentCache full:https://registry.npmjs.org/asynckit set size:18932 disposed:false
304 silly fetch manifest es-set-tostringtag@^2.1.0
305 silly packumentCache full:https://registry.npmjs.org/es-set-tostringtag cache-miss
306 http cache https://registry.npmjs.org/prebuild-install 89ms (cache hit)
307 silly packumentCache full:https://registry.npmjs.org/prebuild-install set size:184615 disposed:false
308 silly fetch manifest graceful-fs@^4.2.0
309 silly packumentCache full:https://registry.npmjs.org/graceful-fs cache-miss
310 http cache https://registry.npmjs.org/prebuild-install 132ms (cache hit)
311 silly packumentCache full:https://registry.npmjs.org/prebuild-install set size:184615 disposed:false
312 silly packumentCache full:https://registry.npmjs.org/prebuild-install dispose
313 silly fetch manifest jsonfile@^6.0.1
314 silly packumentCache full:https://registry.npmjs.org/jsonfile cache-miss
315 http cache https://registry.npmjs.org/hasown 112ms (cache hit)
316 silly packumentCache full:https://registry.npmjs.org/hasown set size:18361 disposed:false
317 silly fetch manifest universalify@^2.0.0
318 silly packumentCache full:https://registry.npmjs.org/universalify cache-miss
319 http cache https://registry.npmjs.org/node-addon-api 141ms (cache hit)
320 silly packumentCache full:https://registry.npmjs.org/node-addon-api set size:385298 disposed:false
321 silly fetch manifest moment@^2.29.4
322 silly packumentCache full:https://registry.npmjs.org/moment cache-miss
323 http cache https://registry.npmjs.org/mime-types 125ms (cache hit)
324 silly packumentCache full:https://registry.npmjs.org/mime-types set size:139110 disposed:false
325 silly fetch manifest pgpass@1.0.5
326 silly packumentCache full:https://registry.npmjs.org/pgpass cache-miss
327 http cache https://registry.npmjs.org/combined-stream 144ms (cache hit)
328 silly packumentCache full:https://registry.npmjs.org/combined-stream set size:40337 disposed:false
329 silly fetch manifest pg-pool@^3.14.0
330 silly packumentCache full:https://registry.npmjs.org/pg-pool cache-miss
331 http cache https://registry.npmjs.org/graceful-fs 112ms (cache hit)
332 silly packumentCache full:https://registry.npmjs.org/graceful-fs set size:124285 disposed:false
333 silly fetch manifest pg-types@2.2.0
334 silly packumentCache full:https://registry.npmjs.org/pg-types cache-miss
335 http cache https://registry.npmjs.org/universalify 103ms (cache hit)
336 silly packumentCache full:https://registry.npmjs.org/universalify set size:19431 disposed:false
337 silly fetch manifest pg-protocol@^1.16.0
338 silly packumentCache full:https://registry.npmjs.org/pg-protocol cache-miss
339 http cache https://registry.npmjs.org/es-set-tostringtag 152ms (cache hit)
340 silly packumentCache full:https://registry.npmjs.org/es-set-tostringtag set size:22094 disposed:false
341 silly fetch manifest pg-connection-string@^2.14.0
342 silly packumentCache full:https://registry.npmjs.org/pg-connection-string cache-miss
343 http cache https://registry.npmjs.org/jsonfile 129ms (cache hit)
344 silly packumentCache full:https://registry.npmjs.org/jsonfile set size:53210 disposed:false
345 silly fetch manifest pg-cloudflare@^1.4.0
346 silly packumentCache full:https://registry.npmjs.org/pg-cloudflare cache-miss
347 http cache https://registry.npmjs.org/pgpass 88ms (cache hit)
348 silly packumentCache full:https://registry.npmjs.org/pgpass set size:28590 disposed:false
349 silly fetch manifest sonic-boom@^3.7.0
350 silly packumentCache full:https://registry.npmjs.org/sonic-boom cache-miss
351 http cache https://registry.npmjs.org/moment 121ms (cache hit)
352 silly packumentCache full:https://registry.npmjs.org/moment set size:247542 disposed:false
353 silly fetch manifest fast-redact@^3.1.1
354 silly packumentCache full:https://registry.npmjs.org/fast-redact cache-miss
355 http cache https://registry.npmjs.org/pg-pool 145ms (cache hit)
356 silly packumentCache full:https://registry.npmjs.org/pg-pool set size:132010 disposed:false
357 silly fetch manifest atomic-sleep@^1.0.0
358 silly packumentCache full:https://registry.npmjs.org/atomic-sleep cache-miss
359 http cache https://registry.npmjs.org/pg-protocol 134ms (cache hit)
360 silly packumentCache full:https://registry.npmjs.org/pg-protocol set size:57363 disposed:false
361 silly fetch manifest real-require@^0.2.0
362 silly packumentCache full:https://registry.npmjs.org/real-require cache-miss
363 http cache https://registry.npmjs.org/pg-types 155ms (cache hit)
364 silly packumentCache full:https://registry.npmjs.org/pg-types set size:51397 disposed:false
365 silly fetch manifest thread-stream@^2.6.0
366 silly packumentCache full:https://registry.npmjs.org/thread-stream cache-miss
367 http cache https://registry.npmjs.org/pg-cloudflare 134ms (cache hit)
368 silly packumentCache full:https://registry.npmjs.org/pg-cloudflare set size:22655 disposed:false
369 silly fetch manifest process-warning@^3.0.0
370 silly packumentCache full:https://registry.npmjs.org/process-warning cache-miss
371 http cache https://registry.npmjs.org/pg-connection-string 152ms (cache hit)
372 silly packumentCache full:https://registry.npmjs.org/pg-connection-string set size:78715 disposed:false
373 silly fetch manifest on-exit-leak-free@^2.1.0
374 silly packumentCache full:https://registry.npmjs.org/on-exit-leak-free cache-miss
375 http cache https://registry.npmjs.org/sonic-boom 136ms (cache hit)
376 silly packumentCache full:https://registry.npmjs.org/sonic-boom set size:173460 disposed:false
377 silly fetch manifest pino-std-serializers@^6.0.0
378 silly packumentCache full:https://registry.npmjs.org/pino-std-serializers cache-miss
379 http cache https://registry.npmjs.org/fast-redact 128ms (cache hit)
380 silly packumentCache full:https://registry.npmjs.org/fast-redact set size:114752 disposed:false
381 silly fetch manifest safe-stable-stringify@^2.3.1
382 silly packumentCache full:https://registry.npmjs.org/safe-stable-stringify cache-miss
383 http cache https://registry.npmjs.org/atomic-sleep 104ms (cache hit)
384 silly packumentCache full:https://registry.npmjs.org/atomic-sleep set size:5192 disposed:false
385 silly fetch manifest quick-format-unescaped@^4.0.3
386 silly packumentCache full:https://registry.npmjs.org/quick-format-unescaped cache-miss
387 http cache https://registry.npmjs.org/thread-stream 90ms (cache hit)
388 silly packumentCache full:https://registry.npmjs.org/thread-stream set size:131270 disposed:false
389 silly fetch manifest pino-abstract-transport@^1.2.0
390 silly packumentCache full:https://registry.npmjs.org/pino-abstract-transport cache-miss
391 http cache https://registry.npmjs.org/real-require 113ms (cache hit)
392 silly packumentCache full:https://registry.npmjs.org/real-require set size:10846 disposed:false
393 silly fetch manifest async.parallellimit@~0.5.2
394 silly packumentCache full:https://registry.npmjs.org/async.parallellimit cache-miss
395 http cache https://registry.npmjs.org/process-warning 107ms (cache hit)
396 silly packumentCache full:https://registry.npmjs.org/process-warning set size:36826 disposed:false
397 silly fetch manifest cheerio@^1.0.0-rc.10
398 silly packumentCache full:https://registry.npmjs.org/cheerio cache-miss
399 http cache https://registry.npmjs.org/on-exit-leak-free 105ms (cache hit)
400 silly packumentCache full:https://registry.npmjs.org/on-exit-leak-free set size:18719 disposed:false
401 silly fetch manifest dasu@~0.4.3
402 silly packumentCache full:https://registry.npmjs.org/dasu cache-miss
403 http cache https://registry.npmjs.org/pino-std-serializers 100ms (cache hit)
404 silly packumentCache full:https://registry.npmjs.org/pino-std-serializers set size:96138 disposed:false
405 silly fetch manifest boolstring@~2.0.1
406 silly packumentCache full:https://registry.npmjs.org/boolstring cache-miss
407 http cache https://registry.npmjs.org/safe-stable-stringify 98ms (cache hit)
408 silly packumentCache full:https://registry.npmjs.org/safe-stable-stringify set size:45091 disposed:false
409 silly fetch manifest human-time@0.0.2
410 silly packumentCache full:https://registry.npmjs.org/human-time cache-miss
411 http cache https://registry.npmjs.org/quick-format-unescaped 97ms (cache hit)
412 silly packumentCache full:https://registry.npmjs.org/quick-format-unescaped set size:36121 disposed:false
413 silly fetch manifest jsonpath-plus@~10.3.0
414 silly packumentCache full:https://registry.npmjs.org/jsonpath-plus cache-miss
415 http cache https://registry.npmjs.org/pino-abstract-transport 91ms (cache hit)
416 silly packumentCache full:https://registry.npmjs.org/pino-abstract-transport set size:28649 disposed:false
417 silly fetch manifest minimist@~1.2.5
418 silly packumentCache full:https://registry.npmjs.org/minimist cache-miss
419 http cache https://registry.npmjs.org/async.parallellimit 90ms (cache hit)
420 silly packumentCache full:https://registry.npmjs.org/async.parallellimit set size:11848 disposed:false
421 silly fetch manifest node-fzf@~0.14.0
422 silly packumentCache full:https://registry.npmjs.org/node-fzf cache-miss
423 http cache https://registry.npmjs.org/cheerio 90ms (cache hit)
424 silly packumentCache full:https://registry.npmjs.org/cheerio set size:169055 disposed:false
425 http cache https://registry.npmjs.org/dasu 97ms (cache hit)
426 silly packumentCache full:https://registry.npmjs.org/dasu set size:66546 disposed:false
427 http cache https://registry.npmjs.org/boolstring 92ms (cache hit)
428 silly packumentCache full:https://registry.npmjs.org/boolstring set size:11589 disposed:false
429 http cache https://registry.npmjs.org/human-time 85ms (cache hit)
430 silly packumentCache full:https://registry.npmjs.org/human-time set size:6624 disposed:false
431 http cache https://registry.npmjs.org/node-fzf 57ms (cache hit)
432 silly packumentCache full:https://registry.npmjs.org/node-fzf set size:80150 disposed:false
433 http cache https://registry.npmjs.org/minimist 73ms (cache hit)
434 silly packumentCache full:https://registry.npmjs.org/minimist set size:77063 disposed:false
435 http cache https://registry.npmjs.org/jsonpath-plus 89ms (cache hit)
436 silly packumentCache full:https://registry.npmjs.org/jsonpath-plus set size:260001 disposed:false
437 silly placeDep ROOT @hapi/hoek@11.0.7 OK for: @hapi/boom@10.0.1 want: ^11.0.2
438 silly placeDep ROOT @cacheable/node-cache@1.7.6 OK for: @whiskeysockets/baileys@7.0.0-rc14 want: ^1.4.0
439 silly placeDep node_modules/@whiskeysockets/baileys @hapi/boom@9.1.4 OK for: @whiskeysockets/baileys@7.0.0-rc14 want: ^9.1.3
440 silly placeDep ROOT async-mutex@0.5.0 OK for: @whiskeysockets/baileys@7.0.0-rc14 want: ^0.5.0
441 silly placeDep ROOT libsignal@6.0.0 OK for: @whiskeysockets/baileys@7.0.0-rc14 want: ^6.0.0
442 silly placeDep ROOT lru-cache@11.5.3 OK for: @whiskeysockets/baileys@7.0.0-rc14 want: ^11.1.0
443 silly placeDep ROOT music-metadata@11.15.0 OK for: @whiskeysockets/baileys@7.0.0-rc14 want: ^11.12.3
444 silly placeDep ROOT p-queue@9.3.3 OK for: @whiskeysockets/baileys@7.0.0-rc14 want: ^9.0.0
445 silly placeDep node_modules/@whiskeysockets/baileys pino@9.14.0 OK for: @whiskeysockets/baileys@7.0.0-rc14 want: ^9.6
446 silly placeDep ROOT protobufjs@7.6.6 OK for: @whiskeysockets/baileys@7.0.0-rc14 want: ^7.5.6
447 silly placeDep ROOT whatsapp-rust-bridge@0.5.4 OK for: @whiskeysockets/baileys@7.0.0-rc14 want: 0.5.4
448 silly fetch manifest keyv@^5.5.5
449 silly packumentCache full:https://registry.npmjs.org/keyv cache-miss
450 silly fetch manifest cacheable@^2.3.1
451 silly packumentCache full:https://registry.npmjs.org/cacheable cache-miss
452 silly fetch manifest hookified@^1.14.0
453 silly packumentCache full:https://registry.npmjs.org/hookified cache-miss
454 silly fetch manifest @hapi/hoek@9.x.x
455 silly packumentCache full:https://registry.npmjs.org/@hapi%2fhoek cache-hit
456 silly fetch manifest tslib@^2.4.0
457 silly packumentCache full:https://registry.npmjs.org/tslib cache-miss
458 silly fetch manifest protobufjs@^7.5.5
459 silly packumentCache full:https://registry.npmjs.org/protobufjs cache-hit
460 silly fetch manifest curve25519-js@^0.0.4
461 silly packumentCache full:https://registry.npmjs.org/curve25519-js cache-miss
462 silly fetch manifest debug@^4.4.3
463 silly packumentCache full:https://registry.npmjs.org/debug cache-miss
464 silly fetch manifest strtok3@^10.3.5
465 silly packumentCache full:https://registry.npmjs.org/strtok3 cache-miss
466 http cache https://registry.npmjs.org/keyv 66ms (cache hit)
467 silly packumentCache full:https://registry.npmjs.org/keyv set size:227033 disposed:false
468 silly fetch manifest win-guid@^0.2.1
469 silly packumentCache full:https://registry.npmjs.org/win-guid cache-miss
470 http cache https://registry.npmjs.org/hookified 76ms (cache hit)
471 silly packumentCache full:https://registry.npmjs.org/hookified set size:164181 disposed:false
472 silly fetch manifest file-type@^21.3.4
473 silly packumentCache full:https://registry.npmjs.org/file-type cache-miss
474 http cache https://registry.npmjs.org/tslib 87ms (cache hit)
475 silly packumentCache full:https://registry.npmjs.org/tslib set size:108843 disposed:false
476 silly fetch manifest media-typer@^2.0.0
477 silly packumentCache full:https://registry.npmjs.org/media-typer cache-miss
478 http cache https://registry.npmjs.org/cacheable 104ms (cache hit)
479 silly packumentCache full:https://registry.npmjs.org/cacheable set size:120061 disposed:false
480 silly fetch manifest token-types@^6.1.2
481 silly packumentCache full:https://registry.npmjs.org/token-types cache-miss
482 http cache https://registry.npmjs.org/curve25519-js 107ms (cache hit)
483 silly packumentCache full:https://registry.npmjs.org/curve25519-js set size:15295 disposed:false
484 silly fetch manifest content-type@^2.1.0
485 silly packumentCache full:https://registry.npmjs.org/content-type cache-miss
486 http cache https://registry.npmjs.org/debug 103ms (cache hit)
487 silly packumentCache full:https://registry.npmjs.org/debug set size:195840 disposed:false
488 silly fetch manifest @tokenizer/token@^0.3.0
489 silly packumentCache full:https://registry.npmjs.org/@tokenizer%2ftoken cache-miss
490 http cache https://registry.npmjs.org/strtok3 124ms (cache hit)
491 silly packumentCache full:https://registry.npmjs.org/strtok3 set size:412240 disposed:false
492 silly fetch manifest uint8array-extras@^1.5.0
493 silly packumentCache full:https://registry.npmjs.org/uint8array-extras cache-miss
494 http cache https://registry.npmjs.org/win-guid 157ms (cache hit)
495 silly packumentCache full:https://registry.npmjs.org/win-guid set size:11017 disposed:false
496 silly fetch manifest @borewit/text-codec@^0.2.2
497 silly packumentCache full:https://registry.npmjs.org/@borewit%2ftext-codec cache-miss
498 http cache https://registry.npmjs.org/content-type 121ms (cache hit)
499 silly packumentCache full:https://registry.npmjs.org/content-type set size:29578 disposed:false
500 silly fetch manifest eventemitter3@^5.0.4
501 silly packumentCache full:https://registry.npmjs.org/eventemitter3 cache-miss
502 http cache https://registry.npmjs.org/file-type 164ms (cache hit)
503 silly packumentCache full:https://registry.npmjs.org/file-type set size:570528 disposed:false
504 silly fetch manifest p-timeout@^7.0.0
505 silly packumentCache full:https://registry.npmjs.org/p-timeout cache-miss
506 http cache https://registry.npmjs.org/token-types 171ms (cache hit)
507 silly packumentCache full:https://registry.npmjs.org/token-types set size:155133 disposed:false
508 silly fetch manifest sonic-boom@^4.0.1
509 silly packumentCache full:https://registry.npmjs.org/sonic-boom cache-hit
510 silly fetch manifest thread-stream@^3.0.0
511 silly packumentCache full:https://registry.npmjs.org/thread-stream cache-hit
512 silly fetch manifest @pinojs/redact@^0.4.0
513 silly packumentCache full:https://registry.npmjs.org/@pinojs%2fredact cache-miss
514 http cache https://registry.npmjs.org/@tokenizer%2ftoken 161ms (cache hit)
515 silly packumentCache full:https://registry.npmjs.org/@tokenizer%2ftoken set size:11833 disposed:false
516 silly fetch manifest process-warning@^5.0.0
517 silly packumentCache full:https://registry.npmjs.org/process-warning cache-hit
518 silly fetch manifest pino-std-serializers@^7.0.0
519 silly packumentCache full:https://registry.npmjs.org/pino-std-serializers cache-hit
520 silly fetch manifest pino-abstract-transport@^2.0.0
521 silly packumentCache full:https://registry.npmjs.org/pino-abstract-transport cache-hit
522 silly fetch manifest long@^5.3.2
523 silly packumentCache full:https://registry.npmjs.org/long cache-miss
524 http cache https://registry.npmjs.org/uint8array-extras 151ms (cache hit)
525 silly packumentCache full:https://registry.npmjs.org/uint8array-extras set size:36606 disposed:false
526 silly fetch manifest @types/node@>=13.7.0
527 silly packumentCache full:https://registry.npmjs.org/@types%2fnode cache-miss
528 http cache https://registry.npmjs.org/media-typer 227ms (cache hit)
529 silly packumentCache full:https://registry.npmjs.org/media-typer set size:22074 disposed:false
530 silly fetch manifest @protobufjs/path@^1.1.2
531 silly packumentCache full:https://registry.npmjs.org/@protobufjs%2fpath cache-miss
532 http cache https://registry.npmjs.org/@borewit%2ftext-codec 124ms (cache hit)
533 silly packumentCache full:https://registry.npmjs.org/@borewit%2ftext-codec set size:15427 disposed:false
534 silly fetch manifest @protobufjs/pool@^1.1.0
535 silly packumentCache full:https://registry.npmjs.org/@protobufjs%2fpool cache-miss
536 http cache https://registry.npmjs.org/eventemitter3 125ms (cache hit)
537 silly packumentCache full:https://registry.npmjs.org/eventemitter3 set size:92292 disposed:false
538 silly fetch manifest @protobufjs/utf8@^1.1.1
539 silly packumentCache full:https://registry.npmjs.org/@protobufjs%2futf8 cache-miss
540 http cache https://registry.npmjs.org/@pinojs%2fredact 80ms (cache hit)
541 silly packumentCache full:https://registry.npmjs.org/@pinojs%2fredact set size:16869 disposed:false
542 silly fetch manifest @protobufjs/fetch@^1.1.1
543 silly packumentCache full:https://registry.npmjs.org/@protobufjs%2ffetch cache-miss
544 http cache https://registry.npmjs.org/@protobufjs%2fpath 57ms (cache hit)
545 silly packumentCache full:https://registry.npmjs.org/@protobufjs%2fpath set size:10241 disposed:false
546 silly fetch manifest @protobufjs/float@^1.0.2
547 silly packumentCache full:https://registry.npmjs.org/@protobufjs%2ffloat cache-miss
548 http cache https://registry.npmjs.org/p-timeout 116ms (cache hit)
549 silly packumentCache full:https://registry.npmjs.org/p-timeout set size:62805 disposed:false
550 silly fetch manifest @protobufjs/base64@^1.1.2
551 silly packumentCache full:https://registry.npmjs.org/@protobufjs%2fbase64 cache-miss
552 http cache https://registry.npmjs.org/long 89ms (cache hit)
553 silly packumentCache full:https://registry.npmjs.org/long set size:80704 disposed:false
554 silly fetch manifest @protobufjs/codegen@^2.0.5
555 silly packumentCache full:https://registry.npmjs.org/@protobufjs%2fcodegen cache-miss
556 http cache https://registry.npmjs.org/@types%2fnode 172ms (cache hit)
557 silly packumentCache full:https://registry.npmjs.org/@types%2fnode set size:11150508 disposed:false
558 silly fetch manifest @protobufjs/aspromise@^1.1.2
559 silly packumentCache full:https://registry.npmjs.org/@protobufjs%2faspromise cache-miss
560 http cache https://registry.npmjs.org/@protobufjs%2fpool 557ms (cache hit)
561 silly packumentCache full:https://registry.npmjs.org/@protobufjs%2fpool set size:10727 disposed:false
562 silly fetch manifest @protobufjs/eventemitter@^1.1.1
563 silly packumentCache full:https://registry.npmjs.org/@protobufjs%2feventemitter cache-miss
564 http cache https://registry.npmjs.org/@protobufjs%2futf8 552ms (cache hit)
565 silly packumentCache full:https://registry.npmjs.org/@protobufjs%2futf8 set size:17318 disposed:false
566 http cache https://registry.npmjs.org/@protobufjs%2ffetch 548ms (cache hit)
567 silly packumentCache full:https://registry.npmjs.org/@protobufjs%2ffetch set size:12023 disposed:false
568 http cache https://registry.npmjs.org/@protobufjs%2ffloat 544ms (cache hit)
569 silly packumentCache full:https://registry.npmjs.org/@protobufjs%2ffloat set size:9957 disposed:false
570 http cache https://registry.npmjs.org/@protobufjs%2fbase64 541ms (cache hit)
571 silly packumentCache full:https://registry.npmjs.org/@protobufjs%2fbase64 set size:14176 disposed:false
572 http cache https://registry.npmjs.org/@protobufjs%2fcodegen 540ms (cache hit)
573 silly packumentCache full:https://registry.npmjs.org/@protobufjs%2fcodegen set size:23820 disposed:false
574 http cache https://registry.npmjs.org/@protobufjs%2faspromise 67ms (cache hit)
575 silly packumentCache full:https://registry.npmjs.org/@protobufjs%2faspromise set size:11438 disposed:false
576 http cache https://registry.npmjs.org/@protobufjs%2feventemitter 42ms (cache hit)
577 silly packumentCache full:https://registry.npmjs.org/@protobufjs%2feventemitter set size:13173 disposed:false
578 silly placeDep ROOT cacheable@2.5.0 OK for: @cacheable/node-cache@1.7.6 want: ^2.3.1
579 silly placeDep ROOT hookified@1.15.1 OK for: @cacheable/node-cache@1.7.6 want: ^1.14.0
580 silly placeDep ROOT keyv@5.6.0 OK for: @cacheable/node-cache@1.7.6 want: ^5.5.5
581 silly fetch manifest keyv@^5.6.0
582 silly packumentCache full:https://registry.npmjs.org/keyv cache-hit
583 silly fetch manifest qified@^0.10.1
584 silly packumentCache full:https://registry.npmjs.org/qified cache-miss
585 silly fetch manifest hookified@^1.15.0
586 silly packumentCache full:https://registry.npmjs.org/hookified cache-hit
587 silly fetch manifest @cacheable/utils@^2.5.0
588 silly packumentCache full:https://registry.npmjs.org/@cacheable%2futils cache-miss
589 silly fetch manifest @cacheable/memory@^2.2.0
590 silly packumentCache full:https://registry.npmjs.org/@cacheable%2fmemory cache-miss
591 silly fetch manifest @keyv/serialize@^1.1.1
592 silly packumentCache full:https://registry.npmjs.org/@keyv%2fserialize cache-miss
593 http cache https://registry.npmjs.org/@cacheable%2futils 30ms (cache hit)
594 silly packumentCache full:https://registry.npmjs.org/@cacheable%2futils set size:41932 disposed:false
595 http cache https://registry.npmjs.org/qified 39ms (cache hit)
596 silly packumentCache full:https://registry.npmjs.org/qified set size:77826 disposed:false
597 http cache https://registry.npmjs.org/@cacheable%2fmemory 40ms (cache hit)
598 silly packumentCache full:https://registry.npmjs.org/@cacheable%2fmemory set size:35099 disposed:false
599 http cache https://registry.npmjs.org/@keyv%2fserialize 44ms (cache hit)
600 silly packumentCache full:https://registry.npmjs.org/@keyv%2fserialize set size:23172 disposed:false
601 silly placeDep ROOT tslib@2.8.1 OK for: async-mutex@0.5.0 want: ^2.4.0
602 silly placeDep ROOT follow-redirects@1.16.0 OK for: axios@1.20.0 want: ^1.16.0
603 silly placeDep ROOT https-proxy-agent@5.0.1 OK for: axios@1.20.0 want: ^5.0.1
604 silly placeDep ROOT proxy-from-env@2.1.0 OK for: axios@1.20.0 want: ^2.1.0
605 silly fetch manifest debug@4
606 silly packumentCache full:https://registry.npmjs.org/debug cache-hit
607 silly fetch manifest agent-base@6
608 silly packumentCache full:https://registry.npmjs.org/agent-base cache-miss
609 http cache https://registry.npmjs.org/agent-base 17ms (cache hit)
610 silly packumentCache full:https://registry.npmjs.org/agent-base set size:72085 disposed:false
611 silly placeDep ROOT bindings@1.5.0 OK for: better-sqlite3@11.10.0 want: ^1.5.0
612 silly placeDep ROOT prebuild-install@7.1.3 OK for: better-sqlite3@11.10.0 want: ^7.1.1
613 silly fetch manifest file-uri-to-path@1.0.0
614 silly packumentCache full:https://registry.npmjs.org/file-uri-to-path cache-miss
615 silly fetch manifest rc@^1.2.7
616 silly packumentCache full:https://registry.npmjs.org/rc cache-miss
617 silly fetch manifest pump@^3.0.0
618 silly packumentCache full:https://registry.npmjs.org/pump cache-miss
619 silly fetch manifest tar-fs@^2.0.0
620 silly packumentCache full:https://registry.npmjs.org/tar-fs cache-miss
621 silly fetch manifest minimist@^1.2.3
622 silly packumentCache full:https://registry.npmjs.org/minimist cache-hit
623 silly fetch manifest node-abi@^3.3.0
624 silly packumentCache full:https://registry.npmjs.org/node-abi cache-miss
625 silly fetch manifest simple-get@^4.0.0
626 silly packumentCache full:https://registry.npmjs.org/simple-get cache-miss
627 silly fetch manifest detect-libc@^2.0.0
628 silly packumentCache full:https://registry.npmjs.org/detect-libc cache-hit
629 silly fetch manifest tunnel-agent@^0.6.0
630 silly packumentCache full:https://registry.npmjs.org/tunnel-agent cache-miss
631 http cache https://registry.npmjs.org/file-uri-to-path 47ms (cache hit)
632 silly packumentCache full:https://registry.npmjs.org/file-uri-to-path set size:10154 disposed:false
633 silly fetch manifest mkdirp-classic@^0.5.3
634 silly packumentCache full:https://registry.npmjs.org/mkdirp-classic cache-miss
635 http cache https://registry.npmjs.org/tar-fs 51ms (cache hit)
636 silly packumentCache full:https://registry.npmjs.org/tar-fs set size:126184 disposed:false
637 silly fetch manifest expand-template@^2.0.3
638 silly packumentCache full:https://registry.npmjs.org/expand-template cache-miss
639 http cache https://registry.npmjs.org/pump 64ms (cache hit)
640 silly packumentCache full:https://registry.npmjs.org/pump set size:41178 disposed:false
641 silly fetch manifest napi-build-utils@^2.0.0
642 silly packumentCache full:https://registry.npmjs.org/napi-build-utils cache-miss
643 http cache https://registry.npmjs.org/rc 74ms (cache hit)
644 silly packumentCache full:https://registry.npmjs.org/rc set size:70417 disposed:false
645 silly fetch manifest github-from-package@0.0.0
646 silly packumentCache full:https://registry.npmjs.org/github-from-package cache-miss
647 http cache https://registry.npmjs.org/simple-get 74ms (cache hit)
648 silly packumentCache full:https://registry.npmjs.org/simple-get set size:90014 disposed:false
649 http cache https://registry.npmjs.org/node-abi 87ms (cache hit)
650 silly packumentCache full:https://registry.npmjs.org/node-abi set size:392705 disposed:false
651 http cache https://registry.npmjs.org/tunnel-agent 93ms (cache hit)
652 silly packumentCache full:https://registry.npmjs.org/tunnel-agent set size:12847 disposed:false
653 http cache https://registry.npmjs.org/napi-build-utils 63ms (cache hit)
654 silly packumentCache full:https://registry.npmjs.org/napi-build-utils set size:13501 disposed:false
655 http cache https://registry.npmjs.org/expand-template 75ms (cache hit)
656 silly packumentCache full:https://registry.npmjs.org/expand-template set size:23203 disposed:false
657 http cache https://registry.npmjs.org/mkdirp-classic 92ms (cache hit)
658 silly packumentCache full:https://registry.npmjs.org/mkdirp-classic set size:5503 disposed:false
659 http cache https://registry.npmjs.org/github-from-package 63ms (cache hit)
660 silly packumentCache full:https://registry.npmjs.org/github-from-package set size:3718 disposed:false
661 silly placeDep ROOT file-uri-to-path@1.0.0 OK for: bindings@1.5.0 want: 1.0.0
662 silly placeDep ROOT @cacheable/memory@2.2.0 OK for: cacheable@2.5.0 want: ^2.2.0
663 silly placeDep ROOT @cacheable/utils@2.5.0 OK for: cacheable@2.5.0 want: ^2.5.0
664 silly placeDep ROOT qified@0.10.1 OK for: cacheable@2.5.0 want: ^0.10.1
665 silly fetch manifest @keyv/bigmap@^1.3.1
666 silly packumentCache full:https://registry.npmjs.org/@keyv%2fbigmap cache-miss
667 silly fetch manifest hashery@^1.5.1
668 silly packumentCache full:https://registry.npmjs.org/hashery cache-miss
669 silly fetch manifest hookified@^2.1.1
670 silly packumentCache full:https://registry.npmjs.org/hookified cache-hit
671 http cache https://registry.npmjs.org/@keyv%2fbigmap 19ms (cache hit)
672 silly packumentCache full:https://registry.npmjs.org/@keyv%2fbigmap set size:35402 disposed:false
673 http cache https://registry.npmjs.org/hashery 22ms (cache hit)
674 silly packumentCache full:https://registry.npmjs.org/hashery set size:32683 disposed:false
675 silly placeDep ROOT @keyv/bigmap@1.3.1 OK for: @cacheable/memory@2.2.0 want: ^1.3.1
676 silly fetch manifest hashery@^1.4.0
677 silly packumentCache full:https://registry.npmjs.org/hashery cache-hit
678 silly placeDep ROOT hashery@1.5.1 OK for: @cacheable/utils@2.5.0 want: ^1.5.1
679 silly placeDep ROOT node-addon-api@7.1.1 OK for: canvas@3.2.3 want: ^7.0.0
680 silly placeDep ROOT asynckit@0.4.0 OK for: form-data@4.0.6 want: ^0.4.0
681 silly placeDep ROOT combined-stream@1.0.8 OK for: form-data@4.0.6 want: ^1.0.8
682 silly placeDep ROOT es-set-tostringtag@2.1.0 OK for: form-data@4.0.6 want: ^2.1.0
683 silly placeDep ROOT hasown@2.0.4 OK for: form-data@4.0.6 want: ^2.0.4
684 silly placeDep ROOT mime-types@2.1.35 OK for: form-data@4.0.6 want: ^2.1.35
685 silly fetch manifest delayed-stream@~1.0.0
686 silly packumentCache full:https://registry.npmjs.org/delayed-stream cache-miss
687 silly fetch manifest es-errors@^1.3.0
688 silly packumentCache full:https://registry.npmjs.org/es-errors cache-miss
689 silly fetch manifest get-intrinsic@^1.2.6
690 silly packumentCache full:https://registry.npmjs.org/get-intrinsic cache-miss
691 silly fetch manifest has-tostringtag@^1.0.2
692 silly packumentCache full:https://registry.npmjs.org/has-tostringtag cache-miss
693 silly fetch manifest hasown@^2.0.2
694 silly packumentCache full:https://registry.npmjs.org/hasown cache-hit
695 silly fetch manifest function-bind@^1.1.2
696 silly packumentCache full:https://registry.npmjs.org/function-bind cache-miss
697 silly fetch manifest mime-db@1.52.0
698 silly packumentCache full:https://registry.npmjs.org/mime-db cache-miss
699 http cache https://registry.npmjs.org/get-intrinsic 40ms (cache hit)
700 silly packumentCache full:https://registry.npmjs.org/get-intrinsic set size:60985 disposed:false
701 http cache https://registry.npmjs.org/delayed-stream 49ms (cache hit)
702 silly packumentCache full:https://registry.npmjs.org/delayed-stream set size:15820 disposed:false
703 http cache https://registry.npmjs.org/function-bind 46ms (cache hit)
704 silly packumentCache full:https://registry.npmjs.org/function-bind set size:15733 disposed:false
705 http cache https://registry.npmjs.org/mime-db 49ms (cache hit)
706 silly packumentCache full:https://registry.npmjs.org/mime-db set size:164953 disposed:false
707 http cache https://registry.npmjs.org/has-tostringtag 63ms (cache hit)
708 silly packumentCache full:https://registry.npmjs.org/has-tostringtag set size:13945 disposed:false
709 http cache https://registry.npmjs.org/es-errors 71ms (cache hit)
710 silly packumentCache full:https://registry.npmjs.org/es-errors set size:16918 disposed:false
711 silly placeDep ROOT delayed-stream@1.0.0 OK for: combined-stream@1.0.8 want: ~1.0.0
712 silly placeDep ROOT es-errors@1.3.0 OK for: es-set-tostringtag@2.1.0 want: ^1.3.0
713 silly placeDep ROOT get-intrinsic@1.3.0 OK for: es-set-tostringtag@2.1.0 want: ^1.2.6
714 silly placeDep ROOT has-tostringtag@1.0.2 OK for: es-set-tostringtag@2.1.0 want: ^1.0.2
715 silly fetch manifest gopd@^1.2.0
716 silly packumentCache full:https://registry.npmjs.org/gopd cache-miss
717 silly fetch manifest get-proto@^1.0.1
718 silly packumentCache full:https://registry.npmjs.org/get-proto cache-miss
719 silly fetch manifest has-symbols@^1.1.0
720 silly packumentCache full:https://registry.npmjs.org/has-symbols cache-miss
721 silly fetch manifest es-object-atoms@^1.1.1
722 silly packumentCache full:https://registry.npmjs.org/es-object-atoms cache-miss
723 silly fetch manifest math-intrinsics@^1.1.0
724 silly packumentCache full:https://registry.npmjs.org/math-intrinsics cache-miss
725 silly fetch manifest es-define-property@^1.0.1
726 silly packumentCache full:https://registry.npmjs.org/es-define-property cache-miss
727 silly fetch manifest call-bind-apply-helpers@^1.0.2
728 silly packumentCache full:https://registry.npmjs.org/call-bind-apply-helpers cache-miss
729 http cache https://registry.npmjs.org/es-object-atoms 42ms (cache hit)
730 silly packumentCache full:https://registry.npmjs.org/es-object-atoms set size:18278 disposed:false
731 silly fetch manifest has-symbols@^1.0.3
732 silly packumentCache full:https://registry.npmjs.org/has-symbols cache-miss
733 http cache https://registry.npmjs.org/gopd 53ms (cache hit)
734 silly packumentCache full:https://registry.npmjs.org/gopd set size:11483 disposed:false
735 http cache https://registry.npmjs.org/has-symbols 54ms (cache hit)
736 silly packumentCache full:https://registry.npmjs.org/has-symbols set size:21550 disposed:false
737 http cache https://registry.npmjs.org/get-proto 60ms (cache hit)
738 silly packumentCache full:https://registry.npmjs.org/get-proto set size:8300 disposed:false
739 http cache https://registry.npmjs.org/math-intrinsics 59ms (cache hit)
740 silly packumentCache full:https://registry.npmjs.org/math-intrinsics set size:9265 disposed:false
741 http cache https://registry.npmjs.org/call-bind-apply-helpers 57ms (cache hit)
742 silly packumentCache full:https://registry.npmjs.org/call-bind-apply-helpers set size:12744 disposed:false
743 http cache https://registry.npmjs.org/es-define-property 65ms (cache hit)
744 silly packumentCache full:https://registry.npmjs.org/es-define-property set size:8542 disposed:false
745 http cache https://registry.npmjs.org/has-symbols 32ms (cache hit)
746 silly packumentCache full:https://registry.npmjs.org/has-symbols set size:21550 disposed:false
747 silly packumentCache full:https://registry.npmjs.org/has-symbols dispose
748 silly placeDep ROOT graceful-fs@4.2.11 OK for: fs-extra@11.4.0 want: ^4.2.0
749 silly placeDep ROOT jsonfile@6.2.1 OK for: fs-extra@11.4.0 want: ^6.0.1
750 silly placeDep ROOT universalify@2.0.1 OK for: fs-extra@11.4.0 want: ^2.0.0
751 silly placeDep ROOT call-bind-apply-helpers@1.0.2 OK for: get-intrinsic@1.3.0 want: ^1.0.2
752 silly placeDep ROOT es-define-property@1.0.1 OK for: get-intrinsic@1.3.0 want: ^1.0.1
753 silly placeDep ROOT es-object-atoms@1.1.2 OK for: get-intrinsic@1.3.0 want: ^1.1.1
754 silly placeDep ROOT function-bind@1.1.2 OK for: get-intrinsic@1.3.0 want: ^1.1.2
755 silly placeDep ROOT get-proto@1.0.1 OK for: get-intrinsic@1.3.0 want: ^1.0.1
756 silly placeDep ROOT gopd@1.2.0 OK for: get-intrinsic@1.3.0 want: ^1.2.0
757 silly placeDep ROOT has-symbols@1.1.0 OK for: get-intrinsic@1.3.0 want: ^1.1.0
758 silly placeDep ROOT math-intrinsics@1.1.0 OK for: get-intrinsic@1.3.0 want: ^1.1.0
759 silly fetch manifest dunder-proto@^1.0.1
760 silly packumentCache full:https://registry.npmjs.org/dunder-proto cache-miss
761 http cache https://registry.npmjs.org/dunder-proto 15ms (cache hit)
762 silly packumentCache full:https://registry.npmjs.org/dunder-proto set size:8256 disposed:false
763 silly placeDep ROOT dunder-proto@1.0.1 OK for: get-proto@1.0.1 want: ^1.0.1
764 silly placeDep ROOT agent-base@6.0.2 OK for: https-proxy-agent@5.0.1 want: 6
765 silly placeDep ROOT debug@4.4.3 OK for: https-proxy-agent@5.0.1 want: 4
766 silly fetch manifest ms@^2.1.3
767 silly packumentCache full:https://registry.npmjs.org/ms cache-miss
768 http cache https://registry.npmjs.org/ms 17ms (cache hit)
769 silly packumentCache full:https://registry.npmjs.org/ms set size:92208 disposed:false
770 silly placeDep ROOT ms@2.1.3 OK for: debug@4.4.3 want: ^2.1.3
771 silly placeDep ROOT @keyv/serialize@1.1.1 OK for: keyv@5.6.0 want: ^1.1.1
772 silly placeDep ROOT curve25519-js@0.0.4 OK for: libsignal@6.0.0 want: ^0.0.4
773 silly placeDep ROOT mime-db@1.52.0 OK for: mime-types@2.1.35 want: 1.52.0
774 silly placeDep ROOT moment@2.31.0 OK for: moment-timezone@0.5.48 want: ^2.29.4
775 silly placeDep ROOT @borewit/text-codec@0.2.2 OK for: music-metadata@11.15.0 want: ^0.2.2
776 silly placeDep ROOT @tokenizer/token@0.3.0 OK for: music-metadata@11.15.0 want: ^0.3.0
777 silly placeDep ROOT content-type@2.1.0 OK for: music-metadata@11.15.0 want: ^2.1.0
778 silly placeDep ROOT file-type@21.3.4 OK for: music-metadata@11.15.0 want: ^21.3.4
779 silly placeDep ROOT media-typer@2.0.0 OK for: music-metadata@11.15.0 want: ^2.0.0
780 silly placeDep ROOT strtok3@10.3.5 OK for: music-metadata@11.15.0 want: ^10.3.5
781 silly placeDep ROOT token-types@6.1.2 OK for: music-metadata@11.15.0 want: ^6.1.2
782 silly placeDep ROOT uint8array-extras@1.5.0 OK for: music-metadata@11.15.0 want: ^1.5.0
783 silly placeDep ROOT win-guid@0.2.1 OK for: music-metadata@11.15.0 want: ^0.2.1
784 silly fetch manifest strtok3@^10.3.4
785 silly packumentCache full:https://registry.npmjs.org/strtok3 cache-hit
786 silly fetch manifest token-types@^6.1.1
787 silly packumentCache full:https://registry.npmjs.org/token-types cache-hit
788 silly fetch manifest uint8array-extras@^1.4.0
789 silly packumentCache full:https://registry.npmjs.org/uint8array-extras cache-hit
790 silly fetch manifest @tokenizer/inflate@^0.4.1
791 silly packumentCache full:https://registry.npmjs.org/@tokenizer%2finflate cache-miss
792 silly fetch manifest ieee754@^1.2.1
793 silly packumentCache full:https://registry.npmjs.org/ieee754 cache-miss
794 http cache https://registry.npmjs.org/@tokenizer%2finflate 34ms (cache hit)
795 silly packumentCache full:https://registry.npmjs.org/@tokenizer%2finflate set size:32390 disposed:false
796 http cache https://registry.npmjs.org/ieee754 38ms (cache hit)
797 silly packumentCache full:https://registry.npmjs.org/ieee754 set size:34910 disposed:false
798 silly placeDep ROOT @tokenizer/inflate@0.4.1 OK for: file-type@21.3.4 want: ^0.4.1
799 silly placeDep ROOT eventemitter3@5.0.4 OK for: p-queue@9.3.3 want: ^5.0.4
800 silly placeDep ROOT p-timeout@7.0.2 OK for: p-queue@9.3.3 want: ^7.0.0
801 silly fetch manifest pg@>=8.0
802 silly packumentCache full:https://registry.npmjs.org/pg cache-hit
803 silly placeDep ROOT pg-cloudflare@1.4.0 OK for: pg@8.23.0 want: ^1.4.0
804 silly placeDep ROOT pg-connection-string@2.14.0 OK for: pg@8.23.0 want: ^2.14.0
805 silly placeDep ROOT pg-pool@3.14.0 OK for: pg@8.23.0 want: ^3.14.0
806 silly placeDep ROOT pg-protocol@1.16.0 OK for: pg@8.23.0 want: ^1.16.0
807 silly placeDep ROOT pg-types@2.2.0 OK for: pg@8.23.0 want: 2.2.0
808 silly placeDep ROOT pgpass@1.0.5 OK for: pg@8.23.0 want: 1.0.5
809 silly fetch manifest pg-int8@1.0.1
810 silly packumentCache full:https://registry.npmjs.org/pg-int8 cache-miss
811 silly fetch manifest postgres-date@~1.0.4
812 silly packumentCache full:https://registry.npmjs.org/postgres-date cache-miss
813 silly fetch manifest postgres-array@~2.0.0
814 silly packumentCache full:https://registry.npmjs.org/postgres-array cache-miss
815 silly fetch manifest postgres-bytea@~1.0.0
816 silly packumentCache full:https://registry.npmjs.org/postgres-bytea cache-miss
817 silly fetch manifest postgres-interval@^1.1.0
818 silly packumentCache full:https://registry.npmjs.org/postgres-interval cache-miss
819 silly fetch manifest split2@^4.1.0
820 silly packumentCache full:https://registry.npmjs.org/split2 cache-miss
821 http cache https://registry.npmjs.org/postgres-interval 37ms (cache hit)
822 silly packumentCache full:https://registry.npmjs.org/postgres-interval set size:33033 disposed:false
823 http cache https://registry.npmjs.org/pg-int8 50ms (cache hit)
824 silly packumentCache full:https://registry.npmjs.org/pg-int8 set size:3652 disposed:false
825 http cache https://registry.npmjs.org/postgres-bytea 47ms (cache hit)
826 silly packumentCache full:https://registry.npmjs.org/postgres-bytea set size:8854 disposed:false
827 http cache https://registry.npmjs.org/postgres-date 55ms (cache hit)
828 silly packumentCache full:https://registry.npmjs.org/postgres-date set size:27126 disposed:false
829 http cache https://registry.npmjs.org/split2 53ms (cache hit)
830 silly packumentCache full:https://registry.npmjs.org/split2 set size:47438 disposed:false
831 http cache https://registry.npmjs.org/postgres-array 66ms (cache hit)
832 silly packumentCache full:https://registry.npmjs.org/postgres-array set size:21967 disposed:false
833 silly placeDep ROOT pg-int8@1.0.1 OK for: pg-types@2.2.0 want: 1.0.1
834 silly placeDep ROOT postgres-array@2.0.0 OK for: pg-types@2.2.0 want: ~2.0.0
835 silly placeDep ROOT postgres-bytea@1.0.1 OK for: pg-types@2.2.0 want: ~1.0.0
836 silly placeDep ROOT postgres-date@1.0.7 OK for: pg-types@2.2.0 want: ~1.0.4
837 silly placeDep ROOT postgres-interval@1.2.0 OK for: pg-types@2.2.0 want: ^1.1.0
838 silly fetch manifest xtend@^4.0.0
839 silly packumentCache full:https://registry.npmjs.org/xtend cache-miss
840 http cache https://registry.npmjs.org/xtend 18ms (cache hit)
841 silly packumentCache full:https://registry.npmjs.org/xtend set size:28314 disposed:false
842 silly placeDep ROOT split2@4.2.0 OK for: pgpass@1.0.5 want: ^4.1.0
843 silly placeDep ROOT atomic-sleep@1.0.0 OK for: pino@8.21.0 want: ^1.0.0
844 silly placeDep ROOT fast-redact@3.5.0 OK for: pino@8.21.0 want: ^3.1.1
845 silly placeDep ROOT on-exit-leak-free@2.1.2 OK for: pino@8.21.0 want: ^2.1.0
846 silly placeDep ROOT pino-abstract-transport@1.2.0 OK for: pino@8.21.0 want: ^1.2.0
847 silly placeDep ROOT pino-std-serializers@6.2.2 OK for: pino@8.21.0 want: ^6.0.0
848 silly placeDep ROOT process-warning@3.0.0 OK for: pino@8.21.0 want: ^3.0.0
849 silly placeDep ROOT quick-format-unescaped@4.0.4 OK for: pino@8.21.0 want: ^4.0.3
850 silly placeDep ROOT real-require@0.2.0 OK for: pino@8.21.0 want: ^0.2.0
851 silly placeDep ROOT safe-stable-stringify@2.5.0 OK for: pino@8.21.0 want: ^2.3.1
852 silly placeDep ROOT sonic-boom@3.8.1 OK for: pino@8.21.0 want: ^3.7.0
853 silly placeDep ROOT thread-stream@2.7.0 OK for: pino@8.21.0 want: ^2.6.0
854 silly fetch manifest readable-stream@^4.0.0
855 silly packumentCache full:https://registry.npmjs.org/readable-stream cache-miss
856 http cache https://registry.npmjs.org/readable-stream 23ms (cache hit)
857 silly packumentCache full:https://registry.npmjs.org/readable-stream set size:261096 disposed:false
858 silly placeDep ROOT readable-stream@4.7.0 OK for: pino-abstract-transport@1.2.0 want: ^4.0.0
859 silly fetch manifest abort-controller@^3.0.0
860 silly packumentCache full:https://registry.npmjs.org/abort-controller cache-miss
861 silly fetch manifest buffer@^6.0.3
862 silly packumentCache full:https://registry.npmjs.org/buffer cache-miss
863 silly fetch manifest events@^3.3.0
864 silly packumentCache full:https://registry.npmjs.org/events cache-miss
865 silly fetch manifest process@^0.11.10
866 silly packumentCache full:https://registry.npmjs.org/process cache-miss
867 silly fetch manifest string_decoder@^1.3.0
868 silly packumentCache full:https://registry.npmjs.org/string_decoder cache-miss
869 http cache https://registry.npmjs.org/process 30ms (cache hit)
870 silly packumentCache full:https://registry.npmjs.org/process set size:31260 disposed:false
871 http cache https://registry.npmjs.org/events 38ms (cache hit)
872 silly packumentCache full:https://registry.npmjs.org/events set size:35240 disposed:false
873 http cache https://registry.npmjs.org/abort-controller 49ms (cache hit)
874 silly packumentCache full:https://registry.npmjs.org/abort-controller set size:47272 disposed:false
875 http cache https://registry.npmjs.org/buffer 59ms (cache hit)
876 silly packumentCache full:https://registry.npmjs.org/buffer set size:280480 disposed:false
877 http cache https://registry.npmjs.org/string_decoder 70ms (cache hit)
878 silly packumentCache full:https://registry.npmjs.org/string_decoder set size:28441 disposed:false
879 silly placeDep ROOT xtend@4.0.2 OK for: postgres-interval@1.2.0 want: ^4.0.0
880 silly placeDep ROOT detect-libc@2.1.2 OK for: prebuild-install@7.1.3 want: ^2.0.0
881 silly placeDep ROOT expand-template@2.0.3 OK for: prebuild-install@7.1.3 want: ^2.0.3
882 silly placeDep ROOT github-from-package@0.0.0 OK for: prebuild-install@7.1.3 want: 0.0.0
883 silly placeDep ROOT minimist@1.2.8 OK for: prebuild-install@7.1.3 want: ^1.2.3
884 silly placeDep ROOT mkdirp-classic@0.5.3 OK for: prebuild-install@7.1.3 want: ^0.5.3
885 silly placeDep ROOT napi-build-utils@2.0.0 OK for: prebuild-install@7.1.3 want: ^2.0.0
886 silly placeDep ROOT node-abi@3.96.0 OK for: prebuild-install@7.1.3 want: ^3.3.0
887 silly placeDep ROOT pump@3.0.4 OK for: prebuild-install@7.1.3 want: ^3.0.0
888 silly placeDep ROOT rc@1.2.8 OK for: prebuild-install@7.1.3 want: ^1.2.7
889 silly placeDep ROOT simple-get@4.0.1 OK for: prebuild-install@7.1.3 want: ^4.0.0
890 silly placeDep ROOT tar-fs@2.1.5 OK for: prebuild-install@7.1.3 want: ^2.0.0
891 silly placeDep ROOT tunnel-agent@0.6.0 OK for: prebuild-install@7.1.3 want: ^0.6.0
892 silly fetch manifest semver@^7.3.5
893 silly packumentCache full:https://registry.npmjs.org/semver cache-hit
894 silly fetch manifest end-of-stream@^1.1.0
895 silly packumentCache full:https://registry.npmjs.org/end-of-stream cache-miss
896 silly fetch manifest once@^1.3.1
897 silly packumentCache full:https://registry.npmjs.org/once cache-miss
898 silly fetch manifest ini@~1.3.0
899 silly packumentCache full:https://registry.npmjs.org/ini cache-miss
900 silly fetch manifest deep-extend@^0.6.0
901 silly packumentCache full:https://registry.npmjs.org/deep-extend cache-miss
902 silly fetch manifest strip-json-comments@~2.0.1
903 silly packumentCache full:https://registry.npmjs.org/strip-json-comments cache-miss
904 silly fetch manifest decompress-response@^6.0.0
905 silly packumentCache full:https://registry.npmjs.org/decompress-response cache-miss
906 silly fetch manifest once@^1.3.1
907 silly packumentCache full:https://registry.npmjs.org/once cache-miss
908 http cache https://registry.npmjs.org/end-of-stream 44ms (cache hit)
909 silly packumentCache full:https://registry.npmjs.org/end-of-stream set size:27842 disposed:false
910 silly fetch manifest simple-concat@^1.0.0
911 silly packumentCache full:https://registry.npmjs.org/simple-concat cache-miss
912 http cache https://registry.npmjs.org/ini 53ms (cache hit)
913 silly packumentCache full:https://registry.npmjs.org/ini set size:59183 disposed:false
914 silly fetch manifest chownr@^1.1.1
915 silly packumentCache full:https://registry.npmjs.org/chownr cache-miss
916 http cache https://registry.npmjs.org/once 51ms (cache hit)
917 silly packumentCache full:https://registry.npmjs.org/once set size:11752 disposed:false
918 silly fetch manifest tar-stream@^2.1.4
919 silly packumentCache full:https://registry.npmjs.org/tar-stream cache-miss
920 http cache https://registry.npmjs.org/once 72ms (cache hit)
921 silly packumentCache full:https://registry.npmjs.org/once set size:11752 disposed:false
922 silly packumentCache full:https://registry.npmjs.org/once dispose
923 silly fetch manifest safe-buffer@^5.0.1
924 silly packumentCache full:https://registry.npmjs.org/safe-buffer cache-miss
925 http cache https://registry.npmjs.org/deep-extend 74ms (cache hit)
926 silly packumentCache full:https://registry.npmjs.org/deep-extend set size:34472 disposed:false
927 http cache https://registry.npmjs.org/decompress-response 76ms (cache hit)
928 silly packumentCache full:https://registry.npmjs.org/decompress-response set size:36213 disposed:false
929 http cache https://registry.npmjs.org/strip-json-comments 83ms (cache hit)
930 silly packumentCache full:https://registry.npmjs.org/strip-json-comments set size:43569 disposed:false
931 http cache https://registry.npmjs.org/simple-concat 68ms (cache hit)
932 silly packumentCache full:https://registry.npmjs.org/simple-concat set size:6304 disposed:false
933 http cache https://registry.npmjs.org/chownr 57ms (cache hit)
934 silly packumentCache full:https://registry.npmjs.org/chownr set size:22157 disposed:false
935 http cache https://registry.npmjs.org/tar-stream 56ms (cache hit)
936 silly packumentCache full:https://registry.npmjs.org/tar-stream set size:139907 disposed:false
937 http cache https://registry.npmjs.org/safe-buffer 61ms (cache hit)
938 silly packumentCache full:https://registry.npmjs.org/safe-buffer set size:41183 disposed:false
939 silly placeDep ROOT semver@7.8.5 OK for: node-abi@3.96.0 want: ^7.3.5
940 silly placeDep ROOT @protobufjs/aspromise@1.1.2 OK for: protobufjs@7.6.6 want: ^1.1.2
941 silly placeDep ROOT @protobufjs/base64@1.1.2 OK for: protobufjs@7.6.6 want: ^1.1.2
942 silly placeDep ROOT @protobufjs/codegen@2.0.5 OK for: protobufjs@7.6.6 want: ^2.0.5
943 silly placeDep ROOT @protobufjs/eventemitter@1.1.1 OK for: protobufjs@7.6.6 want: ^1.1.1
944 silly placeDep ROOT @protobufjs/fetch@1.1.1 OK for: protobufjs@7.6.6 want: ^1.1.1
945 silly placeDep ROOT @protobufjs/float@1.0.2 OK for: protobufjs@7.6.6 want: ^1.0.2
946 silly placeDep ROOT @protobufjs/path@1.1.2 OK for: protobufjs@7.6.6 want: ^1.1.2
947 silly placeDep ROOT @protobufjs/pool@1.1.0 OK for: protobufjs@7.6.6 want: ^1.1.0
948 silly placeDep ROOT @protobufjs/utf8@1.1.2 OK for: protobufjs@7.6.6 want: ^1.1.1
949 silly placeDep ROOT @types/node@26.6.2 OK for: protobufjs@7.6.6 want: >=13.7.0
950 silly placeDep ROOT long@5.3.2 OK for: protobufjs@7.6.6 want: ^5.3.2
951 silly fetch manifest undici-types@~8.9.0
952 silly packumentCache full:https://registry.npmjs.org/undici-types cache-miss
953 http cache https://registry.npmjs.org/undici-types 24ms (cache hit)
954 silly packumentCache full:https://registry.npmjs.org/undici-types set size:258898 disposed:false
955 silly placeDep ROOT undici-types@8.9.0 OK for: @types/node@26.6.2 want: ~8.9.0
956 silly placeDep ROOT end-of-stream@1.4.5 OK for: pump@3.0.4 want: ^1.1.0
957 silly placeDep ROOT once@1.4.0 OK for: pump@3.0.4 want: ^1.3.1
958 silly fetch manifest once@^1.4.0
959 silly packumentCache full:https://registry.npmjs.org/once cache-hit
960 silly fetch manifest wrappy@1
961 silly packumentCache full:https://registry.npmjs.org/wrappy cache-miss
962 http cache https://registry.npmjs.org/wrappy 41ms (cache hit)
963 silly packumentCache full:https://registry.npmjs.org/wrappy set size:7682 disposed:false
964 silly placeDep ROOT wrappy@1.0.2 OK for: once@1.4.0 want: 1
965 silly placeDep node_modules/qified hookified@2.2.0 OK for: qified@0.10.1 want: ^2.1.1
966 silly placeDep ROOT deep-extend@0.6.0 OK for: rc@1.2.8 want: ^0.6.0
967 silly placeDep ROOT ini@1.3.8 OK for: rc@1.2.8 want: ~1.3.0
968 silly placeDep ROOT strip-json-comments@2.0.1 OK for: rc@1.2.8 want: ~2.0.1
969 silly placeDep ROOT abort-controller@3.0.0 OK for: readable-stream@4.7.0 want: ^3.0.0
970 silly placeDep ROOT buffer@6.0.3 OK for: readable-stream@4.7.0 want: ^6.0.3
971 silly placeDep ROOT events@3.3.0 OK for: readable-stream@4.7.0 want: ^3.3.0
972 silly placeDep ROOT process@0.11.10 OK for: readable-stream@4.7.0 want: ^0.11.10
973 silly placeDep ROOT string_decoder@1.3.0 OK for: readable-stream@4.7.0 want: ^1.3.0
974 silly fetch manifest event-target-shim@^5.0.0
975 silly packumentCache full:https://registry.npmjs.org/event-target-shim cache-miss
976 silly fetch manifest base64-js@^1.3.1
977 silly packumentCache full:https://registry.npmjs.org/base64-js cache-miss
978 silly fetch manifest safe-buffer@~5.2.0
979 silly packumentCache full:https://registry.npmjs.org/safe-buffer cache-hit
980 http cache https://registry.npmjs.org/event-target-shim 18ms (cache hit)
981 silly packumentCache full:https://registry.npmjs.org/event-target-shim set size:103601 disposed:false
982 http cache https://registry.npmjs.org/base64-js 28ms (cache hit)
983 silly packumentCache full:https://registry.npmjs.org/base64-js set size:41270 disposed:false
984 silly placeDep ROOT event-target-shim@5.0.1 OK for: abort-controller@3.0.0 want: ^5.0.0
985 silly placeDep ROOT base64-js@1.5.1 OK for: buffer@6.0.3 want: ^1.3.1
986 silly placeDep ROOT ieee754@1.2.1 OK for: buffer@6.0.3 want: ^1.2.1
987 silly placeDep ROOT @img/colour@1.1.0 OK for: sharp@0.35.4 want: ^1.1.0
988 silly placeDep ROOT @img/sharp-darwin-arm64@0.35.4 OK for: sharp@0.35.4 want: 0.35.4
989 silly placeDep ROOT @img/sharp-darwin-x64@0.35.4 OK for: sharp@0.35.4 want: 0.35.4
990 silly placeDep ROOT @img/sharp-freebsd-wasm32@0.35.4 OK for: sharp@0.35.4 want: 0.35.4
991 silly placeDep ROOT @img/sharp-libvips-darwin-arm64@1.3.3 OK for: sharp@0.35.4 want: 1.3.3
992 silly placeDep ROOT @img/sharp-libvips-darwin-x64@1.3.3 OK for: sharp@0.35.4 want: 1.3.3
993 silly placeDep ROOT @img/sharp-libvips-linux-arm@1.3.3 OK for: sharp@0.35.4 want: 1.3.3
994 silly placeDep ROOT @img/sharp-libvips-linux-arm64@1.3.3 OK for: sharp@0.35.4 want: 1.3.3
995 silly placeDep ROOT @img/sharp-libvips-linux-ppc64@1.3.3 OK for: sharp@0.35.4 want: 1.3.3
996 silly placeDep ROOT @img/sharp-libvips-linux-riscv64@1.3.3 OK for: sharp@0.35.4 want: 1.3.3
997 silly placeDep ROOT @img/sharp-libvips-linux-s390x@1.3.3 OK for: sharp@0.35.4 want: 1.3.3
998 silly placeDep ROOT @img/sharp-libvips-linux-x64@1.3.3 OK for: sharp@0.35.4 want: 1.3.3
999 silly placeDep ROOT @img/sharp-libvips-linuxmusl-arm64@1.3.3 OK for: sharp@0.35.4 want: 1.3.3
1000 silly placeDep ROOT @img/sharp-libvips-linuxmusl-x64@1.3.3 OK for: sharp@0.35.4 want: 1.3.3
1001 silly placeDep ROOT @img/sharp-linux-arm@0.35.4 OK for: sharp@0.35.4 want: 0.35.4
1002 silly placeDep ROOT @img/sharp-linux-arm64@0.35.4 OK for: sharp@0.35.4 want: 0.35.4
1003 silly placeDep ROOT @img/sharp-linux-ppc64@0.35.4 OK for: sharp@0.35.4 want: 0.35.4
1004 silly placeDep ROOT @img/sharp-linux-riscv64@0.35.4 OK for: sharp@0.35.4 want: 0.35.4
1005 silly placeDep ROOT @img/sharp-linux-s390x@0.35.4 OK for: sharp@0.35.4 want: 0.35.4
1006 silly placeDep ROOT @img/sharp-linux-x64@0.35.4 OK for: sharp@0.35.4 want: 0.35.4
1007 silly placeDep ROOT @img/sharp-linuxmusl-arm64@0.35.4 OK for: sharp@0.35.4 want: 0.35.4
1008 silly placeDep ROOT @img/sharp-linuxmusl-x64@0.35.4 OK for: sharp@0.35.4 want: 0.35.4
1009 silly placeDep ROOT @img/sharp-webcontainers-wasm32@0.35.4 OK for: sharp@0.35.4 want: 0.35.4
1010 silly placeDep ROOT @img/sharp-win32-arm64@0.35.4 OK for: sharp@0.35.4 want: 0.35.4
1011 silly placeDep ROOT @img/sharp-win32-ia32@0.35.4 OK for: sharp@0.35.4 want: 0.35.4
1012 silly placeDep ROOT @img/sharp-win32-x64@0.35.4 OK for: sharp@0.35.4 want: 0.35.4
1013 silly fetch manifest @img/sharp-wasm32@0.35.4
1014 silly packumentCache full:https://registry.npmjs.org/@img%2fsharp-wasm32 cache-miss
1015 silly fetch manifest @img/sharp-wasm32@0.35.4
1016 silly packumentCache full:https://registry.npmjs.org/@img%2fsharp-wasm32 cache-miss
1017 http cache https://registry.npmjs.org/@img%2fsharp-wasm32 20ms (cache hit)
1018 silly packumentCache full:https://registry.npmjs.org/@img%2fsharp-wasm32 set size:103630 disposed:false
1019 http cache https://registry.npmjs.org/@img%2fsharp-wasm32 25ms (cache hit)
1020 silly packumentCache full:https://registry.npmjs.org/@img%2fsharp-wasm32 set size:103630 disposed:false
1021 silly packumentCache full:https://registry.npmjs.org/@img%2fsharp-wasm32 dispose
1022 silly placeDep ROOT @img/sharp-wasm32@0.35.4 OK for: @img/sharp-freebsd-wasm32@0.35.4 want: 0.35.4
1023 silly fetch manifest @emnapi/runtime@^1.11.3
1024 silly packumentCache full:https://registry.npmjs.org/@emnapi%2fruntime cache-miss
1025 http cache https://registry.npmjs.org/@emnapi%2fruntime 20ms (cache hit)
1026 silly packumentCache full:https://registry.npmjs.org/@emnapi%2fruntime set size:127256 disposed:false
1027 silly placeDep ROOT @emnapi/runtime@1.11.3 OK for: @img/sharp-wasm32@0.35.4 want: ^1.11.3
1028 silly placeDep ROOT decompress-response@6.0.0 OK for: simple-get@4.0.1 want: ^6.0.0
1029 silly placeDep ROOT simple-concat@1.0.1 OK for: simple-get@4.0.1 want: ^1.0.0
1030 silly fetch manifest mimic-response@^3.1.0
1031 silly packumentCache full:https://registry.npmjs.org/mimic-response cache-miss
1032 http cache https://registry.npmjs.org/mimic-response 15ms (cache hit)
1033 silly packumentCache full:https://registry.npmjs.org/mimic-response set size:20174 disposed:false
1034 silly placeDep ROOT mimic-response@3.1.0 OK for: decompress-response@6.0.0 want: ^3.1.0
1035 silly placeDep ROOT safe-buffer@5.2.1 OK for: string_decoder@1.3.0 want: ~5.2.0
1036 silly placeDep ROOT chownr@1.1.4 OK for: tar-fs@2.1.5 want: ^1.1.1
1037 silly placeDep ROOT tar-stream@2.2.0 OK for: tar-fs@2.1.5 want: ^2.1.4
1038 silly fetch manifest bl@^4.0.3
1039 silly packumentCache full:https://registry.npmjs.org/bl cache-miss
1040 silly fetch manifest inherits@^2.0.3
1041 silly packumentCache full:https://registry.npmjs.org/inherits cache-miss
1042 silly fetch manifest fs-constants@^1.0.0
1043 silly packumentCache full:https://registry.npmjs.org/fs-constants cache-miss
1044 silly fetch manifest readable-stream@^3.1.1
1045 silly packumentCache full:https://registry.npmjs.org/readable-stream cache-hit
1046 http cache https://registry.npmjs.org/inherits 21ms (cache hit)
1047 silly packumentCache full:https://registry.npmjs.org/inherits set size:12925 disposed:false
1048 http cache https://registry.npmjs.org/fs-constants 25ms (cache hit)
1049 silly packumentCache full:https://registry.npmjs.org/fs-constants set size:3522 disposed:false
1050 http cache https://registry.npmjs.org/bl 33ms (cache hit)
1051 silly packumentCache full:https://registry.npmjs.org/bl set size:237796 disposed:false
1052 silly placeDep ROOT bl@4.1.0 OK for: tar-stream@2.2.0 want: ^4.0.3
1053 silly placeDep ROOT fs-constants@1.0.0 OK for: tar-stream@2.2.0 want: ^1.0.0
1054 silly placeDep ROOT inherits@2.0.4 OK for: tar-stream@2.2.0 want: ^2.0.3
1055 silly placeDep node_modules/tar-stream readable-stream@3.6.2 OK for: tar-stream@2.2.0 want: ^3.1.1
1056 silly fetch manifest buffer@^5.5.0
1057 silly packumentCache full:https://registry.npmjs.org/buffer cache-hit
1058 silly fetch manifest inherits@^2.0.4
1059 silly packumentCache full:https://registry.npmjs.org/inherits cache-hit
1060 silly fetch manifest readable-stream@^3.4.0
1061 silly packumentCache full:https://registry.npmjs.org/readable-stream cache-hit
1062 silly fetch manifest util-deprecate@^1.0.1
1063 silly packumentCache full:https://registry.npmjs.org/util-deprecate cache-miss
1064 http cache https://registry.npmjs.org/util-deprecate 38ms (cache hit)
1065 silly packumentCache full:https://registry.npmjs.org/util-deprecate set size:6674 disposed:false
1066 silly placeDep node_modules/bl buffer@5.7.1 OK for: bl@4.1.0 want: ^5.5.0
1067 silly placeDep node_modules/bl readable-stream@3.6.2 OK for: bl@4.1.0 want: ^3.4.0
1068 silly placeDep ROOT async.parallellimit@0.5.2 OK for: yt-search@2.13.1 want: ~0.5.2
1069 silly placeDep ROOT boolstring@2.0.1 OK for: yt-search@2.13.1 want: ~2.0.1
1070 silly placeDep ROOT cheerio@1.2.0 OK for: yt-search@2.13.1 want: ^1.0.0-rc.10
1071 silly placeDep ROOT dasu@0.4.3 OK for: yt-search@2.13.1 want: ~0.4.3
1072 silly placeDep ROOT human-time@0.0.2 OK for: yt-search@2.13.1 want: 0.0.2
1073 silly placeDep ROOT jsonpath-plus@10.3.0 OK for: yt-search@2.13.1 want: ~10.3.0
1074 silly placeDep ROOT node-fzf@0.14.0 OK for: yt-search@2.13.1 want: ~0.14.0
1075 silly fetch manifest async.util.eachoflimit@0.5.2
1076 silly packumentCache full:https://registry.npmjs.org/async.util.eachoflimit cache-miss
1077 silly fetch manifest async.util.parallel@0.5.2
1078 silly packumentCache full:https://registry.npmjs.org/async.util.parallel cache-miss
1079 silly fetch manifest parse5@^7.3.0
1080 silly packumentCache full:https://registry.npmjs.org/parse5 cache-miss
1081 silly fetch manifest undici@^7.19.0
1082 silly packumentCache full:https://registry.npmjs.org/undici cache-miss
1083 silly fetch manifest domutils@^3.2.2
1084 silly packumentCache full:https://registry.npmjs.org/domutils cache-miss
1085 silly fetch manifest domhandler@^5.0.3
1086 silly packumentCache full:https://registry.npmjs.org/domhandler cache-miss
1087 silly fetch manifest htmlparser2@^10.1.0
1088 silly packumentCache full:https://registry.npmjs.org/htmlparser2 cache-miss
1089 http cache https://registry.npmjs.org/async.util.eachoflimit 43ms (cache hit)
1090 silly packumentCache full:https://registry.npmjs.org/async.util.eachoflimit set size:14559 disposed:false
1091 silly fetch manifest cheerio-select@^2.1.0
1092 silly packumentCache full:https://registry.npmjs.org/cheerio-select cache-miss
1093 http cache https://registry.npmjs.org/domutils 52ms (cache hit)
1094 silly packumentCache full:https://registry.npmjs.org/domutils set size:110068 disposed:false
1095 silly fetch manifest dom-serializer@^2.0.0
1096 silly packumentCache full:https://registry.npmjs.org/dom-serializer cache-miss
1097 http cache https://registry.npmjs.org/parse5 66ms (cache hit)
1098 silly packumentCache full:https://registry.npmjs.org/parse5 set size:123116 disposed:false
1099 silly fetch manifest whatwg-mimetype@^4.0.0
1100 silly packumentCache full:https://registry.npmjs.org/whatwg-mimetype cache-miss
1101 http cache https://registry.npmjs.org/async.util.parallel 79ms (cache hit)
1102 silly packumentCache full:https://registry.npmjs.org/async.util.parallel set size:12947 disposed:false
1103 silly fetch manifest encoding-sniffer@^0.2.1
1104 silly packumentCache full:https://registry.npmjs.org/encoding-sniffer cache-miss
1105 http cache https://registry.npmjs.org/undici 90ms (cache hit)
1106 silly packumentCache full:https://registry.npmjs.org/undici set size:1524672 disposed:false
1107 silly fetch manifest parse5-parser-stream@^7.1.2
1108 silly packumentCache full:https://registry.npmjs.org/parse5-parser-stream cache-miss
1109 http cache https://registry.npmjs.org/htmlparser2 133ms (cache hit)
1110 silly packumentCache full:https://registry.npmjs.org/htmlparser2 set size:176895 disposed:false
1111 silly fetch manifest parse5-htmlparser2-tree-adapter@^7.1.0
1112 silly packumentCache full:https://registry.npmjs.org/parse5-htmlparser2-tree-adapter cache-miss
1113 http cache https://registry.npmjs.org/domhandler 166ms (cache hit)
1114 silly packumentCache full:https://registry.npmjs.org/domhandler set size:78187 disposed:false
1115 silly fetch manifest jsep@^1.4.0
1116 silly packumentCache full:https://registry.npmjs.org/jsep cache-miss
1117 http cache https://registry.npmjs.org/cheerio-select 162ms (cache hit)
1118 silly packumentCache full:https://registry.npmjs.org/cheerio-select set size:36915 disposed:false
1119 silly fetch manifest @jsep-plugin/regex@^1.0.4
1120 silly packumentCache full:https://registry.npmjs.org/@jsep-plugin%2fregex cache-miss
1121 http cache https://registry.npmjs.org/whatwg-mimetype 137ms (cache hit)
1122 silly packumentCache full:https://registry.npmjs.org/whatwg-mimetype set size:28179 disposed:false
1123 silly fetch manifest @jsep-plugin/assignment@^1.3.0
1124 silly packumentCache full:https://registry.npmjs.org/@jsep-plugin%2fassignment cache-miss
1125 http cache https://registry.npmjs.org/encoding-sniffer 139ms (cache hit)
1126 silly packumentCache full:https://registry.npmjs.org/encoding-sniffer set size:33052 disposed:false
1127 silly fetch manifest keypress@~0.2.1
1128 silly packumentCache full:https://registry.npmjs.org/keypress cache-miss
1129 http cache https://registry.npmjs.org/parse5-htmlparser2-tree-adapter 73ms (cache hit)
1130 silly packumentCache full:https://registry.npmjs.org/parse5-htmlparser2-tree-adapter set size:24244 disposed:false
1131 silly fetch manifest picocolors@~1.1.1
1132 silly packumentCache full:https://registry.npmjs.org/picocolors cache-miss
1133 http cache https://registry.npmjs.org/parse5-parser-stream 98ms (cache hit)
1134 silly packumentCache full:https://registry.npmjs.org/parse5-parser-stream set size:21978 disposed:false
1135 silly fetch manifest redstar@0.0.2
1136 silly packumentCache full:https://registry.npmjs.org/redstar cache-miss
1137 http cache https://registry.npmjs.org/dom-serializer 180ms (cache hit)
1138 silly packumentCache full:https://registry.npmjs.org/dom-serializer set size:61296 disposed:false
1139 silly fetch manifest restore-cursor@~3.1.0
1140 silly packumentCache full:https://registry.npmjs.org/restore-cursor cache-miss
1141 http cache https://registry.npmjs.org/jsep 73ms (cache hit)
1142 silly packumentCache full:https://registry.npmjs.org/jsep set size:104519 disposed:false
1143 silly fetch manifest string-width@~2.1.1
1144 silly packumentCache full:https://registry.npmjs.org/string-width cache-miss
1145 http cache https://registry.npmjs.org/keypress 67ms (cache hit)
1146 silly packumentCache full:https://registry.npmjs.org/keypress set size:22392 disposed:false
1147 silly fetch manifest ttys@0.0.3
1148 silly packumentCache full:https://registry.npmjs.org/ttys cache-miss
1149 http cache https://registry.npmjs.org/@jsep-plugin%2fregex 88ms (cache hit)
1150 silly packumentCache full:https://registry.npmjs.org/@jsep-plugin%2fregex set size:15586 disposed:false
1151 http cache https://registry.npmjs.org/@jsep-plugin%2fassignment 85ms (cache hit)
1152 silly packumentCache full:https://registry.npmjs.org/@jsep-plugin%2fassignment set size:21097 disposed:false
1153 http cache https://registry.npmjs.org/picocolors 74ms (cache hit)
1154 silly packumentCache full:https://registry.npmjs.org/picocolors set size:16648 disposed:false
1155 http cache https://registry.npmjs.org/string-width 50ms (cache hit)
1156 silly packumentCache full:https://registry.npmjs.org/string-width set size:72458 disposed:false
1157 http cache https://registry.npmjs.org/redstar 77ms (cache hit)
1158 silly packumentCache full:https://registry.npmjs.org/redstar set size:4083 disposed:false
1159 http cache https://registry.npmjs.org/restore-cursor 71ms (cache hit)
1160 silly packumentCache full:https://registry.npmjs.org/restore-cursor set size:17895 disposed:false
1161 http cache https://registry.npmjs.org/ttys 38ms (cache hit)
1162 silly packumentCache full:https://registry.npmjs.org/ttys set size:7012 disposed:false
1163 silly placeDep ROOT async.util.eachoflimit@0.5.2 OK for: async.parallellimit@0.5.2 want: 0.5.2
1164 silly placeDep ROOT async.util.parallel@0.5.2 OK for: async.parallellimit@0.5.2 want: 0.5.2
1165 silly fetch manifest async.util.keyiterator@0.5.2
1166 silly packumentCache full:https://registry.npmjs.org/async.util.keyiterator cache-miss
1167 silly fetch manifest async.util.noop@0.5.2
1168 silly packumentCache full:https://registry.npmjs.org/async.util.noop cache-miss
1169 silly fetch manifest async.util.once@0.5.2
1170 silly packumentCache full:https://registry.npmjs.org/async.util.once cache-miss
1171 silly fetch manifest async.util.onlyonce@0.5.2
1172 silly packumentCache full:https://registry.npmjs.org/async.util.onlyonce cache-miss
1173 silly fetch manifest async.util.isarraylike@0.5.2
1174 silly packumentCache full:https://registry.npmjs.org/async.util.isarraylike cache-miss
1175 silly fetch manifest async.util.noop@0.5.2
1176 silly packumentCache full:https://registry.npmjs.org/async.util.noop cache-miss
1177 silly fetch manifest async.util.restparam@0.5.2
1178 silly packumentCache full:https://registry.npmjs.org/async.util.restparam cache-miss
1179 http cache https://registry.npmjs.org/async.util.noop 39ms (cache hit)
1180 silly packumentCache full:https://registry.npmjs.org/async.util.noop set size:13159 disposed:false
1181 http cache https://registry.npmjs.org/async.util.keyiterator 47ms (cache hit)
1182 silly packumentCache full:https://registry.npmjs.org/async.util.keyiterator set size:14167 disposed:false
1183 http cache https://registry.npmjs.org/async.util.noop 46ms (cache hit)
1184 silly packumentCache full:https://registry.npmjs.org/async.util.noop set size:13159 disposed:false
1185 silly packumentCache full:https://registry.npmjs.org/async.util.noop dispose
1186 http cache https://registry.npmjs.org/async.util.isarraylike 51ms (cache hit)
1187 silly packumentCache full:https://registry.npmjs.org/async.util.isarraylike set size:13957 disposed:false
1188 http cache https://registry.npmjs.org/async.util.once 56ms (cache hit)
1189 silly packumentCache full:https://registry.npmjs.org/async.util.once set size:13159 disposed:false
1190 http cache https://registry.npmjs.org/async.util.onlyonce 58ms (cache hit)
1191 silly packumentCache full:https://registry.npmjs.org/async.util.onlyonce set size:13431 disposed:false
1192 http cache https://registry.npmjs.org/async.util.restparam 57ms (cache hit)
1193 silly packumentCache full:https://registry.npmjs.org/async.util.restparam set size:14423 disposed:false
1194 silly placeDep ROOT async.util.keyiterator@0.5.2 OK for: async.util.eachoflimit@0.5.2 want: 0.5.2
1195 silly placeDep ROOT async.util.noop@0.5.2 OK for: async.util.eachoflimit@0.5.2 want: 0.5.2
1196 silly placeDep ROOT async.util.once@0.5.2 OK for: async.util.eachoflimit@0.5.2 want: 0.5.2
1197 silly placeDep ROOT async.util.onlyonce@0.5.2 OK for: async.util.eachoflimit@0.5.2 want: 0.5.2
1198 silly fetch manifest async.util.keys@0.5.2
1199 silly packumentCache full:https://registry.npmjs.org/async.util.keys cache-miss
1200 http cache https://registry.npmjs.org/async.util.keys 17ms (cache hit)
1201 silly packumentCache full:https://registry.npmjs.org/async.util.keys set size:13159 disposed:false
1202 silly placeDep ROOT async.util.isarraylike@0.5.2 OK for: async.util.keyiterator@0.5.2 want: 0.5.2
1203 silly placeDep ROOT async.util.keys@0.5.2 OK for: async.util.keyiterator@0.5.2 want: 0.5.2
1204 silly fetch manifest async.util.isarray@0.5.2
1205 silly packumentCache full:https://registry.npmjs.org/async.util.isarray cache-miss
1206 http cache https://registry.npmjs.org/async.util.isarray 13ms (cache hit)
1207 silly packumentCache full:https://registry.npmjs.org/async.util.isarray set size:13363 disposed:false
1208 silly placeDep ROOT async.util.isarray@0.5.2 OK for: async.util.isarraylike@0.5.2 want: 0.5.2
1209 silly placeDep ROOT async.util.restparam@0.5.2 OK for: async.util.parallel@0.5.2 want: 0.5.2
1210 silly placeDep ROOT cheerio-select@2.1.0 OK for: cheerio@1.2.0 want: ^2.1.0
1211 silly placeDep ROOT dom-serializer@2.0.0 OK for: cheerio@1.2.0 want: ^2.0.0
1212 silly placeDep ROOT domhandler@5.0.3 OK for: cheerio@1.2.0 want: ^5.0.3
1213 silly placeDep ROOT domutils@3.2.2 OK for: cheerio@1.2.0 want: ^3.2.2
1214 silly placeDep ROOT encoding-sniffer@0.2.1 OK for: cheerio@1.2.0 want: ^0.2.1
1215 silly placeDep ROOT htmlparser2@10.1.0 OK for: cheerio@1.2.0 want: ^10.1.0
1216 silly placeDep ROOT parse5@7.3.0 OK for: cheerio@1.2.0 want: ^7.3.0
1217 silly placeDep ROOT parse5-htmlparser2-tree-adapter@7.1.0 OK for: cheerio@1.2.0 want: ^7.1.0
1218 silly placeDep ROOT parse5-parser-stream@7.1.2 OK for: cheerio@1.2.0 want: ^7.1.2
1219 silly placeDep ROOT undici@7.29.1 OK for: cheerio@1.2.0 want: ^7.19.0
1220 silly placeDep ROOT whatwg-mimetype@4.0.0 OK for: cheerio@1.2.0 want: ^4.0.0
1221 silly fetch manifest boolbase@^1.0.0
1222 silly packumentCache full:https://registry.npmjs.org/boolbase cache-miss
1223 silly fetch manifest css-what@^6.1.0
1224 silly packumentCache full:https://registry.npmjs.org/css-what cache-miss
1225 silly fetch manifest domutils@^3.0.1
1226 silly packumentCache full:https://registry.npmjs.org/domutils cache-hit
1227 silly fetch manifest css-select@^5.1.0
1228 silly packumentCache full:https://registry.npmjs.org/css-select cache-miss
1229 silly fetch manifest domelementtype@^2.3.0
1230 silly packumentCache full:https://registry.npmjs.org/domelementtype cache-miss
1231 silly fetch manifest entities@^4.2.0
1232 silly packumentCache full:https://registry.npmjs.org/entities cache-miss
1233 silly fetch manifest domhandler@^5.0.2
1234 silly packumentCache full:https://registry.npmjs.org/domhandler cache-hit
1235 silly fetch manifest domelementtype@^2.3.0
1236 silly packumentCache full:https://registry.npmjs.org/domelementtype cache-miss
1237 silly fetch manifest domelementtype@^2.3.0
1238 silly packumentCache full:https://registry.npmjs.org/domelementtype cache-miss
1239 http cache https://registry.npmjs.org/boolbase 56ms (cache hit)
1240 silly packumentCache full:https://registry.npmjs.org/boolbase set size:4438 disposed:false
1241 silly fetch manifest domelementtype@^2.3.0
1242 silly packumentCache full:https://registry.npmjs.org/domelementtype cache-miss
1243 http cache https://registry.npmjs.org/domelementtype 45ms (cache hit)
1244 silly packumentCache full:https://registry.npmjs.org/domelementtype set size:33363 disposed:false
1245 silly fetch manifest iconv-lite@^0.6.3
1246 silly packumentCache full:https://registry.npmjs.org/iconv-lite cache-miss
1247 http cache https://registry.npmjs.org/domelementtype 63ms (cache hit)
1248 silly packumentCache full:https://registry.npmjs.org/domelementtype set size:33363 disposed:false
1249 silly packumentCache full:https://registry.npmjs.org/domelementtype dispose
1250 silly fetch manifest whatwg-encoding@^3.1.1
1251 silly packumentCache full:https://registry.npmjs.org/whatwg-encoding cache-miss
1252 http cache https://registry.npmjs.org/domelementtype 58ms (cache hit)
1253 silly packumentCache full:https://registry.npmjs.org/domelementtype set size:33363 disposed:true
1254 silly packumentCache full:https://registry.npmjs.org/domelementtype dispose
1255 silly fetch manifest entities@^7.0.1
1256 silly packumentCache full:https://registry.npmjs.org/entities cache-miss
1257 http cache https://registry.npmjs.org/css-select 80ms (cache hit)
1258 silly packumentCache full:https://registry.npmjs.org/css-select set size:111202 disposed:false
1259 silly fetch manifest entities@^6.0.0
1260 silly packumentCache full:https://registry.npmjs.org/entities cache-miss
1261 http cache https://registry.npmjs.org/css-what 94ms (cache hit)
1262 silly packumentCache full:https://registry.npmjs.org/css-what set size:81721 disposed:false
1263 http cache https://registry.npmjs.org/entities 94ms (cache hit)
1264 silly packumentCache full:https://registry.npmjs.org/entities set size:104868 disposed:false
1265 http cache https://registry.npmjs.org/domelementtype 82ms (cache hit)
1266 silly packumentCache full:https://registry.npmjs.org/domelementtype set size:33363 disposed:true
1267 silly packumentCache full:https://registry.npmjs.org/domelementtype dispose
1268 http cache https://registry.npmjs.org/whatwg-encoding 77ms (cache hit)
1269 silly packumentCache full:https://registry.npmjs.org/whatwg-encoding set size:25704 disposed:false
1270 http cache https://registry.npmjs.org/entities 74ms (cache hit)
1271 silly packumentCache full:https://registry.npmjs.org/entities set size:104868 disposed:false
1272 silly packumentCache full:https://registry.npmjs.org/entities dispose
1273 http cache https://registry.npmjs.org/entities 72ms (cache hit)
1274 silly packumentCache full:https://registry.npmjs.org/entities set size:104868 disposed:true
1275 silly packumentCache full:https://registry.npmjs.org/entities dispose
1276 http cache https://registry.npmjs.org/iconv-lite 106ms (cache hit)
1277 silly packumentCache full:https://registry.npmjs.org/iconv-lite set size:126462 disposed:false
1278 silly placeDep ROOT boolbase@1.0.0 OK for: cheerio-select@2.1.0 want: ^1.0.0
1279 silly placeDep ROOT css-select@5.2.2 OK for: cheerio-select@2.1.0 want: ^5.1.0
1280 silly placeDep ROOT css-what@6.2.2 OK for: cheerio-select@2.1.0 want: ^6.1.0
1281 silly placeDep ROOT domelementtype@2.3.0 OK for: cheerio-select@2.1.0 want: ^2.3.0
1282 silly fetch manifest nth-check@^2.0.1
1283 silly packumentCache full:https://registry.npmjs.org/nth-check cache-miss
1284 http cache https://registry.npmjs.org/nth-check 16ms (cache hit)
1285 silly packumentCache full:https://registry.npmjs.org/nth-check set size:27445 disposed:false
1286 silly placeDep ROOT nth-check@2.1.1 OK for: css-select@5.2.2 want: ^2.0.1
1287 silly placeDep ROOT entities@4.5.0 OK for: dom-serializer@2.0.0 want: ^4.2.0
1288 silly placeDep ROOT iconv-lite@0.6.3 OK for: encoding-sniffer@0.2.1 want: ^0.6.3
1289 silly placeDep ROOT whatwg-encoding@3.1.1 OK for: encoding-sniffer@0.2.1 want: ^3.1.1
1290 silly fetch manifest safer-buffer@>= 2.1.2 < 3.0.0
1291 silly packumentCache full:https://registry.npmjs.org/safer-buffer cache-miss
1292 http cache https://registry.npmjs.org/safer-buffer 18ms (cache hit)
1293 silly packumentCache full:https://registry.npmjs.org/safer-buffer set size:18521 disposed:false
1294 silly placeDep node_modules/htmlparser2 entities@7.0.1 OK for: htmlparser2@10.1.0 want: ^7.0.1
1295 silly placeDep ROOT safer-buffer@2.1.2 OK for: iconv-lite@0.6.3 want: >= 2.1.2 < 3.0.0
1296 silly placeDep ROOT @jsep-plugin/assignment@1.3.0 OK for: jsonpath-plus@10.3.0 want: ^1.3.0
1297 silly placeDep ROOT jsep@1.4.0 OK for: @jsep-plugin/assignment@1.3.0 want: ^0.4.0||^1.0.0
1298 silly placeDep ROOT @jsep-plugin/regex@1.0.4 OK for: jsonpath-plus@10.3.0 want: ^1.0.4
1299 silly placeDep ROOT keypress@0.2.1 OK for: node-fzf@0.14.0 want: ~0.2.1
1300 silly placeDep ROOT picocolors@1.1.1 OK for: node-fzf@0.14.0 want: ~1.1.1
1301 silly placeDep ROOT redstar@0.0.2 OK for: node-fzf@0.14.0 want: 0.0.2
1302 silly placeDep ROOT restore-cursor@3.1.0 OK for: node-fzf@0.14.0 want: ~3.1.0
1303 silly placeDep ROOT string-width@2.1.1 OK for: node-fzf@0.14.0 want: ~2.1.1
1304 silly placeDep ROOT ttys@0.0.3 OK for: node-fzf@0.14.0 want: 0.0.3
1305 silly fetch manifest minimatch@~3.0.4
1306 silly packumentCache full:https://registry.npmjs.org/minimatch cache-miss
1307 silly fetch manifest onetime@^5.1.0
1308 silly packumentCache full:https://registry.npmjs.org/onetime cache-miss
1309 silly fetch manifest signal-exit@^3.0.2
1310 silly packumentCache full:https://registry.npmjs.org/signal-exit cache-miss
1311 silly fetch manifest strip-ansi@^4.0.0
1312 silly packumentCache full:https://registry.npmjs.org/strip-ansi cache-miss
1313 silly fetch manifest is-fullwidth-code-point@^2.0.0
1314 silly packumentCache full:https://registry.npmjs.org/is-fullwidth-code-point cache-miss
1315 http cache https://registry.npmjs.org/is-fullwidth-code-point 52ms (cache hit)
1316 silly packumentCache full:https://registry.npmjs.org/is-fullwidth-code-point set size:14578 disposed:false
1317 http cache https://registry.npmjs.org/onetime 60ms (cache hit)
1318 silly packumentCache full:https://registry.npmjs.org/onetime set size:32314 disposed:false
1319 http cache https://registry.npmjs.org/strip-ansi 63ms (cache hit)
1320 silly packumentCache full:https://registry.npmjs.org/strip-ansi set size:44998 disposed:false
1321 http cache https://registry.npmjs.org/minimatch 74ms (cache hit)
1322 silly packumentCache full:https://registry.npmjs.org/minimatch set size:377924 disposed:false
1323 http cache https://registry.npmjs.org/signal-exit 89ms (cache hit)
1324 silly packumentCache full:https://registry.npmjs.org/signal-exit set size:53489 disposed:false
1325 silly placeDep node_modules/parse5 entities@6.0.1 OK for: parse5@7.3.0 want: ^6.0.0
1326 silly placeDep ROOT minimatch@3.0.8 OK for: redstar@0.0.2 want: ~3.0.4
1327 silly fetch manifest brace-expansion@^1.1.7
1328 silly packumentCache full:https://registry.npmjs.org/brace-expansion cache-miss
1329 http cache https://registry.npmjs.org/brace-expansion 21ms (cache hit)
1330 silly packumentCache full:https://registry.npmjs.org/brace-expansion set size:128514 disposed:false
1331 silly placeDep ROOT brace-expansion@1.1.21 OK for: minimatch@3.0.8 want: ^1.1.7
1332 silly fetch manifest concat-map@0.0.1
1333 silly packumentCache full:https://registry.npmjs.org/concat-map cache-miss
1334 silly fetch manifest balanced-match@^1.0.0
1335 silly packumentCache full:https://registry.npmjs.org/balanced-match cache-miss
1336 http cache https://registry.npmjs.org/balanced-match 17ms (cache hit)
1337 silly packumentCache full:https://registry.npmjs.org/balanced-match set size:39082 disposed:false
1338 http cache https://registry.npmjs.org/concat-map 25ms (cache hit)
1339 silly packumentCache full:https://registry.npmjs.org/concat-map set size:9290 disposed:false
1340 silly placeDep ROOT balanced-match@1.0.2 OK for: brace-expansion@1.1.21 want: ^1.0.0
1341 silly placeDep ROOT concat-map@0.0.1 OK for: brace-expansion@1.1.21 want: 0.0.1
1342 silly placeDep ROOT onetime@5.1.2 OK for: restore-cursor@3.1.0 want: ^5.1.0
1343 silly placeDep ROOT signal-exit@3.0.7 OK for: restore-cursor@3.1.0 want: ^3.0.2
1344 silly fetch manifest mimic-fn@^2.1.0
1345 silly packumentCache full:https://registry.npmjs.org/mimic-fn cache-miss
1346 http cache https://registry.npmjs.org/mimic-fn 17ms (cache hit)
1347 silly packumentCache full:https://registry.npmjs.org/mimic-fn set size:22257 disposed:false
1348 silly placeDep ROOT mimic-fn@2.1.0 OK for: onetime@5.1.2 want: ^2.1.0
1349 silly placeDep ROOT is-fullwidth-code-point@2.0.0 OK for: string-width@2.1.1 want: ^2.0.0
1350 silly placeDep ROOT strip-ansi@4.0.0 OK for: string-width@2.1.1 want: ^4.0.0
1351 silly fetch manifest ansi-regex@^3.0.0
1352 silly packumentCache full:https://registry.npmjs.org/ansi-regex cache-miss
1353 http cache https://registry.npmjs.org/ansi-regex 19ms (cache hit)
1354 silly packumentCache full:https://registry.npmjs.org/ansi-regex set size:48203 disposed:false
1355 silly placeDep ROOT ansi-regex@3.0.1 OK for: strip-ansi@4.0.0 want: ^3.0.0
1356 silly placeDep node_modules/@whiskeysockets/baileys @hapi/hoek@9.3.0 OK for: @hapi/boom@9.1.4 want: 9.x.x
1357 silly placeDep ROOT @pinojs/redact@0.4.0 OK for: pino@9.14.0 want: ^0.4.0
1358 silly placeDep node_modules/@whiskeysockets/baileys pino-abstract-transport@2.0.0 OK for: pino@9.14.0 want: ^2.0.0
1359 silly placeDep node_modules/@whiskeysockets/baileys pino-std-serializers@7.1.0 OK for: pino@9.14.0 want: ^7.0.0
1360 silly placeDep node_modules/@whiskeysockets/baileys process-warning@5.1.0 OK for: pino@9.14.0 want: ^5.0.0
1361 silly placeDep node_modules/@whiskeysockets/baileys sonic-boom@4.2.1 OK for: pino@9.14.0 want: ^4.0.1
1362 silly placeDep node_modules/@whiskeysockets/baileys thread-stream@3.2.0 OK for: pino@9.14.0 want: ^3.0.0
1363 silly placeDep ROOT util-deprecate@1.0.2 OK for: readable-stream@3.6.2 want: ^1.0.1
1364 warn EBADENGINE Unsupported engine {
1364 warn EBADENGINE   package: 'Nix-Bot@0.0.1',
1364 warn EBADENGINE   required: { node: '22.x', npm: '>=10' },
1364 warn EBADENGINE   current: { node: 'v24.17.0', npm: '11.17.0' }
1364 warn EBADENGINE }
1365 silly reify moves {}
1366 silly audit bulk request {
1366 silly audit   '@hapi/boom': [ '10.0.1', '9.1.4' ],
1366 silly audit   '@whiskeysockets/baileys': [ '7.0.0-rc14' ],
1366 silly audit   sharp: [ '0.35.4' ],
1366 silly audit   axios: [ '1.20.0' ],
1366 silly audit   'better-sqlite3': [ '11.10.0' ],
1366 silly audit   canvas: [ '3.2.3' ],
1366 silly audit   dotenv: [ '16.6.1' ],
1366 silly audit   'form-data': [ '4.0.6' ],
1366 silly audit   'fs-extra': [ '11.4.0' ],
1366 silly audit   'moment-timezone': [ '0.5.48' ],
1366 silly audit   pg: [ '8.23.0' ],
1366 silly audit   pino: [ '8.21.0', '9.14.0' ],
1366 silly audit   'qrcode-terminal': [ '0.12.0' ],
1366 silly audit   ws: [ '8.21.3' ],
1366 silly audit   'yt-search': [ '2.13.1' ],
1366 silly audit   '@hapi/hoek': [ '11.0.7', '9.3.0' ],
1366 silly audit   '@cacheable/node-cache': [ '1.7.6' ],
1366 silly audit   'async-mutex': [ '0.5.0' ],
1366 silly audit   libsignal: [ '6.0.0' ],
1366 silly audit   'lru-cache': [ '11.5.3' ],
1366 silly audit   'music-metadata': [ '11.15.0' ],
1366 silly audit   'p-queue': [ '9.3.3' ],
1366 silly audit   protobufjs: [ '7.6.6' ],
1366 silly audit   'whatsapp-rust-bridge': [ '0.5.4' ],
1366 silly audit   cacheable: [ '2.5.0' ],
1366 silly audit   hookified: [ '1.15.1', '2.2.0' ],
1366 silly audit   keyv: [ '5.6.0' ],
1366 silly audit   tslib: [ '2.8.1' ],
1366 silly audit   'follow-redirects': [ '1.16.0' ],
1366 silly audit   'https-proxy-agent': [ '5.0.1' ],
1366 silly audit   'proxy-from-env': [ '2.1.0' ],
1366 silly audit   bindings: [ '1.5.0' ],
1366 silly audit   'prebuild-install': [ '7.1.3' ],
1366 silly audit   'file-uri-to-path': [ '1.0.0' ],
1366 silly audit   '@cacheable/memory': [ '2.2.0' ],
1366 silly audit   '@cacheable/utils': [ '2.5.0' ],
1366 silly audit   qified: [ '0.10.1' ],
1366 silly audit   '@keyv/bigmap': [ '1.3.1' ],
1366 silly audit   hashery: [ '1.5.1' ],
1366 silly audit   'node-addon-api': [ '7.1.1' ],
1366 silly audit   asynckit: [ '0.4.0' ],
1366 silly audit   'combined-stream': [ '1.0.8' ],
1366 silly audit   'es-set-tostringtag': [ '2.1.0' ],
1366 silly audit   hasown: [ '2.0.4' ],
1366 silly audit   'mime-types': [ '2.1.35' ],
1366 silly audit   'delayed-stream': [ '1.0.0' ],
1366 silly audit   'es-errors': [ '1.3.0' ],
1366 silly audit   'get-intrinsic': [ '1.3.0' ],
1366 silly audit   'has-tostringtag': [ '1.0.2' ],
1366 silly audit   'graceful-fs': [ '4.2.11' ],
1366 silly audit   jsonfile: [ '6.2.1' ],
1366 silly audit   universalify: [ '2.0.1' ],
1366 silly audit   'call-bind-apply-helpers': [ '1.0.2' ],
1366 silly audit   'es-define-property': [ '1.0.1' ],
1366 silly audit   'es-object-atoms': [ '1.1.2' ],
1366 silly audit   'function-bind': [ '1.1.2' ],
1366 silly audit   'get-proto': [ '1.0.1' ],
1366 silly audit   gopd: [ '1.2.0' ],
1366 silly audit   'has-symbols': [ '1.1.0' ],
1366 silly audit   'math-intrinsics': [ '1.1.0' ],
1366 silly audit   'dunder-proto': [ '1.0.1' ],
1366 silly audit   'agent-base': [ '6.0.2' ],
1366 silly audit   debug: [ '4.4.3' ],
1366 silly audit   ms: [ '2.1.3' ],
1366 silly audit   '@keyv/serialize': [ '1.1.1' ],
1366 silly audit   'curve25519-js': [ '0.0.4' ],
1366 silly audit   'mime-db': [ '1.52.0' ],
1366 silly audit   moment: [ '2.31.0' ],
1366 silly audit   '@borewit/text-codec': [ '0.2.2' ],
1366 silly audit   '@tokenizer/token': [ '0.3.0' ],
1366 silly audit   'content-type': [ '2.1.0' ],
1366 silly audit   'file-type': [ '21.3.4' ],
1366 silly audit   'media-typer': [ '2.0.0' ],
1366 silly audit   strtok3: [ '10.3.5' ],
1366 silly audit   'token-types': [ '6.1.2' ],
1366 silly audit   'uint8array-extras': [ '1.5.0' ],
1366 silly audit   'win-guid': [ '0.2.1' ],
1366 silly audit   '@tokenizer/inflate': [ '0.4.1' ],
1366 silly audit   eventemitter3: [ '5.0.4' ],
1366 silly audit   'p-timeout': [ '7.0.2' ],
1366 silly audit   'pg-cloudflare': [ '1.4.0' ],
1366 silly audit   'pg-connection-string': [ '2.14.0' ],
1366 silly audit   'pg-pool': [ '3.14.0' ],
1366 silly audit   'pg-protocol': [ '1.16.0' ],
1366 silly audit   'pg-types': [ '2.2.0' ],
1366 silly audit   pgpass: [ '1.0.5' ],
1366 silly audit   'pg-int8': [ '1.0.1' ],
1366 silly audit   'postgres-array': [ '2.0.0' ],
1366 silly audit   'postgres-bytea': [ '1.0.1' ],
1366 silly audit   'postgres-date': [ '1.0.7' ],
1366 silly audit   'postgres-interval': [ '1.2.0' ],
1366 silly audit   split2: [ '4.2.0' ],
1366 silly audit   'atomic-sleep': [ '1.0.0' ],
1366 silly audit   'fast-redact': [ '3.5.0' ],
1366 silly audit   'on-exit-leak-free': [ '2.1.2' ],
1366 silly audit   'pino-abstract-transport': [ '1.2.0', '2.0.0' ],
1366 silly audit   'pino-std-serializers': [ '6.2.2', '7.1.0' ],
1366 silly audit   'process-warning': [ '3.0.0', '5.1.0' ],
1366 silly audit   'quick-format-unescaped': [ '4.0.4' ],
1366 silly audit   'real-require': [ '0.2.0' ],
1366 silly audit   'safe-stable-stringify': [ '2.5.0' ],
1366 silly audit   'sonic-boom': [ '3.8.1', '4.2.1' ],
1366 silly audit   'thread-stream': [ '2.7.0', '3.2.0' ],
1366 silly audit   'readable-stream': [ '4.7.0', '3.6.2' ],
1366 silly audit   xtend: [ '4.0.2' ],
1366 silly audit   'detect-libc': [ '2.1.2' ],
1366 silly audit   'expand-template': [ '2.0.3' ],
1366 silly audit   'github-from-package': [ '0.0.0' ],
1366 silly audit   minimist: [ '1.2.8' ],
1366 silly audit   'mkdirp-classic': [ '0.5.3' ],
1366 silly audit   'napi-build-utils': [ '2.0.0' ],
1366 silly audit   'node-abi': [ '3.96.0' ],
1366 silly audit   pump: [ '3.0.4' ],
1366 silly audit   rc: [ '1.2.8' ],
1366 silly audit   'simple-get': [ '4.0.1' ],
1366 silly audit   'tar-fs': [ '2.1.5' ],
1366 silly audit   'tunnel-agent': [ '0.6.0' ],
1366 silly audit   semver: [ '7.8.5' ],
1366 silly audit   '@protobufjs/aspromise': [ '1.1.2' ],
1366 silly audit   '@protobufjs/base64': [ '1.1.2' ],
1366 silly audit   '@protobufjs/codegen': [ '2.0.5' ],
1366 silly audit   '@protobufjs/eventemitter': [ '1.1.1' ],
1366 silly audit   '@protobufjs/fetch': [ '1.1.1' ],
1366 silly audit   '@protobufjs/float': [ '1.0.2' ],
1366 silly audit   '@protobufjs/path': [ '1.1.2' ],
1366 silly audit   '@protobufjs/pool': [ '1.1.0' ],
1366 silly audit   '@protobufjs/utf8': [ '1.1.2' ],
1366 silly audit   '@types/node': [ '26.6.2' ],
1366 silly audit   long: [ '5.3.2' ],
1366 silly audit   'undici-types': [ '8.9.0' ],
1366 silly audit   'end-of-stream': [ '1.4.5' ],
1366 silly audit   once: [ '1.4.0' ],
1366 silly audit   wrappy: [ '1.0.2' ],
1366 silly audit   'deep-extend': [ '0.6.0' ],
1366 silly audit   ini: [ '1.3.8' ],
1366 silly audit   'strip-json-comments': [ '2.0.1' ],
1366 silly audit   'abort-controller': [ '3.0.0' ],
1366 silly audit   buffer: [ '6.0.3', '5.7.1' ],
1366 silly audit   events: [ '3.3.0' ],
1366 silly audit   process: [ '0.11.10' ],
1366 silly audit   string_decoder: [ '1.3.0' ],
1366 silly audit   'event-target-shim': [ '5.0.1' ],
1366 silly audit   'base64-js': [ '1.5.1' ],
1366 silly audit   ieee754: [ '1.2.1' ],
1366 silly audit   '@img/colour': [ '1.1.0' ],
1366 silly audit   '@img/sharp-darwin-arm64': [ '0.35.4' ],
1366 silly audit   '@img/sharp-darwin-x64': [ '0.35.4' ],
1366 silly audit   '@img/sharp-freebsd-wasm32': [ '0.35.4' ],
1366 silly audit   '@img/sharp-libvips-darwin-arm64': [ '1.3.3' ],
1366 silly audit   '@img/sharp-libvips-darwin-x64': [ '1.3.3' ],
1366 silly audit   '@img/sharp-libvips-linux-arm': [ '1.3.3' ],
1366 silly audit   '@img/sharp-libvips-linux-arm64': [ '1.3.3' ],
1366 silly audit   '@img/sharp-libvips-linux-ppc64': [ '1.3.3' ],
1366 silly audit   '@img/sharp-libvips-linux-riscv64': [ '1.3.3' ],
1366 silly audit   '@img/sharp-libvips-linux-s390x': [ '1.3.3' ],
1366 silly audit   '@img/sharp-libvips-linux-x64': [ '1.3.3' ],
1366 silly audit   '@img/sharp-libvips-linuxmusl-arm64': [ '1.3.3' ],
1366 silly audit   '@img/sharp-libvips-linuxmusl-x64': [ '1.3.3' ],
1366 silly audit   '@img/sharp-linux-arm': [ '0.35.4' ],
1366 silly audit   '@img/sharp-linux-arm64': [ '0.35.4' ],
1366 silly audit   '@img/sharp-linux-ppc64': [ '0.35.4' ],
1366 silly audit   '@img/sharp-linux-riscv64': [ '0.35.4' ],
1366 silly audit   '@img/sharp-linux-s390x': [ '0.35.4' ],
1366 silly audit   '@img/sharp-linux-x64': [ '0.35.4' ],
1366 silly audit   '@img/sharp-linuxmusl-arm64': [ '0.35.4' ],
1366 silly audit   '@img/sharp-linuxmusl-x64': [ '0.35.4' ],
1366 silly audit   '@img/sharp-webcontainers-wasm32': [ '0.35.4' ],
1366 silly audit   '@img/sharp-win32-arm64': [ '0.35.4' ],
1366 silly audit   '@img/sharp-win32-ia32': [ '0.35.4' ],
1366 silly audit   '@img/sharp-win32-x64': [ '0.35.4' ],
1366 silly audit   '@img/sharp-wasm32': [ '0.35.4' ],
1366 silly audit   '@emnapi/runtime': [ '1.11.3' ],
1366 silly audit   'decompress-response': [ '6.0.0' ],
1366 silly audit   'simple-concat': [ '1.0.1' ],
1366 silly audit   'mimic-response': [ '3.1.0' ],
1366 silly audit   'safe-buffer': [ '5.2.1' ],
1366 silly audit   chownr: [ '1.1.4' ],
1366 silly audit   'tar-stream': [ '2.2.0' ],
1366 silly audit   bl: [ '4.1.0' ],
1366 silly audit   'fs-constants': [ '1.0.0' ],
1366 silly audit   inherits: [ '2.0.4' ],
1366 silly audit   'async.parallellimit': [ '0.5.2' ],
1366 silly audit   boolstring: [ '2.0.1' ],
1366 silly audit   cheerio: [ '1.2.0' ],
1366 silly audit   dasu: [ '0.4.3' ],
1366 silly audit   'human-time': [ '0.0.2' ],
1366 silly audit   'jsonpath-plus': [ '10.3.0' ],
1366 silly audit   'node-fzf': [ '0.14.0' ],
1366 silly audit   'async.util.eachoflimit': [ '0.5.2' ],
1366 silly audit   'async.util.parallel': [ '0.5.2' ],
1366 silly audit   'async.util.keyiterator': [ '0.5.2' ],
1366 silly audit   'async.util.noop': [ '0.5.2' ],
1366 silly audit   'async.util.once': [ '0.5.2' ],
1366 silly audit   'async.util.onlyonce': [ '0.5.2' ],
1366 silly audit   'async.util.isarraylike': [ '0.5.2' ],
1366 silly audit   'async.util.keys': [ '0.5.2' ],
1366 silly audit   'async.util.isarray': [ '0.5.2' ],
1366 silly audit   'async.util.restparam': [ '0.5.2' ],
1366 silly audit   'cheerio-select': [ '2.1.0' ],
1366 silly audit   'dom-serializer': [ '2.0.0' ],
1366 silly audit   domhandler: [ '5.0.3' ],
1366 silly audit   domutils: [ '3.2.2' ],
1366 silly audit   'encoding-sniffer': [ '0.2.1' ],
1366 silly audit   htmlparser2: [ '10.1.0' ],
1366 silly audit   parse5: [ '7.3.0' ],
1366 silly audit   'parse5-htmlparser2-tree-adapter': [ '7.1.0' ],
1366 silly audit   'parse5-parser-stream': [ '7.1.2' ],
1366 silly audit   undici: [ '7.29.1' ],
1366 silly audit   'whatwg-mimetype': [ '4.0.0' ],
1366 silly audit   boolbase: [ '1.0.0' ],
1366 silly audit   'css-select': [ '5.2.2' ],
1366 silly audit   'css-what': [ '6.2.2' ],
1366 silly audit   domelementtype: [ '2.3.0' ],
1366 silly audit   'nth-check': [ '2.1.1' ],
1366 silly audit   entities: [ '4.5.0', '7.0.1', '6.0.1' ],
1366 silly audit   'iconv-lite': [ '0.6.3' ],
1366 silly audit   'whatwg-encoding': [ '3.1.1' ],
1366 silly audit   'safer-buffer': [ '2.1.2' ],
1366 silly audit   '@jsep-plugin/assignment': [ '1.3.0' ],
1366 silly audit   jsep: [ '1.4.0' ],
1366 silly audit   '@jsep-plugin/regex': [ '1.0.4' ],
1366 silly audit   keypress: [ '0.2.1' ],
1366 silly audit   picocolors: [ '1.1.1' ],
1366 silly audit   redstar: [ '0.0.2' ],
1366 silly audit   'restore-cursor': [ '3.1.0' ],
1366 silly audit   'string-width': [ '2.1.1' ],
1366 silly audit   ttys: [ '0.0.3' ],
1366 silly audit   minimatch: [ '3.0.8' ],
1366 silly audit   'brace-expansion': [ '1.1.21' ],
1366 silly audit   'balanced-match': [ '1.0.2' ],
1366 silly audit   'concat-map': [ '0.0.1' ],
1366 silly audit   onetime: [ '5.1.2' ],
1366 silly audit   'signal-exit': [ '3.0.7' ],
1366 silly audit   'mimic-fn': [ '2.1.0' ],
1366 silly audit   'is-fullwidth-code-point': [ '2.0.0' ],
1366 silly audit   'strip-ansi': [ '4.0.0' ],
1366 silly audit   'ansi-regex': [ '3.0.1' ],
1366 silly audit   '@pinojs/redact': [ '0.4.0' ],
1366 silly audit   'util-deprecate': [ '1.0.2' ]
1366 silly audit }
1367 http cache util-deprecate@https://registry.npmjs.org/util-deprecate/-/util-deprecate-1.0.2.tgz 0ms (cache hit)
1368 http cache @pinojs/redact@https://registry.npmjs.org/@pinojs/redact/-/redact-0.4.0.tgz 0ms (cache hit)
1369 http cache ansi-regex@https://registry.npmjs.org/ansi-regex/-/ansi-regex-3.0.1.tgz 1ms (cache hit)
1370 http cache strip-ansi@https://registry.npmjs.org/strip-ansi/-/strip-ansi-4.0.0.tgz 0ms (cache hit)
1371 http cache is-fullwidth-code-point@https://registry.npmjs.org/is-fullwidth-code-point/-/is-fullwidth-code-point-2.0.0.tgz 0ms (cache hit)
1372 http cache mimic-fn@https://registry.npmjs.org/mimic-fn/-/mimic-fn-2.1.0.tgz 0ms (cache hit)
1373 http cache signal-exit@https://registry.npmjs.org/signal-exit/-/signal-exit-3.0.7.tgz 0ms (cache hit)
1374 http cache onetime@https://registry.npmjs.org/onetime/-/onetime-5.1.2.tgz 0ms (cache hit)
1375 http cache concat-map@https://registry.npmjs.org/concat-map/-/concat-map-0.0.1.tgz 0ms (cache hit)
1376 http cache balanced-match@https://registry.npmjs.org/balanced-match/-/balanced-match-1.0.2.tgz 0ms (cache hit)
1377 http cache brace-expansion@https://registry.npmjs.org/brace-expansion/-/brace-expansion-1.1.21.tgz 0ms (cache hit)
1378 http cache minimatch@https://registry.npmjs.org/minimatch/-/minimatch-3.0.8.tgz 0ms (cache hit)
1379 http cache ttys@https://registry.npmjs.org/ttys/-/ttys-0.0.3.tgz 0ms (cache hit)
1380 http cache string-width@https://registry.npmjs.org/string-width/-/string-width-2.1.1.tgz 0ms (cache hit)
1381 http cache restore-cursor@https://registry.npmjs.org/restore-cursor/-/restore-cursor-3.1.0.tgz 0ms (cache hit)
1382 http cache redstar@https://registry.npmjs.org/redstar/-/redstar-0.0.2.tgz 0ms (cache hit)
1383 http cache picocolors@https://registry.npmjs.org/picocolors/-/picocolors-1.1.1.tgz 0ms (cache hit)
1384 http cache keypress@https://registry.npmjs.org/keypress/-/keypress-0.2.1.tgz 0ms (cache hit)
1385 http cache @jsep-plugin/regex@https://registry.npmjs.org/@jsep-plugin/regex/-/regex-1.0.4.tgz 0ms (cache hit)
1386 http cache jsep@https://registry.npmjs.org/jsep/-/jsep-1.4.0.tgz 0ms (cache hit)
1387 http cache @jsep-plugin/assignment@https://registry.npmjs.org/@jsep-plugin/assignment/-/assignment-1.3.0.tgz 0ms (cache hit)
1388 http cache safer-buffer@https://registry.npmjs.org/safer-buffer/-/safer-buffer-2.1.2.tgz 0ms (cache hit)
1389 http cache whatwg-encoding@https://registry.npmjs.org/whatwg-encoding/-/whatwg-encoding-3.1.1.tgz 0ms (cache hit)
1390 http cache iconv-lite@https://registry.npmjs.org/iconv-lite/-/iconv-lite-0.6.3.tgz 0ms (cache hit)
1391 http cache entities@https://registry.npmjs.org/entities/-/entities-4.5.0.tgz 0ms (cache hit)
1392 http cache domelementtype@https://registry.npmjs.org/domelementtype/-/domelementtype-2.3.0.tgz 0ms (cache hit)
1393 http cache css-what@https://registry.npmjs.org/css-what/-/css-what-6.2.2.tgz 0ms (cache hit)
1394 http cache nth-check@https://registry.npmjs.org/nth-check/-/nth-check-2.1.1.tgz 0ms (cache hit)
1395 http cache css-select@https://registry.npmjs.org/css-select/-/css-select-5.2.2.tgz 0ms (cache hit)
1396 http cache boolbase@https://registry.npmjs.org/boolbase/-/boolbase-1.0.0.tgz 1ms (cache hit)
1397 http cache whatwg-mimetype@https://registry.npmjs.org/whatwg-mimetype/-/whatwg-mimetype-4.0.0.tgz 0ms (cache hit)
1398 http cache undici@https://registry.npmjs.org/undici/-/undici-7.29.1.tgz 0ms (cache hit)
1399 http cache parse5-parser-stream@https://registry.npmjs.org/parse5-parser-stream/-/parse5-parser-stream-7.1.2.tgz 0ms (cache hit)
1400 http cache parse5-htmlparser2-tree-adapter@https://registry.npmjs.org/parse5-htmlparser2-tree-adapter/-/parse5-htmlparser2-tree-adapter-7.1.0.tgz 0ms (cache hit)
1401 http cache parse5@https://registry.npmjs.org/parse5/-/parse5-7.3.0.tgz 0ms (cache hit)
1402 http cache htmlparser2@https://registry.npmjs.org/htmlparser2/-/htmlparser2-10.1.0.tgz 0ms (cache hit)
1403 http cache domutils@https://registry.npmjs.org/domutils/-/domutils-3.2.2.tgz 0ms (cache hit)
1404 http cache domhandler@https://registry.npmjs.org/domhandler/-/domhandler-5.0.3.tgz 0ms (cache hit)
1405 http cache dom-serializer@https://registry.npmjs.org/dom-serializer/-/dom-serializer-2.0.0.tgz 1ms (cache hit)
1406 http cache async.util.restparam@https://registry.npmjs.org/async.util.restparam/-/async.util.restparam-0.5.2.tgz 1ms (cache hit)
1407 http cache cheerio-select@https://registry.npmjs.org/cheerio-select/-/cheerio-select-2.1.0.tgz 0ms (cache hit)
1408 http cache async.util.isarray@https://registry.npmjs.org/async.util.isarray/-/async.util.isarray-0.5.2.tgz 0ms (cache hit)
1409 http cache async.util.isarraylike@https://registry.npmjs.org/async.util.isarraylike/-/async.util.isarraylike-0.5.2.tgz 0ms (cache hit)
1410 http cache async.util.keys@https://registry.npmjs.org/async.util.keys/-/async.util.keys-0.5.2.tgz 0ms (cache hit)
1411 http cache async.util.onlyonce@https://registry.npmjs.org/async.util.onlyonce/-/async.util.onlyonce-0.5.2.tgz 0ms (cache hit)
1412 http cache async.util.noop@https://registry.npmjs.org/async.util.noop/-/async.util.noop-0.5.2.tgz 0ms (cache hit)
1413 http cache async.util.once@https://registry.npmjs.org/async.util.once/-/async.util.once-0.5.2.tgz 0ms (cache hit)
1414 http cache async.util.parallel@https://registry.npmjs.org/async.util.parallel/-/async.util.parallel-0.5.2.tgz 0ms (cache hit)
1415 http cache async.util.eachoflimit@https://registry.npmjs.org/async.util.eachoflimit/-/async.util.eachoflimit-0.5.2.tgz 0ms (cache hit)
1416 http cache node-fzf@https://registry.npmjs.org/node-fzf/-/node-fzf-0.14.0.tgz 0ms (cache hit)
1417 http cache jsonpath-plus@https://registry.npmjs.org/jsonpath-plus/-/jsonpath-plus-10.3.0.tgz 0ms (cache hit)
1418 http cache encoding-sniffer@https://registry.npmjs.org/encoding-sniffer/-/encoding-sniffer-0.2.1.tgz 0ms (cache hit)
1419 http cache human-time@https://registry.npmjs.org/human-time/-/human-time-0.0.2.tgz 1ms (cache hit)
1420 http cache cheerio@https://registry.npmjs.org/cheerio/-/cheerio-1.2.0.tgz 0ms (cache hit)
1421 http cache dasu@https://registry.npmjs.org/dasu/-/dasu-0.4.3.tgz 0ms (cache hit)
1422 http cache boolstring@https://registry.npmjs.org/boolstring/-/boolstring-2.0.1.tgz 0ms (cache hit)
1423 http cache async.parallellimit@https://registry.npmjs.org/async.parallellimit/-/async.parallellimit-0.5.2.tgz 0ms (cache hit)
1424 http cache inherits@https://registry.npmjs.org/inherits/-/inherits-2.0.4.tgz 0ms (cache hit)
1425 http cache fs-constants@https://registry.npmjs.org/fs-constants/-/fs-constants-1.0.0.tgz 1ms (cache hit)
1426 http cache bl@https://registry.npmjs.org/bl/-/bl-4.1.0.tgz 0ms (cache hit)
1427 http cache async.util.keyiterator@https://registry.npmjs.org/async.util.keyiterator/-/async.util.keyiterator-0.5.2.tgz 0ms (cache hit)
1428 http cache tar-stream@https://registry.npmjs.org/tar-stream/-/tar-stream-2.2.0.tgz 0ms (cache hit)
1429 http cache chownr@https://registry.npmjs.org/chownr/-/chownr-1.1.4.tgz 0ms (cache hit)
1430 http cache safe-buffer@https://registry.npmjs.org/safe-buffer/-/safe-buffer-5.2.1.tgz 0ms (cache hit)
1431 http cache mimic-response@https://registry.npmjs.org/mimic-response/-/mimic-response-3.1.0.tgz 0ms (cache hit)
1432 http cache simple-concat@https://registry.npmjs.org/simple-concat/-/simple-concat-1.0.1.tgz 0ms (cache hit)
1433 http cache decompress-response@https://registry.npmjs.org/decompress-response/-/decompress-response-6.0.0.tgz 0ms (cache hit)
1434 http cache ieee754@https://registry.npmjs.org/ieee754/-/ieee754-1.2.1.tgz 0ms (cache hit)
1435 http cache @img/colour@https://registry.npmjs.org/@img/colour/-/colour-1.1.0.tgz 0ms (cache hit)
1436 http cache base64-js@https://registry.npmjs.org/base64-js/-/base64-js-1.5.1.tgz 0ms (cache hit)
1437 http cache event-target-shim@https://registry.npmjs.org/event-target-shim/-/event-target-shim-5.0.1.tgz 0ms (cache hit)
1438 http cache string_decoder@https://registry.npmjs.org/string_decoder/-/string_decoder-1.3.0.tgz 0ms (cache hit)
1439 http cache process@https://registry.npmjs.org/process/-/process-0.11.10.tgz 0ms (cache hit)
1440 http cache events@https://registry.npmjs.org/events/-/events-3.3.0.tgz 0ms (cache hit)
1441 http cache buffer@https://registry.npmjs.org/buffer/-/buffer-6.0.3.tgz 0ms (cache hit)
1442 http cache abort-controller@https://registry.npmjs.org/abort-controller/-/abort-controller-3.0.0.tgz 0ms (cache hit)
1443 http cache strip-json-comments@https://registry.npmjs.org/strip-json-comments/-/strip-json-comments-2.0.1.tgz 0ms (cache hit)
1444 http cache ini@https://registry.npmjs.org/ini/-/ini-1.3.8.tgz 0ms (cache hit)
1445 http cache deep-extend@https://registry.npmjs.org/deep-extend/-/deep-extend-0.6.0.tgz 0ms (cache hit)
1446 http cache wrappy@https://registry.npmjs.org/wrappy/-/wrappy-1.0.2.tgz 0ms (cache hit)
1447 http cache once@https://registry.npmjs.org/once/-/once-1.4.0.tgz 0ms (cache hit)
1448 http cache end-of-stream@https://registry.npmjs.org/end-of-stream/-/end-of-stream-1.4.5.tgz 0ms (cache hit)
1449 http cache undici-types@https://registry.npmjs.org/undici-types/-/undici-types-8.9.0.tgz 0ms (cache hit)
1450 http cache long@https://registry.npmjs.org/long/-/long-5.3.2.tgz 0ms (cache hit)
1451 http cache @types/node@https://registry.npmjs.org/@types/node/-/node-26.6.2.tgz 0ms (cache hit)
1452 http cache @protobufjs/pool@https://registry.npmjs.org/@protobufjs/pool/-/pool-1.1.0.tgz 0ms (cache hit)
1453 http cache @protobufjs/utf8@https://registry.npmjs.org/@protobufjs/utf8/-/utf8-1.1.2.tgz 0ms (cache hit)
1454 http cache @protobufjs/path@https://registry.npmjs.org/@protobufjs/path/-/path-1.1.2.tgz 0ms (cache hit)
1455 http cache @protobufjs/float@https://registry.npmjs.org/@protobufjs/float/-/float-1.0.2.tgz 0ms (cache hit)
1456 http cache @protobufjs/fetch@https://registry.npmjs.org/@protobufjs/fetch/-/fetch-1.1.1.tgz 0ms (cache hit)
1457 http cache @protobufjs/eventemitter@https://registry.npmjs.org/@protobufjs/eventemitter/-/eventemitter-1.1.1.tgz 0ms (cache hit)
1458 http cache @protobufjs/codegen@https://registry.npmjs.org/@protobufjs/codegen/-/codegen-2.0.5.tgz 0ms (cache hit)
1459 http cache @protobufjs/base64@https://registry.npmjs.org/@protobufjs/base64/-/base64-1.1.2.tgz 1ms (cache hit)
1460 http cache @protobufjs/aspromise@https://registry.npmjs.org/@protobufjs/aspromise/-/aspromise-1.1.2.tgz 0ms (cache hit)
1461 http cache semver@https://registry.npmjs.org/semver/-/semver-7.8.5.tgz 0ms (cache hit)
1462 http cache tunnel-agent@https://registry.npmjs.org/tunnel-agent/-/tunnel-agent-0.6.0.tgz 0ms (cache hit)
1463 http cache tar-fs@https://registry.npmjs.org/tar-fs/-/tar-fs-2.1.5.tgz 0ms (cache hit)
1464 http cache simple-get@https://registry.npmjs.org/simple-get/-/simple-get-4.0.1.tgz 0ms (cache hit)
1465 http cache rc@https://registry.npmjs.org/rc/-/rc-1.2.8.tgz 0ms (cache hit)
1466 http cache pump@https://registry.npmjs.org/pump/-/pump-3.0.4.tgz 0ms (cache hit)
1467 http cache node-abi@https://registry.npmjs.org/node-abi/-/node-abi-3.96.0.tgz 0ms (cache hit)
1468 http cache napi-build-utils@https://registry.npmjs.org/napi-build-utils/-/napi-build-utils-2.0.0.tgz 0ms (cache hit)
1469 http cache mkdirp-classic@https://registry.npmjs.org/mkdirp-classic/-/mkdirp-classic-0.5.3.tgz 0ms (cache hit)
1470 http cache minimist@https://registry.npmjs.org/minimist/-/minimist-1.2.8.tgz 0ms (cache hit)
1471 http cache github-from-package@https://registry.npmjs.org/github-from-package/-/github-from-package-0.0.0.tgz 0ms (cache hit)
1472 http cache expand-template@https://registry.npmjs.org/expand-template/-/expand-template-2.0.3.tgz 0ms (cache hit)
1473 http cache detect-libc@https://registry.npmjs.org/detect-libc/-/detect-libc-2.1.2.tgz 0ms (cache hit)
1474 http cache xtend@https://registry.npmjs.org/xtend/-/xtend-4.0.2.tgz 0ms (cache hit)
1475 http cache readable-stream@https://registry.npmjs.org/readable-stream/-/readable-stream-4.7.0.tgz 0ms (cache hit)
1476 http cache thread-stream@https://registry.npmjs.org/thread-stream/-/thread-stream-2.7.0.tgz 0ms (cache hit)
1477 http cache sonic-boom@https://registry.npmjs.org/sonic-boom/-/sonic-boom-3.8.1.tgz 0ms (cache hit)
1478 http cache safe-stable-stringify@https://registry.npmjs.org/safe-stable-stringify/-/safe-stable-stringify-2.5.0.tgz 0ms (cache hit)
1479 http cache real-require@https://registry.npmjs.org/real-require/-/real-require-0.2.0.tgz 0ms (cache hit)
1480 http cache quick-format-unescaped@https://registry.npmjs.org/quick-format-unescaped/-/quick-format-unescaped-4.0.4.tgz 0ms (cache hit)
1481 http cache pino-std-serializers@https://registry.npmjs.org/pino-std-serializers/-/pino-std-serializers-6.2.2.tgz 0ms (cache hit)
1482 http cache pino-abstract-transport@https://registry.npmjs.org/pino-abstract-transport/-/pino-abstract-transport-1.2.0.tgz 0ms (cache hit)
1483 http cache on-exit-leak-free@https://registry.npmjs.org/on-exit-leak-free/-/on-exit-leak-free-2.1.2.tgz 0ms (cache hit)
1484 http cache fast-redact@https://registry.npmjs.org/fast-redact/-/fast-redact-3.5.0.tgz 0ms (cache hit)
1485 http cache atomic-sleep@https://registry.npmjs.org/atomic-sleep/-/atomic-sleep-1.0.0.tgz 0ms (cache hit)
1486 http cache split2@https://registry.npmjs.org/split2/-/split2-4.2.0.tgz 0ms (cache hit)
1487 http cache postgres-interval@https://registry.npmjs.org/postgres-interval/-/postgres-interval-1.2.0.tgz 0ms (cache hit)
1488 http cache postgres-date@https://registry.npmjs.org/postgres-date/-/postgres-date-1.0.7.tgz 0ms (cache hit)
1489 http cache postgres-bytea@https://registry.npmjs.org/postgres-bytea/-/postgres-bytea-1.0.1.tgz 0ms (cache hit)
1490 http cache postgres-array@https://registry.npmjs.org/postgres-array/-/postgres-array-2.0.0.tgz 0ms (cache hit)
1491 http cache pg-int8@https://registry.npmjs.org/pg-int8/-/pg-int8-1.0.1.tgz 0ms (cache hit)
1492 http cache pgpass@https://registry.npmjs.org/pgpass/-/pgpass-1.0.5.tgz 0ms (cache hit)
1493 http cache pg-protocol@https://registry.npmjs.org/pg-protocol/-/pg-protocol-1.16.0.tgz 0ms (cache hit)
1494 http cache pg-pool@https://registry.npmjs.org/pg-pool/-/pg-pool-3.14.0.tgz 0ms (cache hit)
1495 http cache pg-connection-string@https://registry.npmjs.org/pg-connection-string/-/pg-connection-string-2.14.0.tgz 0ms (cache hit)
1496 http cache pg-types@https://registry.npmjs.org/pg-types/-/pg-types-2.2.0.tgz 1ms (cache hit)
1497 http cache pg-cloudflare@https://registry.npmjs.org/pg-cloudflare/-/pg-cloudflare-1.4.0.tgz 0ms (cache hit)
1498 http cache p-timeout@https://registry.npmjs.org/p-timeout/-/p-timeout-7.0.2.tgz 0ms (cache hit)
1499 http cache eventemitter3@https://registry.npmjs.org/eventemitter3/-/eventemitter3-5.0.4.tgz 0ms (cache hit)
1500 http cache @tokenizer/inflate@https://registry.npmjs.org/@tokenizer/inflate/-/inflate-0.4.1.tgz 0ms (cache hit)
1501 http cache win-guid@https://registry.npmjs.org/win-guid/-/win-guid-0.2.1.tgz 0ms (cache hit)
1502 http cache token-types@https://registry.npmjs.org/token-types/-/token-types-6.1.2.tgz 0ms (cache hit)
1503 http cache uint8array-extras@https://registry.npmjs.org/uint8array-extras/-/uint8array-extras-1.5.0.tgz 0ms (cache hit)
1504 http cache strtok3@https://registry.npmjs.org/strtok3/-/strtok3-10.3.5.tgz 0ms (cache hit)
1505 http cache media-typer@https://registry.npmjs.org/media-typer/-/media-typer-2.0.0.tgz 0ms (cache hit)
1506 http cache file-type@https://registry.npmjs.org/file-type/-/file-type-21.3.4.tgz 0ms (cache hit)
1507 http cache content-type@https://registry.npmjs.org/content-type/-/content-type-2.1.0.tgz 0ms (cache hit)
1508 http cache @tokenizer/token@https://registry.npmjs.org/@tokenizer/token/-/token-0.3.0.tgz 0ms (cache hit)
1509 http cache @borewit/text-codec@https://registry.npmjs.org/@borewit/text-codec/-/text-codec-0.2.2.tgz 0ms (cache hit)
1510 http cache moment@https://registry.npmjs.org/moment/-/moment-2.31.0.tgz 0ms (cache hit)
1511 http cache mime-db@https://registry.npmjs.org/mime-db/-/mime-db-1.52.0.tgz 0ms (cache hit)
1512 http cache curve25519-js@https://registry.npmjs.org/curve25519-js/-/curve25519-js-0.0.4.tgz 1ms (cache hit)
1513 http cache @keyv/serialize@https://registry.npmjs.org/@keyv/serialize/-/serialize-1.1.1.tgz 0ms (cache hit)
1514 http cache ms@https://registry.npmjs.org/ms/-/ms-2.1.3.tgz 0ms (cache hit)
1515 http cache debug@https://registry.npmjs.org/debug/-/debug-4.4.3.tgz 0ms (cache hit)
1516 http cache agent-base@https://registry.npmjs.org/agent-base/-/agent-base-6.0.2.tgz 0ms (cache hit)
1517 http cache dunder-proto@https://registry.npmjs.org/dunder-proto/-/dunder-proto-1.0.1.tgz 0ms (cache hit)
1518 http cache math-intrinsics@https://registry.npmjs.org/math-intrinsics/-/math-intrinsics-1.1.0.tgz 0ms (cache hit)
1519 http cache has-symbols@https://registry.npmjs.org/has-symbols/-/has-symbols-1.1.0.tgz 0ms (cache hit)
1520 http cache gopd@https://registry.npmjs.org/gopd/-/gopd-1.2.0.tgz 0ms (cache hit)
1521 http cache get-proto@https://registry.npmjs.org/get-proto/-/get-proto-1.0.1.tgz 0ms (cache hit)
1522 http cache function-bind@https://registry.npmjs.org/function-bind/-/function-bind-1.1.2.tgz 0ms (cache hit)
1523 http cache es-object-atoms@https://registry.npmjs.org/es-object-atoms/-/es-object-atoms-1.1.2.tgz 0ms (cache hit)
1524 http cache es-define-property@https://registry.npmjs.org/es-define-property/-/es-define-property-1.0.1.tgz 0ms (cache hit)
1525 http cache call-bind-apply-helpers@https://registry.npmjs.org/call-bind-apply-helpers/-/call-bind-apply-helpers-1.0.2.tgz 1ms (cache hit)
1526 http cache universalify@https://registry.npmjs.org/universalify/-/universalify-2.0.1.tgz 0ms (cache hit)
1527 http cache jsonfile@https://registry.npmjs.org/jsonfile/-/jsonfile-6.2.1.tgz 0ms (cache hit)
1528 http cache graceful-fs@https://registry.npmjs.org/graceful-fs/-/graceful-fs-4.2.11.tgz 0ms (cache hit)
1529 http cache has-tostringtag@https://registry.npmjs.org/has-tostringtag/-/has-tostringtag-1.0.2.tgz 0ms (cache hit)
1530 http cache get-intrinsic@https://registry.npmjs.org/get-intrinsic/-/get-intrinsic-1.3.0.tgz 0ms (cache hit)
1531 http cache es-errors@https://registry.npmjs.org/es-errors/-/es-errors-1.3.0.tgz 0ms (cache hit)
1532 http cache delayed-stream@https://registry.npmjs.org/delayed-stream/-/delayed-stream-1.0.0.tgz 0ms (cache hit)
1533 http cache mime-types@https://registry.npmjs.org/mime-types/-/mime-types-2.1.35.tgz 0ms (cache hit)
1534 http cache hasown@https://registry.npmjs.org/hasown/-/hasown-2.0.4.tgz 0ms (cache hit)
1535 http cache es-set-tostringtag@https://registry.npmjs.org/es-set-tostringtag/-/es-set-tostringtag-2.1.0.tgz 0ms (cache hit)
1536 http cache combined-stream@https://registry.npmjs.org/combined-stream/-/combined-stream-1.0.8.tgz 0ms (cache hit)
1537 http cache asynckit@https://registry.npmjs.org/asynckit/-/asynckit-0.4.0.tgz 0ms (cache hit)
1538 http cache node-addon-api@https://registry.npmjs.org/node-addon-api/-/node-addon-api-7.1.1.tgz 0ms (cache hit)
1539 http cache hashery@https://registry.npmjs.org/hashery/-/hashery-1.5.1.tgz 0ms (cache hit)
1540 http cache @keyv/bigmap@https://registry.npmjs.org/@keyv/bigmap/-/bigmap-1.3.1.tgz 0ms (cache hit)
1541 http cache qified@https://registry.npmjs.org/qified/-/qified-0.10.1.tgz 0ms (cache hit)
1542 http cache @cacheable/utils@https://registry.npmjs.org/@cacheable/utils/-/utils-2.5.0.tgz 0ms (cache hit)
1543 http cache file-uri-to-path@https://registry.npmjs.org/file-uri-to-path/-/file-uri-to-path-1.0.0.tgz 0ms (cache hit)
1544 http cache @cacheable/memory@https://registry.npmjs.org/@cacheable/memory/-/memory-2.2.0.tgz 0ms (cache hit)
1545 http cache prebuild-install@https://registry.npmjs.org/prebuild-install/-/prebuild-install-7.1.3.tgz 0ms (cache hit)
1546 http cache bindings@https://registry.npmjs.org/bindings/-/bindings-1.5.0.tgz 0ms (cache hit)
1547 http cache proxy-from-env@https://registry.npmjs.org/proxy-from-env/-/proxy-from-env-2.1.0.tgz 0ms (cache hit)
1548 http cache https-proxy-agent@https://registry.npmjs.org/https-proxy-agent/-/https-proxy-agent-5.0.1.tgz 0ms (cache hit)
1549 http cache follow-redirects@https://registry.npmjs.org/follow-redirects/-/follow-redirects-1.16.0.tgz 0ms (cache hit)
1550 http cache tslib@https://registry.npmjs.org/tslib/-/tslib-2.8.1.tgz 0ms (cache hit)
1551 http cache keyv@https://registry.npmjs.org/keyv/-/keyv-5.6.0.tgz 0ms (cache hit)
1552 http cache hookified@https://registry.npmjs.org/hookified/-/hookified-1.15.1.tgz 0ms (cache hit)
1553 http cache cacheable@https://registry.npmjs.org/cacheable/-/cacheable-2.5.0.tgz 0ms (cache hit)
1554 http cache whatsapp-rust-bridge@https://registry.npmjs.org/whatsapp-rust-bridge/-/whatsapp-rust-bridge-0.5.4.tgz 0ms (cache hit)
1555 http cache protobufjs@https://registry.npmjs.org/protobufjs/-/protobufjs-7.6.6.tgz 0ms (cache hit)
1556 http cache p-queue@https://registry.npmjs.org/p-queue/-/p-queue-9.3.3.tgz 0ms (cache hit)
1557 http cache music-metadata@https://registry.npmjs.org/music-metadata/-/music-metadata-11.15.0.tgz 0ms (cache hit)
1558 http cache lru-cache@https://registry.npmjs.org/lru-cache/-/lru-cache-11.5.3.tgz 0ms (cache hit)
1559 http cache libsignal@https://registry.npmjs.org/libsignal/-/libsignal-6.0.0.tgz 0ms (cache hit)
1560 http cache async-mutex@https://registry.npmjs.org/async-mutex/-/async-mutex-0.5.0.tgz 0ms (cache hit)
1561 http cache @cacheable/node-cache@https://registry.npmjs.org/@cacheable/node-cache/-/node-cache-1.7.6.tgz 0ms (cache hit)
1562 http cache @hapi/hoek@https://registry.npmjs.org/@hapi/hoek/-/hoek-11.0.7.tgz 0ms (cache hit)
1563 http cache yt-search@https://registry.npmjs.org/yt-search/-/yt-search-2.13.1.tgz 1ms (cache hit)
1564 http cache ws@https://registry.npmjs.org/ws/-/ws-8.21.3.tgz 1ms (cache hit)
1565 http cache qrcode-terminal@https://registry.npmjs.org/qrcode-terminal/-/qrcode-terminal-0.12.0.tgz 0ms (cache hit)
1566 http cache pino@https://registry.npmjs.org/pino/-/pino-8.21.0.tgz 0ms (cache hit)
1567 http cache pg@https://registry.npmjs.org/pg/-/pg-8.23.0.tgz 0ms (cache hit)
1568 http cache moment-timezone@https://registry.npmjs.org/moment-timezone/-/moment-timezone-0.5.48.tgz 0ms (cache hit)
1569 http cache fs-extra@https://registry.npmjs.org/fs-extra/-/fs-extra-11.4.0.tgz 0ms (cache hit)
1570 http cache form-data@https://registry.npmjs.org/form-data/-/form-data-4.0.6.tgz 0ms (cache hit)
1571 http cache dotenv@https://registry.npmjs.org/dotenv/-/dotenv-16.6.1.tgz 0ms (cache hit)
1572 http cache canvas@https://registry.npmjs.org/canvas/-/canvas-3.2.3.tgz 0ms (cache hit)
1573 http cache better-sqlite3@https://registry.npmjs.org/better-sqlite3/-/better-sqlite3-11.10.0.tgz 0ms (cache hit)
1574 http cache axios@https://registry.npmjs.org/axios/-/axios-1.20.0.tgz 0ms (cache hit)
1575 http cache sharp@https://registry.npmjs.org/sharp/-/sharp-0.35.4.tgz 0ms (cache hit)
1576 http cache @whiskeysockets/baileys@https://registry.npmjs.org/@whiskeysockets/baileys/-/baileys-7.0.0-rc14.tgz 0ms (cache hit)
1577 http cache @hapi/boom@https://registry.npmjs.org/@hapi/boom/-/boom-10.0.1.tgz 0ms (cache hit)
1578 http cache entities@https://registry.npmjs.org/entities/-/entities-6.0.1.tgz 0ms (cache hit)
1579 http cache entities@https://registry.npmjs.org/entities/-/entities-7.0.1.tgz 0ms (cache hit)
1580 http cache readable-stream@https://registry.npmjs.org/readable-stream/-/readable-stream-3.6.2.tgz 0ms (cache hit)
1581 http cache buffer@https://registry.npmjs.org/buffer/-/buffer-5.7.1.tgz 0ms (cache hit)
1582 http cache readable-stream@https://registry.npmjs.org/readable-stream/-/readable-stream-3.6.2.tgz 0ms (cache hit)
1583 http cache hookified@https://registry.npmjs.org/hookified/-/hookified-2.2.0.tgz 0ms (cache hit)
1584 http cache thread-stream@https://registry.npmjs.org/thread-stream/-/thread-stream-3.2.0.tgz 0ms (cache hit)
1585 http cache sonic-boom@https://registry.npmjs.org/sonic-boom/-/sonic-boom-4.2.1.tgz 0ms (cache hit)
1586 http cache process-warning@https://registry.npmjs.org/process-warning/-/process-warning-5.1.0.tgz 0ms (cache hit)
1587 http cache pino-std-serializers@https://registry.npmjs.org/pino-std-serializers/-/pino-std-serializers-7.1.0.tgz 0ms (cache hit)
1588 http cache pino-abstract-transport@https://registry.npmjs.org/pino-abstract-transport/-/pino-abstract-transport-2.0.0.tgz 0ms (cache hit)
1589 http cache @hapi/hoek@https://registry.npmjs.org/@hapi/hoek/-/hoek-9.3.0.tgz 0ms (cache hit)
1590 http cache pino@https://registry.npmjs.org/pino/-/pino-9.14.0.tgz 0ms (cache hit)
1591 http cache @hapi/boom@https://registry.npmjs.org/@hapi/boom/-/boom-9.1.4.tgz 0ms (cache hit)
1592 http cache process-warning@https://registry.npmjs.org/process-warning/-/process-warning-3.0.0.tgz 0ms (cache hit)
1593 warn deprecated whatwg-encoding@3.1.1: Use @exodus/bytes instead for a more spec-conformant and faster implementation
1594 warn deprecated prebuild-install@7.1.3: No longer maintained. Please contact the author of the relevant native addon; alternatives are available.
1595 http fetch POST 200 https://registry.npmjs.org/-/npm/v1/security/advisories/bulk 3183ms
1596 silly audit report {
1596 silly audit report   minimatch: [
1596 silly audit report     {
1596 silly audit report       id: 1113459,
1596 silly audit report       url: 'https://github.com/advisories/GHSA-3ppc-4f35-3m26',
1596 silly audit report       title: 'minimatch has a ReDoS via repeated wildcards with non-matching literal in pattern',
1596 silly audit report       severity: 'high',
1596 silly audit report       vulnerable_versions: '<3.1.3',
1596 silly audit report       cwe: [Array],
1596 silly audit report       cvss: [Object]
1596 silly audit report     },
1596 silly audit report     {
1596 silly audit report       id: 1113538,
1596 silly audit report       url: 'https://github.com/advisories/GHSA-7r86-cg39-jmmj',
1596 silly audit report       title: 'minimatch has ReDoS: matchOne() combinatorial backtracking via multiple non-adjacent GLOBSTAR segments',
1596 silly audit report       severity: 'high',
1596 silly audit report       vulnerable_versions: '<3.1.3',
1596 silly audit report       cwe: [Array],
1596 silly audit report       cvss: [Object]
1596 silly audit report     },
1596 silly audit report     {
1596 silly audit report       id: 1113546,
1596 silly audit report       url: 'https://github.com/advisories/GHSA-23c5-xmqv-rm74',
1596 silly audit report       title: 'minimatch ReDoS: nested *() extglobs generate catastrophically backtracking regular expressions',
1596 silly audit report       severity: 'high',
1596 silly audit report       vulnerable_versions: '<3.1.4',
1596 silly audit report       cwe: [Array],
1596 silly audit report       cvss: [Object]
1596 silly audit report     }
1596 silly audit report   ]
1596 silly audit report }
1597 silly packumentCache corgi:https://registry.npmjs.org/minimatch cache-miss
1598 http cache https://registry.npmjs.org/minimatch 310ms (cache hit)
1599 silly packumentCache corgi:https://registry.npmjs.org/minimatch set size:169442 disposed:false
1600 silly packumentCache corgi:https://registry.npmjs.org/redstar cache-miss
1601 http cache https://registry.npmjs.org/redstar 320ms (cache hit)
1602 silly packumentCache corgi:https://registry.npmjs.org/redstar set size:1262 disposed:false
1603 silly packumentCache corgi:https://registry.npmjs.org/node-fzf cache-miss
1604 http cache https://registry.npmjs.org/node-fzf 175ms (cache hit)
1605 silly packumentCache corgi:https://registry.npmjs.org/node-fzf set size:42290 disposed:false
1606 silly packumentCache corgi:https://registry.npmjs.org/yt-search cache-miss
1607 http cache https://registry.npmjs.org/yt-search 129ms (cache hit)
1608 silly packumentCache corgi:https://registry.npmjs.org/yt-search set size:126336 disposed:false
1609 info run @whiskeysockets/baileys@7.0.0-rc14 preinstall node_modules/@whiskeysockets/baileys node ./engine-requirements.js
1610 info run @whiskeysockets/baileys@7.0.0-rc14 preinstall { code: 0, signal: null }
1611 info run better-sqlite3@11.10.0 install node_modules/better-sqlite3 prebuild-install || node-gyp rebuild --release
1612 info run canvas@3.2.3 install node_modules/canvas prebuild-install -r napi || node-gyp rebuild
1613 info run better-sqlite3@11.10.0 install { code: 1, signal: null }
1614 info run canvas@3.2.3 install { code: 1, signal: null }
1615 verbose stack Error: command failed
1615 verbose stack     at promiseSpawn (/data/data/com.termux/files/usr/lib/node_modules/npm/node_modules/@npmcli/promise-spawn/lib/index.js:22:22)
1615 verbose stack     at spawnWithShell (/data/data/com.termux/files/usr/lib/node_modules/npm/node_modules/@npmcli/promise-spawn/lib/index.js:124:10)
1615 verbose stack     at promiseSpawn (/data/data/com.termux/files/usr/lib/node_modules/npm/node_modules/@npmcli/promise-spawn/lib/index.js:12:12)
1615 verbose stack     at runScriptPkg (/data/data/com.termux/files/usr/lib/node_modules/npm/node_modules/@npmcli/run-script/lib/run-script-pkg.js:79:13)
1615 verbose stack     at runScript (/data/data/com.termux/files/usr/lib/node_modules/npm/node_modules/@npmcli/run-script/lib/run-script.js:9:12)
1615 verbose stack     at /data/data/com.termux/files/usr/lib/node_modules/npm/node_modules/@npmcli/arborist/lib/arborist/rebuild.js:341:17
1615 verbose stack     at run (/data/data/com.termux/files/usr/lib/node_modules/npm/node_modules/promise-call-limit/dist/commonjs/index.js:67:22)
1615 verbose stack     at /data/data/com.termux/files/usr/lib/node_modules/npm/node_modules/promise-call-limit/dist/commonjs/index.js:84:9
1615 verbose stack     at new Promise (<anonymous>)
1615 verbose stack     at callLimit (/data/data/com.termux/files/usr/lib/node_modules/npm/node_modules/promise-call-limit/dist/commonjs/index.js:35:69)
1616 verbose pkgid better-sqlite3@11.10.0
1617 error code 1
1618 error path /data/data/com.termux/files/home/WhatsApp-nix-bot/node_modules/better-sqlite3
1619 error command failed
1620 error command sh -c prebuild-install || node-gyp rebuild --release
1621 error (node:12012) [DEP0176] DeprecationWarning: fs.R_OK is deprecated, use fs.constants.R_OK instead
1621 error (Use `node --trace-deprecation ...` to show where the warning was created)
1621 error prebuild-install warn install No prebuilt binaries found (target=24.17.0 runtime=node arch=arm64 libc= platform=android)
1621 error gyp info it worked if it ends with ok
1621 error gyp info using node-gyp@12.4.0
1621 error gyp info using node@24.17.0 | android | arm64
1621 error gyp info find Python using Python version 3.13.13 found at "/data/data/com.termux/files/usr/bin/python3"
1621 error gyp http GET https://nodejs.org/download/release/v24.17.0/node-v24.17.0-headers.tar.gz
1621 error gyp http 200 https://nodejs.org/download/release/v24.17.0/node-v24.17.0-headers.tar.gz
1621 error gyp http GET https://nodejs.org/download/release/v24.17.0/SHASUMS256.txt
1621 error gyp http 200 https://nodejs.org/download/release/v24.17.0/SHASUMS256.txt
1621 error gyp info spawn /data/data/com.termux/files/usr/bin/python3
1621 error gyp info spawn args [
1621 error gyp info spawn args '/data/data/com.termux/files/usr/lib/node_modules/npm/node_modules/node-gyp/gyp/gyp_main.py',
1621 error gyp info spawn args 'binding.gyp',
1621 error gyp info spawn args '-f',
1621 error gyp info spawn args 'make',
1621 error gyp info spawn args '-I',
1621 error gyp info spawn args '/data/data/com.termux/files/home/WhatsApp-nix-bot/node_modules/better-sqlite3/build/config.gypi',
1621 error gyp info spawn args '-I',
1621 error gyp info spawn args '/data/data/com.termux/files/usr/lib/node_modules/npm/node_modules/node-gyp/addon.gypi',
1621 error gyp info spawn args '-I',
1621 error gyp info spawn args '/data/data/com.termux/files/home/.cache/node-gyp/24.17.0/include/node/common.gypi',
1621 error gyp info spawn args '-Dlibrary=shared_library',
1621 error gyp info spawn args '-Dvisibility=default',
1621 error gyp info spawn args '-Dnode_root_dir=/data/data/com.termux/files/home/.cache/node-gyp/24.17.0',
1621 error gyp info spawn args '-Dnode_gyp_dir=/data/data/com.termux/files/usr/lib/node_modules/npm/node_modules/node-gyp',
1621 error gyp info spawn args '-Dnode_lib_file=/data/data/com.termux/files/home/.cache/node-gyp/24.17.0/<(target_arch)/node.lib',
1621 error gyp info spawn args '-Dmodule_root_dir=/data/data/com.termux/files/home/WhatsApp-nix-bot/node_modules/better-sqlite3',
1621 error gyp info spawn args '-Dnode_engine=v8',
1621 error gyp info spawn args '--depth=.',
1621 error gyp info spawn args '--no-parallel',
1621 error gyp info spawn args '--generator-output',
1621 error gyp info spawn args 'build',
1621 error gyp info spawn args '-Goutput_dir=.'
1621 error gyp info spawn args ]
1621 error gyp: Undefined variable android_ndk_path in binding.gyp while trying to load binding.gyp
1621 error gyp ERR! configure error 
1621 error gyp ERR! stack Error: `gyp` failed with exit code: 1
1621 error gyp ERR! stack at ChildProcess.<anonymous> (/data/data/com.termux/files/usr/lib/node_modules/npm/node_modules/node-gyp/lib/configure.js:317:18)
1621 error gyp ERR! stack at ChildProcess.emit (node:events:509:28)
1621 error gyp ERR! stack at ChildProcess._handle.onexit (node:internal/child_process:295:12)
1621 error gyp ERR! System Linux 6.6.118-android15-8-g0b9c3bf6db7f-ab14877662-4k
1621 error gyp ERR! command "/data/data/com.termux/files/usr/bin/node" "/data/data/com.termux/files/usr/lib/node_modules/npm/node_modules/node-gyp/bin/node-gyp.js" "rebuild" "--release"
1621 error gyp ERR! cwd /data/data/com.termux/files/home/WhatsApp-nix-bot/node_modules/better-sqlite3
1621 error gyp ERR! node -v v24.17.0
1621 error gyp ERR! node-gyp -v v12.4.0
1621 error gyp ERR! $npm_package_name better-sqlite3
1621 error gyp ERR! $npm_package_version 11.10.0
1621 error gyp ERR! not ok
1622 silly unfinished npm timer reify 1789777783210
1623 silly unfinished npm timer reify:build 1789777797474
1624 silly unfinished npm timer build 1789777797478
1625 silly unfinished npm timer build:deps 1789777797480
1626 silly unfinished npm timer build:run:install 1789777798195
1627 silly unfinished npm timer build:run:install:node_modules/better-sqlite3 1789777798195
1628 silly unfinished npm timer build:run:install:node_modules/canvas 1789777798266
1629 verbose cwd /data/data/com.termux/files/home/WhatsApp-nix-bot
1630 verbose os Linux 6.6.118-android15-8-g0b9c3bf6db7f-ab14877662-4k
1631 verbose node v24.17.0
1632 verbose npm  v11.17.0
1633 verbose exit 1
1634 verbose code 1
1635 error A complete log of this run can be found in: /data/data/com.termux/files/home/.npm/_logs/2026-09-19T00_29_41_191Z-debug-0.log
